start,duration,direction,throughput
0.377034,0.009472,0,7.86623
0.4873,0.027755,1,2.684407
0.662438,0.007899,1,9.432024
0.820146,0.007894,1,9.438218
0.909985,0.007917,1,9.410524
1.014865,0.007903,1,9.427709
1.121518,0.007901,1,9.430038
1.207213,0.007919,1,9.40885
1.298412,0.007903,1,9.4279
1.386382,0.007894,1,9.438755
1.478837,0.007901,1,9.430116
1.551668,0.007896,1,9.435617
1.648792,0.008215,1,9.069501
