start,duration,direction,throughput
0.367471,0.00859,0,7.588917
0.455265,0.027129,1,2.403083
0.603001,0.008534,1,7.639458
0.742333,0.008743,1,7.456562
0.822656,0.008795,1,7.412718
0.916441,0.008767,1,7.436475
1.011729,0.008763,1,7.439489
1.08899,0.008571,1,7.606399
1.170755,0.008606,1,7.575202
1.249093,0.008563,1,7.61305
1.328313,0.008511,1,7.660024
1.393427,0.008643,1,7.542948
1.479324,0.008639,1,7.546161
