start,duration,direction,throughput
0.361563,0.005923,0,7.862444
0.423459,0.018035,1,2.581949
0.52732,0.005,1,9.312692
0.626933,0.005042,1,9.235619
0.684043,0.00501,1,9.295143
0.750487,0.005087,1,9.154395
0.818633,0.005028,1,9.260775
0.873092,0.005033,1,9.252649
0.931275,0.005,1,9.312394
0.986995,0.00501,1,9.293837
1.045629,0.005007,1,9.299955
1.09188,0.005016,1,9.284409
1.152715,0.005032,1,9.254767
