start,duration,direction,throughput
0.355246,0.004673,0,7.971173
0.404576,0.014083,1,2.645326
0.487733,0.00391,1,9.528635
0.567481,0.003909,1,9.530507
0.612422,0.003931,1,9.477822
0.665278,0.00391,1,9.526997
0.718473,0.003916,1,9.513295
0.761178,0.003914,1,9.518042
0.806669,0.003914,1,9.516719
0.850553,0.003917,1,9.50972
0.894379,0.003915,1,9.514306
0.930887,0.003915,1,9.515319
0.979166,0.00391,1,9.528013
