start,duration,direction,throughput
0.333327,0.001991,0,9.357444
0.357556,0.006762,1,2.75475
0.399137,0.001999,1,9.316561
0.440422,0.002003,1,9.298548
0.462797,0.002008,1,9.276616
0.489371,0.002,1,9.311936
0.516122,0.002005,1,9.291423
0.537565,0.002004,1,9.294687
0.560332,0.001999,1,9.319391
0.582214,0.001999,1,9.317004
0.603768,0.002028,1,9.182513
0.622074,0.002006,1,9.285346
0.646228,0.002005,1,9.290385
