start,duration,direction,throughput
0.335159,0.001003,0,9.285954
0.347584,0.003701,1,2.516288
0.369572,0.001073,1,8.676365
0.39111,0.001076,1,8.65907
0.402634,0.00108,1,8.624429
0.416142,0.001075,1,8.666806
0.429861,0.00108,1,8.621618
0.44074,0.001081,1,8.614218
0.452362,0.00108,1,8.622129
0.463578,0.001081,1,8.617789
0.475188,0.00108,1,8.625707
0.484542,0.001082,1,8.603777
0.496817,0.001081,1,8.611669
