start,duration,direction,throughput
0.389878,0.010841,0,8.590899
0.514931,0.031143,1,2.990446
0.718378,0.009727,1,9.574358
0.915048,0.009765,1,9.537616
1.028551,0.00992,1,9.388547
1.160896,0.009924,1,9.384824
1.295307,0.009952,1,9.358058
1.403792,0.009954,1,9.356643
1.519597,0.00992,1,9.388003
1.630992,0.010176,1,9.151718
1.746148,0.009975,1,9.336982
1.838743,0.009914,1,9.394427
1.960148,0.009924,1,9.384703
