start,duration,direction,throughput
0.347796,0.003064,0,9.117994
0.384308,0.010517,1,2.656537
0.446927,0.003027,1,9.231368
0.507441,0.003019,1,9.25603
0.541114,0.003117,1,8.96345
0.580897,0.003017,1,9.25976
0.621201,0.003044,1,9.179056
0.653705,0.003022,1,9.246815
0.688173,0.003031,1,9.219087
0.721055,0.003028,1,9.228051
0.754639,0.003037,1,9.200047
0.782081,0.003031,1,9.218405
0.81827,0.003026,1,9.23254
