start,duration,direction,throughput
0.428099,0.019288,0,7.725481
0.63565,0.054771,1,2.720629
0.970415,0.01558,1,9.564028
1.288804,0.015551,1,9.582292
1.467179,0.015551,1,9.582311
1.677523,0.015754,1,9.458695
1.889107,0.015568,1,9.571734
2.060037,0.015549,1,9.583495
2.242573,0.015545,1,9.585803
2.417555,0.015546,1,9.585468
2.59381,0.015552,1,9.581365
2.739085,0.015551,1,9.582371
2.932274,0.015549,1,9.583061
