start,duration,direction,throughput
0.31931,0.00992,0,6.300246
0.329253,4e-06,0,4.219798
0.329277,4e-06,0,4.219798
0.329295,4e-06,0,4.040993
0.337775,3e-06,1,4.497138
