start,duration,direction,throughput
0.319407,0.040483,0,6.175494
0.359916,6e-06,0,4.768372
0.359951,6e-06,0,4.792333
0.359977,6e-06,0,4.792333
0.385334,5e-06,1,6.074359
