start,duration,threads_x,threads_y,threads_z
0.348198,0.011408,7168.0,1.0,1.0
0.35961,0.003809,7168.0,1.0,1.0
