start,duration,threads_x,threads_y,threads_z
0.360031,0.02075,8192.0,1.0,1.0
0.380784,0.004545,8192.0,1.0,1.0
