start,duration,threads_x,threads_y,threads_z
0.334032,0.002068,2048.0,1.0,1.0
0.336103,0.000957,2048.0,1.0,1.0
