start,duration,H2D,D2H,D2D,Throughput
0.306896,0.041262,1,0,0,7.668143
0.348185,7e-06,1,0,0,4.854677
0.348219,7e-06,1,0,0,4.854677
0.348247,7e-06,1,0,0,4.876051
0.348296,0.02745,0,0,0,0
0.37575,0.005279,0,0,0,0
0.381035,6e-06,0,1,0,6.237695
