start,duration,H2D,D2H,D2D,Throughput
0.31931,0.00992,1,0,0,6.300246
0.329253,4e-06,1,0,0,4.219798
0.329277,4e-06,1,0,0,4.219798
0.329295,4e-06,1,0,0,4.040993
0.329345,0.006438,0,0,0,0
0.335787,0.001978,0,0,0,0
0.337775,3e-06,0,1,0,4.497138
