start,duration,threads_x,threads_y,threads_z
0.331086,0.001028,1024.0,1.0,1.0
0.332117,0.000479,1024.0,1.0,1.0
