start,duration,direction,throughput
0.331341,0.019018,0,7.394447
0.350386,5e-06,0,4.584973
0.350416,5e-06,0,4.555769
0.35044,5e-06,0,4.584973
0.364342,4e-06,1,5.259233
