start,duration,direction,throughput
0.306896,0.041262,0,7.668143
0.348185,7e-06,0,4.854677
0.348219,7e-06,0,4.854677
0.348247,7e-06,0,4.876051
0.381035,6e-06,1,6.237695
