start,duration,threads_x,threads_y,threads_z
0.368856,0.030936,10240.0,1.0,1.0
0.399796,0.006082,10240.0,1.0,1.0
