start,duration,H2D,D2H,D2D,Throughput
0.331472,0.002472,1,0,0,6.320389
0.33396,2e-06,1,0,0,3.40598
0.333977,2e-06,1,0,0,3.40598
0.333991,2e-06,1,0,0,3.40598
0.334032,0.002068,0,0,0,0
0.336103,0.000957,0,0,0,0
0.337066,3e-06,0,1,0,2.907544
