start,duration,H2D,D2H,D2D,Throughput
0.318244,0.015339,1,0,0,6.366708
0.333608,4e-06,1,0,0,4.415159
0.333635,4e-06,1,0,0,4.415159
0.333655,4e-06,1,0,0,4.415159
0.333706,0.008083,0,0,0,0
0.341792,0.002554,0,0,0,0
0.344351,4e-06,0,1,0,5.051241
