start,duration,direction,throughput
0.318244,0.015339,0,6.366708
0.333608,4e-06,0,4.415159
0.333635,4e-06,0,4.415159
0.333655,4e-06,0,4.415159
0.344351,4e-06,1,5.051241
