start,duration,direction,throughput
0.330481,0.000533,0,7.327067
0.331028,2e-06,0,2.432843
0.331038,2e-06,0,2.432843
0.331049,2e-06,0,2.384186
0.3326,2e-06,1,1.679004
