start,duration,threads_x,threads_y,threads_z
0.31351,0.003221,3072.0,1.0,1.0
0.316734,0.001464,3072.0,1.0,1.0
