start,duration,direction,throughput
0.30876,0.004656,0,7.5506
0.313434,3e-06,0,3.887259
0.313453,3e-06,0,3.887259
0.313469,3e-06,0,3.929977
0.318206,3e-06,1,3.54087
