start,duration,direction,throughput
0.320791,0.02728,0,7.016303
0.348095,6e-06,0,4.714492
0.348127,6e-06,0,4.714492
0.34815,6e-06,0,4.688006
0.363423,5e-06,1,5.83542
