start,duration,direction,throughput
0.315224,0.053492,0,7.302549
0.368744,8e-06,0,4.946444
0.36878,8e-06,0,4.946444
0.368809,8e-06,0,4.946444
0.40588,6e-06,1,6.622738
