start,duration,H2D,D2H,D2D,Throughput
0.320791,0.02728,1,0,0,7.016303
0.348095,6e-06,1,0,0,4.714492
0.348127,6e-06,1,0,0,4.714492
0.34815,6e-06,1,0,0,4.688006
0.348198,0.011408,0,0,0,0
0.35961,0.003809,0,0,0,0
0.363423,5e-06,0,1,0,5.83542
