start,duration,threads_x,threads_y,threads_z
0.333706,0.008083,5120.0,1.0,1.0
0.341792,0.002554,5120.0,1.0,1.0
