start,duration,threads_x,threads_y,threads_z
0.350492,0.010656,6144.0,1.0,1.0
0.361151,0.003185,6144.0,1.0,1.0
