start,duration,direction,throughput
0.331472,0.002472,0,6.320389
0.33396,2e-06,0,3.40598
0.333977,2e-06,0,3.40598
0.333991,2e-06,0,3.40598
0.337066,3e-06,1,2.907544
