start,duration,H2D,D2H,D2D,Throughput
0.331341,0.019018,1,0,0,7.394447
0.350386,5e-06,1,0,0,4.584973
0.350416,5e-06,1,0,0,4.555769
0.35044,5e-06,1,0,0,4.584973
0.350492,0.010656,0,0,0,0
0.361151,0.003185,0,0,0,0
0.364342,4e-06,0,1,0,5.259233
