start,duration,H2D,D2H,D2D,Throughput
0.315224,0.053492,1,0,0,7.302549
0.368744,8e-06,1,0,0,4.946444
0.36878,8e-06,1,0,0,4.946444
0.368809,8e-06,1,0,0,4.946444
0.368856,0.030936,0,0,0,0
0.399796,0.006082,0,0,0,0
0.40588,6e-06,0,1,0,6.622738
