start,duration,threads_x,threads_y,threads_z
0.329345,0.006438,4096.0,1.0,1.0
0.335787,0.001978,4096.0,1.0,1.0
