start,duration,threads_x,threads_y,threads_z
0.348296,0.02745,9216.0,1.0,1.0
0.37575,0.005279,9216.0,1.0,1.0
