start,duration,H2D,D2H,D2D,Throughput
0.330481,0.000533,1,0,0,7.327067
0.331028,2e-06,1,0,0,2.432843
0.331038,2e-06,1,0,0,2.432843
0.331049,2e-06,1,0,0,2.384186
0.331086,0.001028,0,0,0,0
0.332117,0.000479,0,0,0,0
0.3326,2e-06,0,1,0,1.679004
