start,duration,threads_x,threads_y,threads_z
2.659871,0.000561,1536000.0,1.0,1.0
2.670051,0.000645,2560000.0,1.0,1.0
