start,duration,threads_x,threads_y,threads_z
2.62161,0.000561,1536000.0,1.0,1.0
2.630972,0.000644,2560000.0,1.0,1.0
