start,duration,threads_x,threads_y,threads_z
2.640698,0.000563,1536000.0,1.0,1.0
2.650411,0.000646,2560000.0,1.0,1.0
