start,duration,threads_x,threads_y,threads_z
3.68012,0.000563,1536000.0,1.0,1.0
3.690888,0.000647,2560000.0,1.0,1.0
