start,duration,threads_x,threads_y,threads_z
3.306482,0.000562,1536000.0,1.0,1.0
3.31692,0.000647,2560000.0,1.0,1.0
