start,duration,threads_x,threads_y,threads_z
2.54963,0.000561,1536000.0,1.0,1.0
2.558884,0.000645,2560000.0,1.0,1.0
