start,duration,threads_x,threads_y,threads_z
1.758784,0.000559,1536000.0,1.0,1.0
1.767073,0.000642,2560000.0,1.0,1.0
