start,duration,threads_x,threads_y,threads_z
1.727766,0.000561,1536000.0,1.0,1.0
1.735838,0.000644,2560000.0,1.0,1.0
