start,duration,threads_x,threads_y,threads_z
1.62446,0.000561,1536000.0,1.0,1.0
1.632751,0.000646,2560000.0,1.0,1.0
