start,duration,threads_x,threads_y,threads_z
3.681901,0.000566,1536000.0,1.0,1.0
3.693438,0.000651,2560000.0,1.0,1.0
