start,duration,H2D,D2H,D2D,Throughput
0.352784,0.000289,1,0,0,7.726613
0.353206,0.004934,1,0,0,7.701352
0.358153,0.001382,0,0,0,0
0.359542,0.000771,0,1,0,2.900082
0.362728,2e-06,1,0,0,0.039581
0.362867,0.004988,1,0,0,7.617706
0.367989,0.005013,1,0,0,7.579246
0.373076,0.003138,0,0,0,0
0.376249,0.00024,0,1,0,9.314367
0.376586,0.00413,0,1,0,9.199855
