start,duration,H2D,D2H,D2D,Throughput
0.346365,0.000131,1,0,0,9.131615
0.346627,0.002614,1,0,0,7.800283
0.349249,0.000744,0,0,0,0
0.349999,0.000127,0,1,0,9.434972
0.351641,2e-06,1,0,0,0.039581
0.351778,0.002654,1,0,0,7.68227
0.354564,0.002618,1,0,0,7.787795
0.357244,0.001685,0,0,0,0
0.358959,0.000128,0,1,0,9.40659
0.359177,0.002178,0,1,0,9.363093
