start,duration,direction,throughput
0.352784,0.000289,0,7.726613
0.353206,0.004934,0,7.701352
0.359542,0.000771,1,2.900082
0.362728,2e-06,0,0.039581
0.362867,0.004988,0,7.617706
0.367989,0.005013,0,7.579246
0.376249,0.00024,1,9.314367
0.376586,0.00413,1,9.199855
