start,duration,direction,throughput
0.348603,0.000235,0,7.932275
0.348969,0.004126,0,7.67404
0.354255,0.000194,1,9.579832
0.35693,2e-06,0,0.039581
0.357068,0.004141,0,7.647587
0.361343,0.00417,0,7.592954
0.368237,0.000194,1,9.592482
0.368518,0.003494,1,9.062462
