start,duration,H2D,D2H,D2D,Throughput
0.362086,0.000384,1,0,0,7.335837
0.362601,0.006314,1,0,0,7.575924
0.368923,0.001738,0,0,0,0
0.370666,0.001021,0,1,0,2.755704
0.374096,2e-06,1,0,0,0.039581
0.374234,0.0064,1,0,0,7.474968
0.380771,0.006338,1,0,0,7.548191
0.387186,0.003949,0,0,0,0
0.391172,0.000293,0,1,0,9.608249
0.39155,0.005133,0,1,0,9.32028
