start,duration,direction,throughput
0.331005,5.9e-05,0,8.297252
0.331195,0.00109,0,7.618592
0.332615,5.4e-05,1,9.028702
0.333425,2e-06,0,0.038059
0.333558,0.001117,0,7.429405
0.33478,0.001049,0,7.911602
0.336573,5.2e-05,1,9.448056
0.336704,0.001162,1,7.141224
