start,duration,direction,throughput
0.348466,0.000277,0,8.804727
0.348864,0.004922,0,8.432751
0.35531,0.000748,1,3.264711
0.358563,2e-06,0,0.039581
0.358687,0.004805,0,8.638375
0.363612,0.004864,0,8.532501
0.37201,0.000255,1,9.579754
0.372363,0.004376,1,9.484543
