start,duration,threads_x,threads_y,threads_z
0.349249,0.000744,16.0,322000.0,1.0
0.357244,0.001685,16.0,322000.0,1.0
