start,duration,H2D,D2H,D2D,Throughput
0.349265,0.000161,1,0,0,9.230063
0.349556,0.003268,1,0,0,7.751527
0.352832,0.00092,0,0,0,0
0.353757,0.000157,0,1,0,9.520657
0.355892,2e-06,1,0,0,0.037341
0.356052,0.003331,1,0,0,7.605853
0.359512,0.003319,1,0,0,7.632693
0.362902,0.002093,0,0,0,0
0.365026,0.000156,0,1,0,9.569595
0.365276,0.002799,0,1,0,9.049328
