start,duration,threads_x,threads_y,threads_z
0.358153,0.001382,16.0,600000.0,1.0
0.373076,0.003138,16.0,600000.0,1.0
