start,duration,threads_x,threads_y,threads_z
0.368923,0.001738,16.0,755360.0,1.0
0.387186,0.003949,16.0,755360.0,1.0
