start,duration,H2D,D2H,D2D,Throughput
0.352511,0.00026,1,0,0,7.510098
0.352901,0.004335,1,0,0,7.658888
0.357245,0.001207,0,0,0,0
0.358458,0.000206,0,1,0,9.473004
0.361316,2e-06,1,0,0,0.039581
0.361455,0.00434,1,0,0,7.650247
0.365924,0.004361,1,0,0,7.612976
0.370358,0.002742,0,0,0,0
0.373133,0.000209,0,1,0,9.343951
0.373443,0.003652,0,1,0,9.092875
