start,duration,direction,throughput
0.349265,0.000161,0,9.230063
0.349556,0.003268,0,7.751527
0.353757,0.000157,1,9.520657
0.355892,2e-06,0,0.037341
0.356052,0.003331,0,7.605853
0.359512,0.003319,0,7.632693
0.365026,0.000156,1,9.569595
0.365276,0.002799,1,9.049328
