start,duration,threads_x,threads_y,threads_z
0.357245,0.001207,16.0,524288.0,1.0
0.370358,0.002742,16.0,524288.0,1.0
