start,duration,threads_x,threads_y,threads_z
0.361913,0.00184,16.0,800000.0,1.0
0.380036,0.004182,16.0,800000.0,1.0
