start,duration,threads_x,threads_y,threads_z
0.353105,0.001149,16.0,500000.0,1.0
0.365588,0.002616,16.0,500000.0,1.0
