start,duration,threads_x,threads_y,threads_z
0.352832,0.00092,16.0,400000.0,1.0
0.362902,0.002093,16.0,400000.0,1.0
