start,duration,direction,throughput
0.341583,0.000107,0,9.115031
0.341821,0.002131,0,7.791217
0.344571,0.000101,1,9.648111
0.345928,2e-06,0,0.038805
0.346064,0.002175,0,7.633812
0.348361,0.002062,0,8.052178
0.351881,0.000103,1,9.456895
0.352071,0.001762,1,9.422163
