start,duration,threads_x,threads_y,threads_z
0.343959,0.000605,16.0,262144.0,1.0
0.350483,0.001372,16.0,262144.0,1.0
