start,duration,direction,throughput
0.362086,0.000384,0,7.335837
0.362601,0.006314,0,7.575924
0.370666,0.001021,1,2.755704
0.374096,2e-06,0,0.039581
0.374234,0.0064,0,7.474968
0.380771,0.006338,0,7.548191
0.391172,0.000293,1,9.608249
0.39155,0.005133,1,9.32028
