start,duration,H2D,D2H,D2D,Throughput
0.331005,5.9e-05,1,0,0,8.297252
0.331195,0.00109,1,0,0,7.618592
0.332302,0.000305,0,0,0,0
0.332615,5.4e-05,0,1,0,9.028702
0.333425,2e-06,1,0,0,0.038059
0.333558,0.001117,1,0,0,7.429405
0.33478,0.001049,1,0,0,7.911602
0.335864,0.000687,0,0,0,0
0.336573,5.2e-05,0,1,0,9.448056
0.336704,0.001162,0,1,0,7.141224
