start,duration,threads_x,threads_y,threads_z
0.353793,0.001509,16.0,655360.0,1.0
0.368552,0.003427,16.0,655360.0,1.0
