start,duration,H2D,D2H,D2D,Throughput
0.348603,0.000235,1,0,0,7.932275
0.348969,0.004126,1,0,0,7.67404
0.353105,0.001149,0,0,0,0
0.354255,0.000194,0,1,0,9.579832
0.35693,2e-06,1,0,0,0.039581
0.357068,0.004141,1,0,0,7.647587
0.361343,0.00417,1,0,0,7.592954
0.365588,0.002616,0,0,0,0
0.368237,0.000194,0,1,0,9.592482
0.368518,0.003494,0,1,0,9.062462
