start,duration,H2D,D2H,D2D,Throughput
0.355083,0.000349,1,0,0,8.545725
0.355556,0.006348,1,0,0,7.980571
0.361913,0.00184,0,0,0,0
0.363757,0.001221,0,1,0,2.440483
0.3672,2e-06,1,0,0,0.040389
0.367332,0.006266,1,0,0,8.08618
0.373722,0.006242,1,0,0,8.115985
0.380036,0.004182,0,0,0,0
0.384255,0.000315,0,1,0,9.470357
0.384653,0.005324,0,1,0,9.515598
