start,duration,direction,throughput
0.355083,0.000349,0,8.545725
0.355556,0.006348,0,7.980571
0.363757,0.001221,1,2.440483
0.3672,2e-06,0,0.040389
0.367332,0.006266,0,8.08618
0.373722,0.006242,0,8.115985
0.384255,0.000315,1,9.470357
0.384653,0.005324,1,9.515598
