start,duration,H2D,D2H,D2D,Throughput
0.348466,0.000277,1,0,0,8.804727
0.348864,0.004922,1,0,0,8.432751
0.353793,0.001509,0,0,0,0
0.35531,0.000748,0,1,0,3.264711
0.358563,2e-06,1,0,0,0.039581
0.358687,0.004805,1,0,0,8.638375
0.363612,0.004864,1,0,0,8.532501
0.368552,0.003427,0,0,0,0
0.37201,0.000255,0,1,0,9.579754
0.372363,0.004376,0,1,0,9.484543
