start,duration,direction,throughput
0.352511,0.00026,0,7.510098
0.352901,0.004335,0,7.658888
0.358458,0.000206,1,9.473004
0.361316,2e-06,0,0.039581
0.361455,0.00434,0,7.650247
0.365924,0.004361,0,7.612976
0.373133,0.000209,1,9.343951
0.373443,0.003652,1,9.092875
