start,duration,threads_x,threads_y,threads_z
0.332302,0.000305,16.0,131072.0,1.0
0.335864,0.000687,16.0,131072.0,1.0
