start,duration,direction,throughput
0.320907,0.051441,0,7.593696
0.372423,8e-06,0,4.749374
0.372464,8e-06,0,4.946444
0.372493,8e-06,0,4.925368
0.372527,8e-06,0,4.926004
0.409014,6e-06,1,6.208817
0.409063,6e-06,1,6.478766
