start,duration,direction,throughput
0.318555,0.009775,0,6.393693
0.328353,4e-06,0,4.182782
0.328378,4e-06,0,4.219798
0.328394,4e-06,0,4.219798
0.32841,4e-06,0,4.219798
0.336923,4e-06,1,4.219798
0.336954,3e-06,1,4.415159
