start,duration,direction,throughput
0.317092,0.004541,0,7.741988
0.321651,3e-06,0,3.887259
0.32167,3e-06,0,3.887259
0.321684,3e-06,0,3.929977
0.321698,3e-06,0,3.887259
0.326486,3e-06,1,3.437697
0.326514,3e-06,1,3.576279
