start,duration,H2D,D2H,D2D,Throughput
0.318212,0.015224,1,0,0,6.414711
0.333459,4e-06,1,0,0,4.448108
0.333488,5e-06,1,0,0,4.22728
0.333506,4e-06,1,0,0,4.415159
0.333525,4e-06,1,0,0,4.415159
0.333579,0.002557,0,0,0,0
0.336168,0.008052,0,0,0,0
0.344248,4e-06,0,1,0,4.693279
0.344282,4e-06,0,1,0,4.967054
