start,duration,H2D,D2H,D2D,Throughput
0.320907,0.051441,1,0,0,7.593696
0.372423,8e-06,1,0,0,4.749374
0.372464,8e-06,1,0,0,4.946444
0.372493,8e-06,1,0,0,4.925368
0.372527,8e-06,1,0,0,4.926004
0.372582,0.006086,0,0,0,0
0.3787,0.030286,0,0,0,0
0.409014,6e-06,0,1,0,6.208817
0.409063,6e-06,0,1,0,6.478766
