start,duration,threads_x,threads_y,threads_z
0.333579,0.002557,5120.0,1.0,1.0
0.336168,0.008052,5120.0,1.0,1.0
