start,duration,direction,throughput
0.318212,0.015224,0,6.414711
0.333459,4e-06,0,4.448108
0.333488,5e-06,0,4.22728
0.333506,4e-06,0,4.415159
0.333525,4e-06,0,4.415159
0.344248,4e-06,1,4.693279
0.344282,4e-06,1,4.967054
