start,duration,H2D,D2H,D2D,Throughput
0.310944,0.032982,1,0,0,7.579788
0.343953,6e-06,1,0,0,4.791581
0.343987,6e-06,1,0,0,4.792333
0.344009,6e-06,1,0,0,4.792333
0.344035,6e-06,1,0,0,4.768372
0.344084,0.004537,0,0,0,0
0.348654,0.02061,0,0,0,0
0.36929,5e-06,0,1,0,5.779844
0.369333,5e-06,0,1,0,6.113297
