start,duration,threads_x,threads_y,threads_z
0.325481,0.001963,4096.0,1.0,1.0
0.327474,0.006372,4096.0,1.0,1.0
