start,duration,threads_x,threads_y,threads_z
0.325693,0.000477,1024.0,1.0,1.0
0.326193,0.001015,1024.0,1.0,1.0
