start,duration,threads_x,threads_y,threads_z
0.344084,0.004537,8192.0,1.0,1.0
0.348654,0.02061,8192.0,1.0,1.0
