start,duration,H2D,D2H,D2D,Throughput
0.318555,0.009775,1,0,0,6.393693
0.328353,4e-06,1,0,0,4.182782
0.328378,4e-06,1,0,0,4.219798
0.328394,4e-06,1,0,0,4.219798
0.32841,4e-06,1,0,0,4.219798
0.328463,0.001975,0,0,0,0
0.33047,0.006426,0,0,0,0
0.336923,4e-06,0,1,0,4.219798
0.336954,3e-06,0,1,0,4.415159
