start,duration,direction,throughput
0.325138,0.000474,0,8.243416
0.325625,2e-06,0,2.483527
0.325636,2e-06,0,2.483527
0.325646,2e-06,0,2.483527
0.325656,2e-06,0,2.432843
0.327234,2e-06,1,1.70299
0.32725,2e-06,1,1.806201
