start,duration,threads_x,threads_y,threads_z
0.349541,0.003807,7168.0,1.0,1.0
0.35338,0.011349,7168.0,1.0,1.0
