start,duration,direction,throughput
0.321428,0.002485,0,6.287916
0.323927,2e-06,0,3.40598
0.323941,2e-06,0,3.40598
0.323953,2e-06,0,3.40598
0.323965,2e-06,0,3.358008
0.327053,3e-06,1,2.619984
0.327075,3e-06,1,2.942304
