start,duration,threads_x,threads_y,threads_z
0.352771,0.005264,9216.0,1.0,1.0
0.358065,0.027185,9216.0,1.0,1.0
