start,duration,H2D,D2H,D2D,Throughput
0.313054,0.019439,1,0,0,7.234047
0.332517,5e-06,1,0,0,4.614553
0.332545,5e-06,1,0,0,4.614553
0.332563,5e-06,1,0,0,4.584973
0.332584,5e-06,1,0,0,4.584973
0.332632,0.003197,0,0,0,0
0.335862,0.010556,0,0,0,0
0.346446,4e-06,0,1,0,5.259233
0.346482,4e-06,0,1,0,5.501967
