start,duration,direction,throughput
0.317572,0.007788,0,8.025635
0.325382,4e-06,0,4.219798
0.325404,4e-06,0,4.219798
0.325419,4e-06,0,4.219798
0.325436,4e-06,0,4.219798
0.333873,4e-06,1,4.182782
0.333904,3e-06,1,4.498464
