start,duration,direction,throughput
0.321446,0.027948,0,6.848698
0.349418,6e-06,0,4.713659
0.349448,6e-06,0,4.714492
0.34947,6e-06,0,4.714492
0.349493,6e-06,0,4.713659
0.364759,5e-06,1,5.489901
0.3648,5e-06,1,5.834145
