start,duration,threads_x,threads_y,threads_z
0.324007,0.000963,2048.0,1.0,1.0
0.324993,0.002037,2048.0,1.0,1.0
