start,duration,H2D,D2H,D2D,Throughput
0.325138,0.000474,1,0,0,8.243416
0.325625,2e-06,1,0,0,2.483527
0.325636,2e-06,1,0,0,2.483527
0.325646,2e-06,1,0,0,2.483527
0.325656,2e-06,1,0,0,2.432843
0.325693,0.000477,0,0,0,0
0.326193,0.001015,0,0,0,0
0.327234,2e-06,0,1,0,1.70299
0.32725,2e-06,0,1,0,1.806201
