start,duration,threads_x,threads_y,threads_z
0.328463,0.001975,4096.0,1.0,1.0
0.33047,0.006426,4096.0,1.0,1.0
