start,duration,H2D,D2H,D2D,Throughput
0.321446,0.027948,1,0,0,6.848698
0.349418,6e-06,1,0,0,4.713659
0.349448,6e-06,1,0,0,4.714492
0.34947,6e-06,1,0,0,4.714492
0.349493,6e-06,1,0,0,4.713659
0.349541,0.003807,0,0,0,0
0.35338,0.011349,0,0,0,0
0.364759,5e-06,0,1,0,5.489901
0.3648,5e-06,0,1,0,5.834145
