start,duration,threads_x,threads_y,threads_z
0.321736,0.001467,3072.0,1.0,1.0
0.323229,0.003234,3072.0,1.0,1.0
