start,duration,H2D,D2H,D2D,Throughput
0.311034,0.041573,1,0,0,7.610821
0.352634,7e-06,1,0,0,4.854677
0.35267,7e-06,1,0,0,4.854677
0.352694,7e-06,1,0,0,4.854677
0.352721,7e-06,1,0,0,4.876744
0.352771,0.005264,0,0,0,0
0.358065,0.027185,0,0,0,0
0.385276,6e-06,0,1,0,6.061489
0.385322,5e-06,0,1,0,6.424453
