start,duration,threads_x,threads_y,threads_z
0.332632,0.003197,6144.0,1.0,1.0
0.335862,0.010556,6144.0,1.0,1.0
