start,duration,H2D,D2H,D2D,Throughput
0.317092,0.004541,1,0,0,7.741988
0.321651,3e-06,1,0,0,3.887259
0.32167,3e-06,1,0,0,3.887259
0.321684,3e-06,1,0,0,3.929977
0.321698,3e-06,1,0,0,3.887259
0.321736,0.001467,0,0,0,0
0.323229,0.003234,0,0,0,0
0.326486,3e-06,0,1,0,3.437697
0.326514,3e-06,0,1,0,3.576279
