start,duration,threads_x,threads_y,threads_z
0.372582,0.006086,10240.0,1.0,1.0
0.3787,0.030286,10240.0,1.0,1.0
