start,duration,H2D,D2H,D2D,Throughput
0.328884,1.2e-05,1,0,0,5.034176
0.328921,0.021806,0,0,0,0
0.350735,3e-06,0,1,0,4.434869
