start,duration,direction,throughput
0.337316,5e-06,0,4.565307
0.345433,2e-06,1,2.494614
