start,duration,H2D,D2H,D2D,Throughput
0.337316,5e-06,1,0,0,4.565307
0.337352,0.008075,0,0,0,0
0.345433,2e-06,0,1,0,2.494614
