start,duration,H2D,D2H,D2D,Throughput
0.326915,8e-06,1,0,0,4.912039
0.326951,0.014042,0,0,0,0
0.341001,2e-06,0,1,0,3.326152
