start,duration,H2D,D2H,D2D,Throughput
0.323288,4e-06,1,0,0,4.415159
0.323322,0.007473,0,0,0,0
0.330804,2e-06,0,1,0,2.055333
