start,duration,direction,throughput
0.325168,4e-06,0,4.409671
0.332501,2e-06,1,2.00608
