start,duration,direction,throughput
0.320121,9e-06,0,5.007111
0.33628,2e-06,1,3.72529
