start,duration,direction,throughput
0.323288,4e-06,0,4.415159
0.330804,2e-06,1,2.055333
