start,duration,direction,throughput
0.324701,1.1e-05,0,5.094414
0.345244,3e-06,1,4.158464
