start,duration,H2D,D2H,D2D,Throughput
0.322255,8e-06,1,0,0,4.926004
0.322291,0.013951,0,0,0,0
0.336251,2e-06,0,1,0,3.612403
