start,duration,H2D,D2H,D2D,Throughput
0.328905,1.1e-05,1,0,0,5.105935
0.328941,0.020277,0,0,0,0
0.349222,3e-06,0,1,0,4.311679
