start,duration,direction,throughput
0.328884,1.2e-05,0,5.034176
0.350735,3e-06,1,4.434869
