start,duration,direction,throughput
0.328905,1.1e-05,0,5.105935
0.349222,3e-06,1,4.311679
