start,duration,direction,throughput
0.322255,8e-06,0,4.926004
0.336251,2e-06,1,3.612403
