start,duration,direction,throughput
0.325393,9e-06,0,5.017902
0.342553,2e-06,1,3.829451
