start,duration,H2D,D2H,D2D,Throughput
0.324701,1.1e-05,1,0,0,5.094414
0.324735,0.020498,0,0,0,0
0.345244,3e-06,0,1,0,4.158464
