start,duration,H2D,D2H,D2D,Throughput
0.320121,9e-06,1,0,0,5.007111
0.320156,0.016121,0,0,0,0
0.33628,2e-06,0,1,0,3.72529
