start,duration,H2D,D2H,D2D,Throughput
0.325168,4e-06,1,0,0,4.409671
0.325205,0.007287,0,0,0,0
0.332501,2e-06,0,1,0,2.00608
