start,duration,H2D,D2H,D2D,Throughput
0.325393,9e-06,1,0,0,5.017902
0.325427,0.017118,0,0,0,0
0.342553,2e-06,0,1,0,3.829451
