start,duration,direction,throughput
0.326915,8e-06,0,4.912039
0.341001,2e-06,1,3.326152
