start,duration,direction,throughput
0.523303,0.001941,0,7.676757
0.525373,0.001853,0,8.042848
0.527354,0.002017,0,7.387979
0.72672,0.006061,1,2.458524
0.732955,0.005573,1,2.67373
