start,duration,direction,throughput
0.515167,0.002051,0,7.264423
0.517351,0.002119,0,7.033455
0.51959,0.001996,0,7.463881
0.70849,0.006486,1,2.297509
0.715779,0.006443,1,2.312915
