start,duration,direction,throughput
0.508985,0.001903,0,7.831163
0.511019,0.002002,0,7.441695
0.51315,0.001932,0,7.712357
0.690886,0.005819,1,2.56072
0.697482,0.005781,1,2.577802
