start,duration,direction,throughput
0.466199,0.001666,0,8.944784
0.467983,0.00174,0,8.56333
0.469846,0.001842,0,8.09078
0.614988,0.005464,1,2.727189
0.620954,0.005672,1,2.627044
