start,duration,direction,throughput
0.489594,0.00191,0,7.799928
0.491635,0.001765,0,8.440992
0.493529,0.00192,0,7.759377
0.649656,0.005905,1,2.523468
0.65571,0.005543,1,2.688248
