start,duration,direction,throughput
0.551907,0.001837,0,8.111078
0.553873,0.001931,0,7.716711
0.555938,0.001928,0,7.730799
0.776796,0.00593,1,2.512841
0.782937,0.005537,1,2.691209
