start,duration,direction,throughput
0.457815,0.001759,0,8.473415
0.4597,0.001853,0,8.041871
0.461679,0.001751,0,8.511515
0.595987,0.005511,1,2.704051
0.601956,0.005796,1,2.571097
