start,duration,direction,throughput
0.443743,0.001674,0,8.9022
0.445536,0.00176,0,8.466939
0.447413,0.00165,0,9.02907
0.570965,0.005486,1,2.716242
0.577003,0.005937,1,2.509924
