start,duration,direction,throughput
0.520186,0.001846,0,8.07283
0.52216,0.001836,0,8.117295
0.524122,0.001962,0,7.594876
0.734178,0.005815,1,2.562398
0.740135,0.005421,1,2.748649
