start,duration,direction,throughput
0.438365,0.001833,0,8.130755
0.440323,0.001667,0,8.938266
0.442117,0.001809,0,8.239377
0.555176,0.005721,1,2.604416
0.561139,0.005352,1,2.784445
