start,duration,direction,throughput
0.492515,0.001784,0,8.351372
0.494435,0.001876,0,7.944583
0.496443,0.00199,0,7.489078
0.6634,0.00546,1,2.729358
0.669371,0.005714,1,2.607664
