start,duration,threads_x,threads_y,threads_z
0.328475,0.000201,2048.0,1.0,1.0
0.328679,0.087213,1.0,1.0,1.0
