start,duration,H2D,D2H,D2D,Throughput
0.368761,0.000323,1,0,0,9.293255
0.369184,3e-06,0,0,0,0
0.369219,0.001021,0,0,0,0
0.370243,0.364255,0,0,0,0
0.734503,2e-06,0,1,0,0.001878
