start,duration,threads_x,threads_y,threads_z
0.369219,0.001021,2048.0,1.0,1.0
0.370243,0.364255,1.0,1.0,1.0
