start,duration,direction,throughput
0.335506,0.000115,0,9.130372
0.457929,2e-06,1,0.002283
