start,duration,threads_x,threads_y,threads_z
0.335743,0.000258,2048.0,1.0,1.0
0.336003,0.121914,1.0,1.0,1.0
