start,duration,H2D,D2H,D2D,Throughput
0.330074,7.3e-05,1,0,0,9.230641
0.330277,3e-06,0,0,0,0
0.330315,0.000181,0,0,0,0
0.330499,0.07857,0,0,0,0
0.409073,2e-06,0,1,0,0.002197
