start,duration,H2D,D2H,D2D,Throughput
0.338724,0.000428,1,0,0,9.21354
0.339256,3e-06,0,0,0,0
0.339292,0.001329,0,0,0,0
0.340625,0.473448,0,0,0,0
0.814077,2e-06,0,1,0,0.001687
