start,duration,H2D,D2H,D2D,Throughput
0.340826,0.000473,1,0,0,9.268873
0.341388,3e-06,0,0,0,0
0.341425,0.001461,0,0,0,0
0.342889,0.526975,0,0,0,0
0.869865,2e-06,0,1,0,0.001878
