start,duration,threads_x,threads_y,threads_z
0.338275,0.000276,2048.0,1.0,1.0
0.338556,0.121106,1.0,1.0,1.0
