start,duration,direction,throughput
0.338724,0.000428,0,9.21354
0.814077,2e-06,1,0.001687
