start,duration,direction,throughput
0.331976,0.000129,0,9.188957
0.470902,2e-06,1,0.00194
