start,duration,H2D,D2H,D2D,Throughput
0.328203,9.7e-05,1,0,0,7.718097
0.328443,3e-06,0,0,0,0
0.328475,0.000201,0,0,0,0
0.328679,0.087213,0,0,0,0
0.4159,2e-06,0,1,0,0.002079
