start,duration,threads_x,threads_y,threads_z
0.335838,0.000237,2048.0,1.0,1.0
0.336079,0.109804,1.0,1.0,1.0
