start,duration,H2D,D2H,D2D,Throughput
0.335506,0.000115,1,0,0,9.130372
0.335706,3e-06,0,0,0,0
0.335743,0.000258,0,0,0,0
0.336003,0.121914,0,0,0,0
0.457929,2e-06,0,1,0,0.002283
