start,duration,direction,throughput
0.330074,7.3e-05,0,9.230641
0.409073,2e-06,1,0.002197
