start,duration,threads_x,threads_y,threads_z
0.336733,0.001556,2048.0,1.0,1.0
0.338294,0.550048,1.0,1.0,1.0
