start,duration,threads_x,threads_y,threads_z
0.339292,0.001329,2048.0,1.0,1.0
0.340625,0.473448,1.0,1.0,1.0
