start,duration,direction,throughput
0.335607,0.000101,0,9.407495
0.445893,2e-06,1,0.002283
