start,duration,direction,throughput
0.336024,0.000592,0,7.656058
0.888347,2e-06,1,0.001764
