start,duration,threads_x,threads_y,threads_z
0.332218,0.000315,2048.0,1.0,1.0
0.332537,0.13836,1.0,1.0,1.0
