start,duration,direction,throughput
0.328203,9.7e-05,0,7.718097
0.4159,2e-06,1,0.002079
