start,duration,H2D,D2H,D2D,Throughput
0.338034,0.000115,1,0,0,9.068522
0.338239,3e-06,0,0,0,0
0.338275,0.000276,0,0,0,0
0.338556,0.121106,0,0,0,0
0.459666,2e-06,0,1,0,0.002239
