start,duration,threads_x,threads_y,threads_z
0.341425,0.001461,2048.0,1.0,1.0
0.342889,0.526975,1.0,1.0,1.0
