start,duration,direction,throughput
0.340826,0.000473,0,9.268873
0.869865,2e-06,1,0.001878
