start,duration,H2D,D2H,D2D,Throughput
0.335607,0.000101,1,0,0,9.407495
0.335802,3e-06,0,0,0,0
0.335838,0.000237,0,0,0,0
0.336079,0.109804,0,0,0,0
0.445893,2e-06,0,1,0,0.002283
