start,duration,direction,throughput
0.338034,0.000115,0,9.068522
0.459666,2e-06,1,0.002239
