start,duration,threads_x,threads_y,threads_z
0.330315,0.000181,2048.0,1.0,1.0
0.330499,0.07857,1.0,1.0,1.0
