start,duration,direction,throughput
0.368761,0.000323,0,9.293255
0.734503,2e-06,1,0.001878
