start,duration,direction,throughput
0.340706,5e-06,0,4.128203
0.341202,1e-06,0,0.022715
0.342525,2e-06,1,0.01526
0.342991,5e-06,1,3.73126
