start,duration,direction,throughput
0.476998,0.000806,0,9.245812
0.478209,1e-06,0,0.022715
0.503619,2e-06,1,0.012254
0.504092,0.001034,1,7.204274
