start,duration,direction,throughput
0.456789,0.000788,0,9.458016
0.457999,1e-06,0,0.022715
0.482999,2e-06,1,0.012095
0.483497,0.00117,1,6.368905
