start,duration,direction,throughput
0.54291,0.001208,0,9.247775
0.544565,1e-06,0,0.022715
0.583738,2e-06,1,0.01194
0.584202,0.001498,1,7.461006
