start,duration,direction,throughput
0.609472,0.001584,0,9.406438
0.611498,1e-06,0,0.022715
0.657672,2e-06,1,0.01194
0.65814,0.001965,1,7.583979
