start,duration,direction,throughput
0.47013,0.000805,0,9.253161
0.471353,1e-06,0,0.023283
0.496057,3e-06,1,0.011498
0.496514,0.000941,1,7.920403
