start,duration,direction,throughput
0.414286,0.000402,0,9.262744
0.415084,1e-06,0,0.022715
0.428577,2e-06,1,0.01194
0.429044,0.000474,1,7.854672
