start,duration,direction,throughput
0.52383,0.001458,0,7.663698
0.525719,1e-06,0,0.022174
0.563703,3e-06,1,0.010464
0.564185,0.001773,1,6.303105
