start,duration,direction,throughput
0.607083,0.001605,0,9.282125
0.609154,1e-06,0,0.022715
0.6578,2e-06,1,0.012254
0.658266,0.001946,1,7.656679
