start,duration,direction,throughput
0.409358,0.000399,0,9.326539
0.410173,1e-06,0,0.022715
0.424061,2e-06,1,0.012254
0.424546,0.000477,1,7.810406
