start,duration,direction,throughput
0.916313,0.000845,0,9.247313
0.91729,0.001003,0,7.789249
0.918305,2e-06,0,2.432843
0.918314,1e-06,0,0.004312
0.918342,1e-06,0,0.1081
1.230016,0.000874,0,8.936896
1.478914,1e-06,0,0.070861
1.483396,0.000828,1,9.432026
1.484319,2e-06,1,1.727671
1.484337,0.00315,1,2.480426
