start,duration,direction,throughput
0.928406,0.000842,0,9.274362
0.929381,0.001009,0,7.746001
0.930402,2e-06,0,2.432843
0.930411,1e-06,0,0.004153
0.930438,1e-06,0,0.112104
1.240578,0.000918,0,8.512797
1.492819,2e-06,0,0.069354
1.49735,0.000828,1,9.43932
1.498271,2e-06,1,1.70299
1.49829,0.002691,1,2.902988
