start,duration,direction,throughput
0.8933,0.000827,0,9.448452
0.894262,0.000943,0,8.280646
0.895265,2e-06,0,2.432843
0.895274,1e-06,0,0.004312
0.895303,1e-06,0,0.112104
1.206795,0.000919,0,8.505086
1.453119,1e-06,0,0.074082
1.457689,0.000841,1,9.286367
1.458623,2e-06,1,1.727671
1.458641,0.002404,1,3.250368
