start,duration,direction,throughput
0.92569,0.000841,0,9.289879
0.926663,0.000995,0,7.852122
0.927671,2e-06,0,2.481911
0.927681,1e-06,0,0.004158
0.927703,1e-06,0,0.1081
1.239673,0.000899,0,8.6888
1.489811,2e-06,0,0.067909
1.494403,0.000814,1,9.60229
1.495311,2e-06,1,1.528324
1.49533,0.002885,1,2.708401
