start,duration,direction,throughput
0.931034,0.000841,0,9.28884
0.932008,0.001001,0,7.803448
0.933026,2e-06,0,2.483527
0.933036,1e-06,0,0.004158
0.93306,1e-06,0,0.112104
1.241918,0.000912,0,8.570172
1.494994,2e-06,0,0.069354
1.499482,0.000826,1,9.453929
1.500404,2e-06,1,1.70299
1.500423,0.002688,1,2.90648
