start,duration,direction,throughput
0.925257,0.000842,0,9.273294
0.926231,0.000994,0,7.857168
0.927282,2e-06,0,2.483527
0.927291,1e-06,0,0.004158
0.927319,1e-06,0,0.1081
1.238791,0.000899,0,8.6888
1.490484,2e-06,0,0.065193
1.495037,0.000827,1,9.44514
1.495958,2e-06,1,1.726889
1.495977,0.003442,1,2.270059
