start,duration,direction,throughput
0.933454,0.000837,0,9.333228
0.934421,0.000998,0,7.829961
0.935432,2e-06,0,2.432843
0.935442,1e-06,0,0.004312
0.935466,1e-06,0,0.1081
1.248057,0.000866,0,9.02378
1.501466,2e-06,0,0.066523
1.505958,0.000832,1,9.390667
1.506881,2e-06,1,1.727671
1.5069,0.003142,1,2.486741
