start,duration,direction,throughput
0.929098,0.000838,0,9.325741
0.930068,0.001005,0,7.774367
0.931085,2e-06,0,2.432843
0.931094,1e-06,0,0.004158
0.931123,1e-06,0,0.112104
1.242322,0.000908,0,8.60005
1.495553,2e-06,0,0.069354
1.500056,0.000842,1,9.276476
1.50099,2e-06,1,1.70299
1.501013,0.002904,1,2.689965
