start,duration,direction,throughput
0.925294,0.000838,0,9.32287
0.926262,0.000999,0,7.821432
0.927274,2e-06,0,2.432843
0.927284,1e-06,0,0.004158
0.927308,1e-06,0,0.1081
1.239402,0.000912,0,8.564441
1.492743,1e-06,0,0.070861
1.497319,0.000829,1,9.421084
1.498244,2e-06,1,1.727671
1.498263,0.002648,1,2.950347
