start,duration,direction,throughput
0.923236,0.000838,0,9.318967
0.924207,0.001006,0,7.767928
0.925226,2e-06,0,2.483527
0.925235,1e-06,0,0.004158
0.925263,1e-06,0,0.112104
1.237171,0.000876,0,8.91731
1.529366,2e-06,0,0.063914
1.533923,0.000828,1,9.439297
1.534843,2e-06,1,1.633004
1.534862,0.003357,1,2.326988
