start,duration,direction,throughput
0.340793,2e-06,0,0.019403
0.340964,2e-06,0,0.019403
0.341582,3e-06,1,2.619984
0.341606,3e-06,1,2.871432
0.341707,6.8e-05,1,9.569352
