start,duration,direction,throughput
0.354412,2e-06,0,0.019007
0.354616,1e-06,0,0.020246
0.355846,6e-06,1,5.298191
0.355877,5e-06,1,6.035913
0.356127,6.8e-05,1,9.5469
