start,duration,direction,throughput
0.338054,1e-06,0,0.020696
0.338228,1e-06,0,0.020696
0.339317,4e-06,1,4.319177
0.339343,4e-06,1,4.806826
0.339454,6.8e-05,1,9.560358
