start,duration,direction,throughput
0.346883,2e-06,0,0.015021
0.347075,1e-06,0,0.020696
0.347484,2e-06,1,1.610936
0.347504,2e-06,1,1.954251
0.347601,6.8e-05,1,9.564994
