start,duration,direction,throughput
0.340074,2e-06,0,0.017247
0.340243,1e-06,0,0.020246
0.34136,5e-06,1,4.800374
0.341387,4e-06,1,5.259233
0.341504,6.8e-05,1,9.555868
