start,duration,direction,throughput
0.340017,1e-06,0,0.020246
0.34019,1e-06,0,0.020696
0.341099,4e-06,1,4.14641
0.341123,3e-06,1,4.456422
0.341228,6.8e-05,1,9.564853
