start,duration,direction,throughput
0.329858,2e-06,0,0.019403
0.330041,1e-06,0,0.020696
0.331309,6e-06,1,5.830889
0.331341,5e-06,1,6.348424
0.331574,6.8e-05,1,9.560358
