start,duration,direction,throughput
0.323775,1e-06,0,0.020246
0.323946,1e-06,0,0.020696
0.325263,6e-06,1,6.051233
0.325293,6e-06,1,6.621589
0.325525,6.8e-05,1,9.560358
