start,duration,direction,throughput
0.339705,2e-06,0,0.01791
0.339892,2e-06,0,0.019815
0.340549,3e-06,1,3.54087
0.340574,3e-06,1,4.01688
0.340682,7e-05,1,9.268543
