start,duration,direction,throughput
0.346282,2e-06,0,0.01791
0.346481,2e-06,0,0.019815
0.347628,5e-06,1,5.057364
0.347659,5e-06,1,5.418604
0.347782,7.1e-05,1,9.222327
