start,duration,direction,throughput
2.175067,2e-06,0,0.04123
2.175207,0.052201,0,7.483166
2.623226,0.148689,1,2.62712
