start,duration,direction,throughput
0.478977,2e-06,0,0.042108
0.479116,0.004576,0,7.682065
0.519525,0.012914,1,2.722381
