start,duration,direction,throughput
1.777617,1e-06,0,0.043979
1.777746,0.037347,0,8.471985
2.135505,0.115389,1,2.742074
