start,duration,direction,throughput
0.938139,2e-06,0,0.090545
0.938929,0.001888,0,1.97303
0.941802,0.002215,1,1.763655
0.974297,0.001844,0,2.019756
0.976157,1e-06,0,0.157724
0.977087,0.001389,1,2.812795
1.006785,0.001853,0,2.010096
1.008653,1e-06,0,0.135818
1.009432,0.001055,1,3.703793
