start,duration,direction,throughput
0.612985,1e-06,0,0.043023
0.613123,0.008396,0,7.444117
0.684613,0.023531,1,2.656072
