start,duration,direction,throughput
7.700011,1e-06,0,0.046025
7.700176,0.207548,0,7.528394
9.487898,0.597014,1,2.61719
