start,duration,direction,throughput
2.185126,2e-06,0,0.094028
2.185505,0.07673,0,3.10724
2.313638,0.113232,1,2.207857
4.007961,0.076694,0,3.108706
4.084674,1e-06,0,0.132147
4.13536,0.11171,1,2.237935
5.81955,0.076355,0,3.122502
5.895926,1e-06,0,0.174623
5.937869,0.112172,1,2.228714
