start,duration,direction,throughput
1.177103,2e-06,0,0.101863
1.177476,0.019177,0,3.10808
1.208876,0.028843,1,2.166915
1.636962,0.019148,0,3.11277
1.65615,1e-06,0,0.143807
1.668345,0.028544,1,2.189566
2.096122,0.019074,0,3.12486
2.115215,1e-06,0,0.168601
2.12519,0.028583,1,2.186631
