start,duration,direction,throughput
1.220181,2e-06,0,0.036649
1.220327,0.025237,0,7.584485
1.439247,0.079155,1,2.418123
