start,duration,direction,throughput
0.983256,1e-06,0,0.043023
0.98339,0.017536,0,8.019174
1.143432,0.051412,1,2.73524
