start,duration,direction,throughput
1.498827,1e-06,0,0.043023
1.498974,0.032934,0,7.59103
1.784313,0.094765,1,2.638099
