start,duration,direction,throughput
0.778732,2e-06,0,0.038805
0.778873,0.012759,0,7.653862
0.890542,0.036153,1,2.70116
