start,duration,H2D,D2H,D2D,Throughput
0.32315,0.002151,1,0,0,7.272258
0.325498,0.002042,1,0,0,7.659639
0.327556,2e-06,1,0,0,3.359648
0.327569,2e-06,1,0,0,3.359648
0.327608,0.00113,0,0,0,0
0.328757,0.001165,0,0,0,0
0.329938,0.00032,0,0,0,0
0.330273,4.810863,0,0,0,0
5.141224,1e-06,1,0,0,0.004014
5.141234,0.006472,0,1,0,2.41644
