start,duration,H2D,D2H,D2D,Throughput
0.323623,0.002972,1,0,0,7.841599
0.326742,0.002733,1,0,0,8.525694
0.329492,3e-06,1,0,0,3.639434
0.329506,3e-06,1,0,0,3.639434
0.329552,0.00138,0,0,0,0
0.330952,0.001436,0,0,0,0
0.332404,0.000485,0,0,0,0
0.332904,7.527784,0,0,0,0
7.860776,1e-06,1,0,0,0.004312
7.860779,0.008585,0,1,0,2.714301
