start,duration,direction,throughput
0.337307,0.005834,0,6.542643
0.34316,0.004401,0,8.674019
0.347569,9.9e-05,0,0.120484
0.34767,1.6e-05,0,0.758084
