start,duration,direction,throughput
0.327442,0.002233,0,6.680853
0.32992,0.001676,0,8.897683
0.331612,2e-06,0,3.376044
0.331625,2e-06,0,3.376044
4.947579,1e-06,0,0.004158
4.947593,0.005424,1,2.749859
