start,duration,threads_x,threads_y,threads_z
0.327608,0.00113,2048.0,1.0,1.0
0.328757,0.001165,2048.0,1.0,1.0
0.329938,0.00032,2048.0,2048.0,1.0
0.330273,4.810863,2048.0,1.0,1.0
