start,duration,direction,throughput
0.320391,0.008672,0,7.210337
0.329083,0.007013,0,8.915898
0.336103,0.00011,0,0.139112
0.336215,1.6e-05,0,0.939289
