start,duration,direction,throughput
0.313543,0.004946,0,7.11333
0.318501,0.004122,0,8.534877
0.322629,0.000108,0,0.105922
0.32274,1.3e-05,0,0.859123
