start,duration,H2D,D2H,D2D,Throughput
0.326801,0.000494,1,0,0,7.918913
0.327512,0.000625,1,0,0,6.258708
0.32815,2e-06,1,0,0,2.435218
0.328161,2e-06,1,0,0,2.435218
0.3282,0.000563,0,0,0,0
0.32878,0.00058,0,0,0,0
0.329377,8.4e-05,0,0,0,0
0.329473,1.158121,0,0,0,0
1.487625,1e-06,1,0,0,0.003881
1.487634,0.001348,0,1,0,2.904136
