start,duration,H2D,D2H,D2D,Throughput
0.320391,0.008672,1,0,0,7.210337
0.329083,0.007013,1,0,0,8.915898
0.336103,0.00011,1,0,0,0.139112
0.336215,1.6e-05,1,0,0,0.939289
