start,duration,threads_x,threads_y,threads_z
0.329552,0.00138,2304.0,1.0,1.0
0.330952,0.001436,2304.0,1.0,1.0
0.332404,0.000485,2496.0,2496.0,1.0
0.332904,7.527784,2304.0,1.0,1.0
