start,duration,H2D,D2H,D2D,Throughput
0.327599,0.001317,1,0,0,6.680926
0.32908,0.001073,1,0,0,8.200298
0.330166,2e-06,1,0,0,2.982172
0.330178,2e-06,1,0,0,2.982172
0.33022,0.000844,0,0,0,0
0.331084,0.000875,0,0,0,0
0.331975,0.000183,0,0,0,0
0.332172,2.670669,0,0,0,0
3.002967,1e-06,1,0,0,0.004312
3.002981,0.003498,0,1,0,2.515998
