start,duration,direction,throughput
0.326801,0.000494,0,7.918913
0.327512,0.000625,0,6.258708
0.32815,2e-06,0,2.435218
0.328161,2e-06,0,2.435218
1.487625,1e-06,0,0.003881
1.487634,0.001348,1,2.904136
