start,duration,threads_x,threads_y,threads_z
0.3282,0.000563,1024.0,1.0,1.0
0.32878,0.00058,1024.0,1.0,1.0
0.329377,8.4e-05,1024.0,1024.0,1.0
0.329473,1.158121,1024.0,1.0,1.0
