start,duration,H2D,D2H,D2D,Throughput
0.301334,0.00767,1,0,0,6.298303
0.309026,0.005774,1,0,0,8.366921
0.314806,6.2e-05,1,0,0,0.215478
0.314871,1.5e-05,1,0,0,0.893663
