start,duration,H2D,D2H,D2D,Throughput
0.327442,0.002233,1,0,0,6.680853
0.32992,0.001676,1,0,0,8.897683
0.331612,2e-06,1,0,0,3.376044
0.331625,2e-06,1,0,0,3.376044
0.331671,0.0011,0,0,0,0
0.33279,0.001139,0,0,0,0
0.333946,0.000311,0,0,0,0
0.334272,4.613169,0,0,0,0
4.947579,1e-06,1,0,0,0.004158
4.947593,0.005424,0,1,0,2.749859
