start,duration,H2D,D2H,D2D,Throughput
0.313543,0.004946,1,0,0,7.11333
0.318501,0.004122,1,0,0,8.534877
0.322629,0.000108,1,0,0,0.105922
0.32274,1.3e-05,1,0,0,0.859123
