start,duration,threads_x,threads_y,threads_z
0.33022,0.000844,1536.0,1.0,1.0
0.331084,0.000875,1536.0,1.0,1.0
0.331975,0.000183,1536.0,1536.0,1.0
0.332172,2.670669,1536.0,1.0,1.0
