start,duration,threads_x,threads_y,threads_z
0.331671,0.0011,1792.0,1.0,1.0
0.33279,0.001139,1792.0,1.0,1.0
0.333946,0.000311,1984.0,2000.0,1.0
0.334272,4.613169,1792.0,1.0,1.0
