start,duration,direction,throughput
0.327599,0.001317,0,6.680926
0.32908,0.001073,0,8.200298
0.330166,2e-06,0,2.982172
0.330178,2e-06,0,2.982172
3.002967,1e-06,0,0.004312
3.002981,0.003498,1,2.515998
