start,duration,direction,throughput
0.323623,0.002972,0,7.841599
0.326742,0.002733,0,8.525694
0.329492,3e-06,0,3.639434
0.329506,3e-06,0,3.639434
7.860776,1e-06,0,0.004312
7.860779,0.008585,1,2.714301
