start,duration,H2D,D2H,D2D,Throughput
0.337307,0.005834,1,0,0,6.542643
0.34316,0.004401,1,0,0,8.674019
0.347569,9.9e-05,1,0,0,0.120484
0.34767,1.6e-05,1,0,0,0.758084
