start,duration,H2D,D2H,D2D,Throughput
0.327344,1e-06,0,0,0,0
0.327799,0.000104,1,0,0,5.624516
0.327916,1e-06,1,0,0,0.002839
0.327928,2e-06,1,0,0,2.387702
0.328026,0.00085,0,0,0,0
0.328881,0.00107,0,0,0,0
0.329953,0.001266,0,0,0,0
0.331222,0.001428,0,0,0,0
0.332652,0.001455,0,0,0,0
0.334109,0.001452,0,0,0,0
0.335565,0.001438,0,0,0,0
0.337007,0.001293,0,0,0,0
0.338304,0.001093,0,0,0,0
0.339402,0.000888,0,0,0,0
0.340292,0.000675,0,0,0,0
0.369032,0.00102,0,1,0,2.489977
