start,duration,direction,throughput
0.312501,0.001215,0,3.21396
0.31373,1e-06,0,0.00291
0.313742,2e-06,0,2.437446
1.063444,0.015553,1,2.155435
