start,duration,threads_x,threads_y,threads_z
0.328026,0.00085,88.0,22.0,8.0
0.328881,0.00107,88.0,22.0,8.0
0.329953,0.001266,88.0,22.0,8.0
0.331222,0.001428,88.0,22.0,8.0
0.332652,0.001455,88.0,22.0,8.0
0.334109,0.001452,88.0,22.0,8.0
0.335565,0.001438,88.0,22.0,8.0
0.337007,0.001293,88.0,22.0,8.0
0.338304,0.001093,88.0,22.0,8.0
0.339402,0.000888,88.0,22.0,8.0
0.340292,0.000675,88.0,22.0,8.0
