start,duration,direction,throughput
0.327799,0.000104,0,5.624516
0.327916,1e-06,0,0.002839
0.327928,2e-06,0,2.387702
0.369032,0.00102,1,2.489977
