start,duration,direction,throughput
0.505847,0.000972,1,7.950345
0.513589,0.000829,0,9.318888
0.525481,0.000924,1,8.364396
0.53184,0.000415,0,9.312395
0.532848,0.000445,1,8.682083
