start,duration,direction,throughput
0.402823,0.000685,1,6.347487
0.408145,0.000552,0,7.87026
0.41519,0.000672,1,6.46629
0.41926,0.000286,0,7.590017
0.419893,0.000326,1,6.662014
