start,duration,direction,throughput
0.411831,0.000548,1,7.927682
0.417032,0.000474,0,9.158001
0.423941,0.00053,1,8.195651
0.427727,0.000242,0,8.991203
0.428325,0.000258,1,8.431772
