start,duration,direction,throughput
0.482368,0.001027,1,7.522944
0.490274,0.000831,0,9.290186
0.502155,0.001014,1,7.621513
0.508631,0.000416,0,9.287316
0.509642,0.000474,1,8.15583
