start,duration,direction,throughput
0.479039,0.000965,1,8.007582
0.487114,0.000829,0,9.315652
0.499013,0.000955,1,8.091332
0.505412,0.000414,0,9.324648
0.50642,0.00046,1,8.39816
