start,duration,direction,throughput
0.477143,0.000963,1,8.023801
0.485251,0.000829,0,9.320676
0.497144,0.000961,1,8.040371
0.503329,0.000414,0,9.320305
0.504337,0.000459,1,8.418056
