start,duration,direction,throughput
0.344765,0.000101,1,9.6911
0.346378,0.000104,0,9.369753
0.348457,0.000101,1,9.648206
0.349689,5.4e-05,0,8.99146
0.349872,5.1e-05,1,9.489112
