start,duration,direction,throughput
0.479372,0.001023,1,7.550253
0.488404,0.000825,0,9.358629
0.500277,0.001021,1,7.563027
0.506854,0.000412,0,9.380449
0.507861,0.000479,1,8.061608
