start,duration,direction,throughput
0.405659,0.00056,1,6.970194
0.410463,0.000492,0,7.937371
0.416867,0.000515,1,7.581919
0.420487,0.000214,0,9.108238
0.421035,0.000222,1,8.816168
