start,duration,direction,throughput
0.407454,0.000555,1,7.82309
0.412653,0.000473,0,9.18524
0.419543,0.000565,1,7.685399
0.423509,0.000241,0,8.998353
0.42411,0.000258,1,8.437043
