start,duration,threads_x,threads_y,threads_z
0.34401,8.5e-05,1048576.0,1.0,1.0
0.344335,0.000108,1152.0,15.0,1.0
0.344463,3.5e-05,512.0,13.0,1.0
0.344509,2.2e-05,256.0,11.0,1.0
0.344584,0.000106,1152.0,15.0,1.0
0.344709,3.3e-05,512.0,13.0,1.0
0.344753,2.1e-05,256.0,11.0,1.0
0.344828,0.000106,1152.0,15.0,1.0
0.344953,3.3e-05,512.0,13.0,1.0
0.344996,2.1e-05,256.0,11.0,1.0
