start,duration,direction,throughput
0.328338,0.000383,0,8.51068
0.329049,6.1e-05,2,70.979934
0.329241,2.2e-05,2,49.70008
0.329304,5e-06,2,55.468477
0.329337,5.7e-05,2,75.900968
0.329518,2.1e-05,2,52.065503
0.329581,5e-06,2,56.957563
0.329612,5.6e-05,2,77.768844
0.32979,1.9e-05,2,56.957563
0.329855,5e-06,2,59.334425
