start,duration,threads_x,threads_y,threads_z
0.338076,8.5e-05,1048576.0,1.0,1.0
0.338411,0.000108,1152.0,15.0,1.0
0.338539,3.4e-05,512.0,13.0,1.0
0.338583,2.1e-05,256.0,11.0,1.0
0.338656,0.000104,1152.0,15.0,1.0
0.33878,3.3e-05,512.0,13.0,1.0
0.338824,2.1e-05,256.0,11.0,1.0
0.338897,0.000106,1152.0,15.0,1.0
0.339022,3.3e-05,512.0,13.0,1.0
0.339065,2.1e-05,256.0,11.0,1.0
