start,duration,direction,throughput
0.346271,0.000599,0,9.66615
0.347268,9.6e-05,2,80.43862
0.347517,3.1e-05,2,61.330999
0.347592,8e-06,2,59.634094
0.347628,9.4e-05,2,82.556851
0.347867,2.9e-05,2,65.812108
0.34794,7e-06,2,65.597503
0.347972,8.9e-05,2,86.677236
0.348206,3e-05,2,63.392545
0.34828,7e-06,2,64.476178
