start,duration,threads_x,threads_y,threads_z
0.344221,8.5e-05,1048576.0,1.0,1.0
0.344553,0.000108,1152.0,15.0,1.0
0.344681,3.4e-05,512.0,13.0,1.0
0.344726,2.1e-05,256.0,11.0,1.0
0.344799,0.000103,1152.0,15.0,1.0
0.344922,3.3e-05,512.0,13.0,1.0
0.344965,2.1e-05,256.0,11.0,1.0
0.345037,0.000106,1152.0,15.0,1.0
0.345163,3.3e-05,512.0,13.0,1.0
0.345206,2.1e-05,256.0,11.0,1.0
