start,duration,direction,throughput
0.340491,0.000334,0,9.746282
0.341149,6.1e-05,2,71.693153
0.341337,2e-05,2,54.055267
0.341399,5e-06,2,55.468477
0.34143,5.8e-05,2,75.185206
0.341608,2e-05,2,54.055267
0.341668,5e-06,2,60.189198
0.341699,5.8e-05,2,75.47775
0.341881,1.9e-05,2,57.050294
0.341943,5e-06,2,58.528807
