start,duration,direction,throughput
0.337745,0.000301,0,9.731274
0.338358,5e-05,2,77.849413
0.338521,1.4e-05,2,68.888438
0.338575,5e-06,2,52.616514
0.338607,4.6e-05,2,84.82996
0.338763,1.4e-05,2,70.806446
0.338816,5e-06,2,53.352409
0.338847,4.7e-05,2,83.724494
0.339006,1.3e-05,2,72.488309
0.339058,5e-06,2,52.616514
