start,duration,direction,throughput
0.340909,0.000635,0,9.121207
0.341957,9.6e-05,2,80.653622
0.342208,3.4e-05,2,55.983027
0.342287,8e-06,2,61.833712
0.342323,9.4e-05,2,82.079649
0.342562,3e-05,2,63.862119
0.342635,7e-06,2,68.892355
0.342667,9e-05,2,86.274523
0.342899,3.4e-05,2,56.82479
0.342978,7e-06,2,66.758521
