start,duration,threads_x,threads_y,threads_z
0.355169,0.000169,2073600.0,1.0,1.0
0.355645,0.000144,1920.0,15.0,1.0
0.355826,4.5e-05,960.0,14.0,1.0
0.355886,2.2e-05,512.0,12.0,1.0
0.356008,0.000142,1920.0,15.0,1.0
0.356188,3.9e-05,960.0,14.0,1.0
0.35624,1.9e-05,512.0,12.0,1.0
0.356354,0.000138,1920.0,15.0,1.0
0.356527,3.9e-05,960.0,14.0,1.0
0.356578,1.9e-05,512.0,12.0,1.0
