start,duration,direction,throughput
0.346236,0.000592,0,9.784207
0.347231,9.6e-05,2,80.171473
0.347482,3e-05,2,63.794612
0.347558,8e-06,2,60.592071
0.347594,9.4e-05,2,82.274598
0.347833,2.9e-05,2,66.025864
0.347908,7e-06,2,67.354579
0.34794,8.9e-05,2,86.490902
0.348174,2.9e-05,2,65.881707
0.348249,7e-06,2,66.758521
