start,duration,direction,throughput
0.338658,0.000334,0,9.746282
0.339304,6.1e-05,2,71.278007
0.33949,2.1e-05,2,52.306175
0.339555,5e-06,2,55.108292
0.339586,5.6e-05,2,77.81341
0.339765,1.9e-05,2,55.73886
0.339828,5e-06,2,59.765331
0.339861,5.6e-05,2,78.128211
0.340041,1.9e-05,2,56.203159
0.340102,5e-06,2,57.720226
