start,duration,threads_x,threads_y,threads_z
0.346902,0.000169,2073600.0,1.0,1.0
0.347367,0.000145,1920.0,15.0,1.0
0.347551,3.9e-05,960.0,14.0,1.0
0.347603,2.2e-05,512.0,12.0,1.0
0.347724,0.00014,1920.0,15.0,1.0
0.347898,3.9e-05,960.0,14.0,1.0
0.34795,1.9e-05,512.0,12.0,1.0
0.348065,0.000139,1920.0,15.0,1.0
0.348239,3.8e-05,960.0,14.0,1.0
0.348289,1.9e-05,512.0,12.0,1.0
