start,duration,direction,throughput
0.354545,0.000592,0,9.78315
0.355546,9.6e-05,2,80.869777
0.355792,3e-05,2,63.657926
0.355874,8e-06,2,62.344734
0.355912,9.4e-05,2,82.163459
0.356155,3.1e-05,2,62.280395
0.35623,7e-06,2,65.597503
0.356262,9e-05,2,86.274523
0.356494,3e-05,2,64.683497
0.356568,7e-06,2,66.17292
