start,duration,threads_x,threads_y,threads_z
0.340862,9.5e-05,1166592.0,1.0,1.0
0.341212,0.000121,1152.0,15.0,1.0
0.34136,3.6e-05,640.0,14.0,1.0
0.341406,2e-05,320.0,12.0,1.0
0.34149,0.000115,1152.0,15.0,1.0
0.341631,3.5e-05,640.0,14.0,1.0
0.341677,2e-05,320.0,12.0,1.0
0.341761,0.000117,1152.0,15.0,1.0
0.341904,3.5e-05,640.0,14.0,1.0
0.341951,1.9e-05,320.0,12.0,1.0
