start,duration,threads_x,threads_y,threads_z
0.346859,0.000171,2073600.0,1.0,1.0
0.347331,0.000148,1920.0,15.0,1.0
0.347516,4e-05,960.0,14.0,1.0
0.347569,2.2e-05,512.0,12.0,1.0
0.347691,0.00014,1920.0,15.0,1.0
0.347865,3.9e-05,960.0,14.0,1.0
0.347918,2e-05,512.0,12.0,1.0
0.348032,0.000138,1920.0,15.0,1.0
0.348206,3.9e-05,960.0,14.0,1.0
0.348259,1.9e-05,512.0,12.0,1.0
