start,duration,threads_x,threads_y,threads_z
0.328752,9.6e-05,1166592.0,1.0,1.0
0.329114,0.000121,1152.0,15.0,1.0
0.329265,3.6e-05,640.0,14.0,1.0
0.329312,2.1e-05,320.0,12.0,1.0
0.329397,0.000118,1152.0,15.0,1.0
0.329542,3.5e-05,640.0,14.0,1.0
0.329589,2e-05,320.0,12.0,1.0
0.329671,0.000115,1152.0,15.0,1.0
0.329813,3.6e-05,640.0,14.0,1.0
0.329864,2e-05,320.0,12.0,1.0
