start,duration,threads_x,threads_y,threads_z
0.331659,2e-05,262144.0,1.0,1.0
0.331889,3.5e-05,512.0,13.0,1.0
0.331935,2.2e-05,256.0,11.0,1.0
0.331966,1.3e-05,128.0,8.0,1.0
0.331999,3.1e-05,512.0,13.0,1.0
0.33204,1.9e-05,256.0,11.0,1.0
0.332067,1.2e-05,128.0,8.0,1.0
0.332099,3.2e-05,512.0,13.0,1.0
0.332141,1.9e-05,256.0,11.0,1.0
0.332167,1.3e-05,128.0,8.0,1.0
