start,duration,direction,throughput
0.343677,0.000301,0,9.723006
0.344282,5.1e-05,2,76.96741
0.344446,1.4e-05,2,69.516123
0.344501,5e-06,2,51.900643
0.344534,4.7e-05,2,83.495426
0.344692,1.4e-05,2,70.971112
0.344746,5e-06,2,53.352409
0.344778,4.7e-05,2,83.609803
0.344936,1.4e-05,2,71.302753
0.344988,5e-06,2,52.616514
