start,duration,threads_x,threads_y,threads_z
0.33902,9.6e-05,1166592.0,1.0,1.0
0.339368,0.00012,1152.0,15.0,1.0
0.339515,3.7e-05,640.0,14.0,1.0
0.339562,2.1e-05,320.0,12.0,1.0
0.339646,0.000116,1152.0,15.0,1.0
0.339787,3.6e-05,640.0,14.0,1.0
0.339837,2e-05,320.0,12.0,1.0
0.33992,0.000118,1152.0,15.0,1.0
0.340063,3.6e-05,640.0,14.0,1.0
0.34011,2e-05,320.0,12.0,1.0
