start,duration,threads_x,threads_y,threads_z
0.341576,0.000169,2073600.0,1.0,1.0
0.34206,0.000145,1920.0,15.0,1.0
0.342245,3.9e-05,960.0,14.0,1.0
0.342298,2.2e-05,512.0,12.0,1.0
0.342419,0.000139,1920.0,15.0,1.0
0.342595,3.8e-05,960.0,14.0,1.0
0.342646,1.9e-05,512.0,12.0,1.0
0.34276,0.000136,1920.0,15.0,1.0
0.342936,3.9e-05,960.0,14.0,1.0
0.342989,1.9e-05,512.0,12.0,1.0
