start,duration,direction,throughput
0.343891,0.000301,0,9.718845
0.3445,5e-05,2,77.603504
0.344664,1.4e-05,2,69.200857
0.344718,5e-06,2,51.549963
0.344749,4.7e-05,2,83.552575
0.344905,1.4e-05,2,71.469738
0.344957,5e-06,2,53.352409
0.344989,4.6e-05,2,84.77105
0.345146,1.4e-05,2,71.97542
0.345199,5e-06,2,53.352409
