start,duration,threads_x,threads_y,threads_z
0.37305,6e-06,131072.0,1.0,1.0
0.37306,3.4e-05,131072.0,1.0,1.0
0.373103,5e-06,128.0,1.0,1.0
