start,duration,threads_x,threads_y,threads_z
0.316262,3e-06,2048.0,1.0,1.0
0.316274,7e-06,2048.0,1.0,1.0
0.3163,3e-06,2.0,1.0,1.0
