start,duration,H2D,D2H,D2D,Throughput
0.316225,4e-06,1,0,0,4.075531
0.316262,3e-06,0,0,0,0
0.316274,7e-06,0,0,0,0
0.31629,3e-06,0,0,0,0.005747
0.3163,3e-06,0,0,0,0
0.31631,2e-06,0,0,0,0.002156
0.316319,3e-06,0,1,0,4.72116
