start,duration,threads_x,threads_y,threads_z
0.338075,3e-06,8192.0,1.0,1.0
0.338088,7e-06,8192.0,1.0,1.0
0.338114,4e-06,8.0,1.0,1.0
