start,duration,direction,throughput
0.316225,4e-06,0,4.075531
0.31629,3e-06,2,0.005747
0.31631,2e-06,2,0.002156
0.316319,3e-06,1,4.72116
