start,duration,direction,throughput
0.372939,0.000103,0,9.497972
0.373097,2e-06,2,0.408251
0.37311,2e-06,2,0.002156
0.373113,0.0001,1,9.71878
