start,duration,H2D,D2H,D2D,Throughput
0.372939,0.000103,1,0,0,9.497972
0.37305,6e-06,0,0,0,0
0.37306,3.4e-05,0,0,0,0
0.373097,2e-06,0,0,0,0.408251
0.373103,5e-06,0,0,0,0
0.37311,2e-06,0,0,0,0.002156
0.373113,0.0001,0,1,0,9.71878
