start,duration,H2D,D2H,D2D,Throughput
0.338036,1.2e-05,1,0,0,5.072736
0.338075,3e-06,0,0,0,0
0.338088,7e-06,0,0,0,0
0.338104,2e-06,0,0,0,0.028222
0.338114,4e-06,0,0,0,0
0.338125,2e-06,0,0,0,0.002117
0.338134,8e-06,0,1,0,7.660035
