start,duration,direction,throughput
0.338036,1.2e-05,0,5.072736
0.338104,2e-06,2,0.028222
0.338125,2e-06,2,0.002117
0.338134,8e-06,1,7.660035
