start,duration,direction,throughput
0.335475,2e-06,0,2.091391
0.335627,0.000527,0,8.247406
0.431174,5.9e-05,1,9.224492
