start,duration,direction,throughput
0.368138,2e-06,0,2.055333
0.368467,0.002359,0,3.27505
0.540081,0.000174,1,5.550897
