start,duration,direction,throughput
0.380922,2e-06,0,2.055333
0.381274,0.001284,0,3.382897
0.477769,9.8e-05,1,5.546791
