start,duration,direction,throughput
0.422548,2e-06,0,2.055333
0.4229,0.001253,0,3.468443
0.520327,9.7e-05,1,5.607319
