start,duration,threads_x,threads_y,threads_z
0.339066,0.007453,737280.0,1.0,1.0
0.346521,0.007454,737280.0,1.0,1.0
0.353978,0.007456,737280.0,1.0,1.0
0.361438,0.007455,737280.0,1.0,1.0
0.368896,0.007458,737280.0,1.0,1.0
0.376357,0.00516,507904.0,1.0,1.0
0.381542,0.007451,737280.0,1.0,1.0
0.388995,0.007452,737280.0,1.0,1.0
0.39645,0.007456,737280.0,1.0,1.0
0.403909,0.007457,737280.0,1.0,1.0
0.41137,0.007463,737280.0,1.0,1.0
0.418835,0.005155,507904.0,1.0,1.0
