start,duration,direction,throughput
0.325926,2e-06,0,2.091391
0.326056,0.000473,0,8.252926
0.412586,5.1e-05,1,9.542707
