start,duration,threads_x,threads_y,threads_z
0.326904,0.007542,737280.0,1.0,1.0
0.334449,0.007514,737280.0,1.0,1.0
0.341966,0.007507,737280.0,1.0,1.0
0.349476,0.007508,737280.0,1.0,1.0
0.356985,0.007521,737280.0,1.0,1.0
0.364511,0.005207,507904.0,1.0,1.0
0.369742,0.007541,737280.0,1.0,1.0
0.377286,0.007514,737280.0,1.0,1.0
0.384802,0.00751,737280.0,1.0,1.0
0.392315,0.007506,737280.0,1.0,1.0
0.399824,0.007526,737280.0,1.0,1.0
0.407352,0.005207,507904.0,1.0,1.0
