start,duration,direction,throughput
0.353376,2e-06,0,2.091391
0.353553,0.001143,0,6.756312
0.523274,0.0001,1,9.643512
