start,duration,H2D,D2H,D2D,Throughput
0.325926,2e-06,1,0,0,2.091391
0.326056,0.000473,1,0,0,8.252926
0.326904,0.007542,0,0,0,0
0.334449,0.007514,0,0,0,0
0.341966,0.007507,0,0,0,0
0.349476,0.007508,0,0,0,0
0.356985,0.007521,0,0,0,0
0.364511,0.005207,0,0,0,0
0.369742,0.007541,0,0,0,0
0.377286,0.007514,0,0,0,0
0.384802,0.00751,0,0,0,0
0.392315,0.007506,0,0,0,0
0.399824,0.007526,0,0,0,0
0.407352,0.005207,0,0,0,0
0.412586,5.1e-05,0,1,0,9.542707
