start,duration,H2D,D2H,D2D,Throughput
0.338043,2e-06,1,0,0,2.091391
0.33818,0.000501,1,0,0,7.801438
0.339066,0.007453,0,0,0,0
0.346521,0.007454,0,0,0,0
0.353978,0.007456,0,0,0,0
0.361438,0.007455,0,0,0,0
0.368896,0.007458,0,0,0,0
0.376357,0.00516,0,0,0,0
0.381542,0.007451,0,0,0,0
0.388995,0.007452,0,0,0,0
0.39645,0.007456,0,0,0,0
0.403909,0.007457,0,0,0,0
0.41137,0.007463,0,0,0,0
0.418835,0.005155,0,0,0,0
0.424022,5.1e-05,0,1,0,9.536557
