start,duration,direction,throughput
0.338043,2e-06,0,2.091391
0.33818,0.000501,0,7.801438
0.424022,5.1e-05,1,9.536557
