start,duration,H2D,D2H,D2D,Throughput
0.385507,2e-06,1,0,0,2.091391
0.385646,0.000104,1,0,0,9.410111
0.386119,0.007447,0,0,0,0
0.393569,0.003174,0,0,0,0
0.396765,0.007447,0,0,0,0
0.404217,0.003173,0,0,0,0
0.407414,1.4e-05,0,1,0,8.514949
