start,duration,threads_x,threads_y,threads_z
0.386119,0.007447,737280.0,1.0,1.0
0.393569,0.003174,311296.0,1.0,1.0
0.396765,0.007447,737280.0,1.0,1.0
0.404217,0.003173,311296.0,1.0,1.0
