start,duration,direction,throughput
0.364108,2e-06,0,2.020496
0.364469,0.001213,0,3.583593
0.462062,9.7e-05,1,5.601767
