start,duration,direction,throughput
0.385507,2e-06,0,2.091391
0.385646,0.000104,0,9.410111
0.407414,1.4e-05,1,8.514949
