start,duration,direction,throughput
0.341606,2e-06,0,1.986821
0.341747,0.000981,0,7.871535
0.510914,0.0001,1,9.640431
