start,duration,direction,throughput
0.616999,1e-06,0,1.324548
0.61714,0.008111,0,7.705614
0.646092,0.022585,1,2.767313
