start,duration,direction,throughput
0.617813,1e-06,0,0.35479
0.617958,0.008452,0,7.394559
0.647273,0.024082,1,2.595278
