start,duration,direction,throughput
0.365816,1e-06,0,1.568543
0.365901,0.00084,0,9.296943
0.368873,0.002482,1,3.147038
