start,duration,direction,throughput
0.368061,1e-06,0,0.903101
0.368151,0.000839,0,9.314312
0.371121,0.002476,1,3.154802
