start,duration,direction,throughput
0.396187,1e-06,0,0.903101
0.396272,0.001678,0,9.309007
0.402656,0.005289,1,2.954092
