start,duration,direction,throughput
0.471057,1e-06,0,0.709579
0.471188,0.003665,0,8.526905
0.484305,0.011436,1,2.732494
