start,duration,direction,throughput
0.398934,1e-06,0,0.480683
0.399026,0.001675,0,9.330174
0.405391,0.005458,1,2.862564
