start,duration,direction,throughput
0.483793,1e-06,0,0.363443
0.48393,0.003685,0,8.480698
0.497092,0.01129,1,2.767865
