start,duration,direction,throughput
0.377542,1e-06,0,0.496705
0.377632,0.000845,0,9.250784
0.380606,0.002569,1,3.041148
