start,duration,direction,throughput
0.471471,1e-06,0,1.324548
0.471612,0.003651,0,8.559718
0.484736,0.011243,1,2.779462
