start,duration,direction,throughput
0.618365,1e-06,0,0.677326
0.61851,0.008268,0,7.558948
0.647651,0.024083,1,2.595207
