start,duration,direction,throughput
0.395396,1e-06,0,1.568543
0.395484,0.001649,0,9.476836
0.401822,0.00539,1,2.89879
