start,duration,H2D,D2H,D2D,Throughput
1.488919,0.06527,1,0,0,3.131817
1.554528,0.064517,1,0,0,3.168367
1.619061,1e-06,1,0,0,0.013859
1.619152,0.015463,0,0,0,0
1.634618,0.015467,0,0,0,0
1.650088,0.015517,0,0,0,0
1.665608,0.015453,0,0,0,0
1.681063,0.015444,0,0,0,0
1.696531,0.092838,0,1,0,2.201833
