start,duration,H2D,D2H,D2D,Throughput
0.643268,0.018158,1,0,0,3.129216
0.661728,0.018307,1,0,0,3.10389
0.680053,1e-06,1,0,0,0.014552
0.680158,0.004054,0,0,0,0
0.684215,0.004019,0,0,0,0
0.688238,0.004005,0,0,0,0
0.692247,0.004027,0,0,0,0
0.696277,0.004026,0,0,0,0
0.700326,0.025732,0,1,0,2.208257
