start,duration,H2D,D2H,D2D,Throughput
0.96966,0.037285,1,0,0,2.919301
1.007287,0.036789,1,0,0,2.958676
1.044097,1e-06,1,0,0,0.014197
1.044206,0.008004,0,0,0,0
1.052212,0.008058,0,0,0,0
1.060274,0.007865,0,0,0,0
1.068141,0.008047,0,0,0,0
1.076192,0.00799,0,0,0,0
1.084211,0.049203,0,1,0,2.212198
