start,duration,H2D,D2H,D2D,Throughput
1.377891,0.058214,1,0,0,3.18918
1.436419,0.058964,1,0,0,3.148605
1.495399,1e-06,1,0,0,0.014552
1.495521,0.013269,0,0,0,0
1.508792,0.01327,0,0,0,0
1.522064,0.013325,0,0,0,0
1.535392,0.013274,0,0,0,0
1.548669,0.013257,0,0,0,0
1.561948,0.084621,0,1,0,2.193933
