start,duration,direction,throughput
0.643268,0.018158,0,3.129216
0.661728,0.018307,0,3.10389
0.680053,1e-06,0,0.014552
0.700326,0.025732,1,2.208257
