start,duration,threads_x,threads_y,threads_z
1.15879,0.009414,320.0,320.0,1.0
1.168208,0.00942,320.0,320.0,1.0
1.177632,0.009407,320.0,320.0,1.0
1.187044,0.009464,320.0,320.0,1.0
1.196511,0.009397,320.0,320.0,1.0
