start,duration,threads_x,threads_y,threads_z
1.619152,0.015463,384.0,384.0,1.0
1.634618,0.015467,384.0,384.0,1.0
1.650088,0.015517,384.0,384.0,1.0
1.665608,0.015453,384.0,384.0,1.0
1.681063,0.015444,384.0,384.0,1.0
