start,duration,direction,throughput
0.96966,0.037285,0,2.919301
1.007287,0.036789,0,2.958676
1.044097,1e-06,0,0.014197
1.084211,0.049203,1,2.212198
