start,duration,direction,throughput
0.731251,0.023042,0,3.112006
0.754934,0.022835,0,3.140239
0.777787,1e-06,0,0.014552
0.805668,0.032491,1,2.206979
