start,duration,H2D,D2H,D2D,Throughput
0.731251,0.023042,1,0,0,3.112006
0.754934,0.022835,1,0,0,3.140239
0.777787,1e-06,1,0,0,0.014552
0.777894,0.00555,0,0,0,0
0.783446,0.005544,0,0,0,0
0.788994,0.005536,0,0,0,0
0.794534,0.005547,0,0,0,0
0.800083,0.005561,0,0,0,0
0.805668,0.032491,0,1,0,2.206979
