start,duration,threads_x,threads_y,threads_z
0.777894,0.00555,288.0,272.0,1.0
0.783446,0.005544,288.0,272.0,1.0
0.788994,0.005536,288.0,272.0,1.0
0.794534,0.005547,288.0,272.0,1.0
0.800083,0.005561,288.0,272.0,1.0
