start,duration,threads_x,threads_y,threads_z
1.495521,0.013269,384.0,368.0,1.0
1.508792,0.01327,384.0,368.0,1.0
1.522064,0.013325,384.0,368.0,1.0
1.535392,0.013274,384.0,368.0,1.0
1.548669,0.013257,384.0,368.0,1.0
