start,duration,H2D,D2H,D2D,Throughput
0.373831,0.002907,1,0,0,3.223494
0.377044,0.002656,1,0,0,3.527836
0.379714,1e-06,1,0,0,0.014197
0.379779,0.00076,0,0,0,0
0.380543,0.00076,0,0,0,0
0.381305,0.000758,0,0,0,0
0.382067,0.000759,0,0,0,0
0.38283,0.000755,0,0,0,0
0.383603,0.004229,0,1,0,2.215913
