start,duration,direction,throughput
0.712136,0.021877,0,3.133192
0.734332,0.021752,0,3.151122
0.756101,1e-06,0,0.014925
0.77976,0.03138,1,2.184344
