start,duration,direction,throughput
0.373831,0.002907,0,3.223494
0.377044,0.002656,0,3.527836
0.379714,1e-06,0,0.014197
0.383603,0.004229,1,2.215913
