start,duration,threads_x,threads_y,threads_z
0.680158,0.004054,256.0,240.0,1.0
0.684215,0.004019,256.0,240.0,1.0
0.688238,0.004005,256.0,240.0,1.0
0.692247,0.004027,256.0,240.0,1.0
0.696277,0.004026,256.0,240.0,1.0
