start,duration,direction,throughput
1.488919,0.06527,0,3.131817
1.554528,0.064517,0,3.168367
1.619061,1e-06,0,0.013859
1.696531,0.092838,1,2.201833
