start,duration,threads_x,threads_y,threads_z
1.318004,0.011917,352.0,352.0,1.0
1.329924,0.011933,352.0,352.0,1.0
1.341859,0.011928,352.0,352.0,1.0
1.35379,0.011936,352.0,352.0,1.0
1.365731,0.011937,352.0,352.0,1.0
