start,duration,H2D,D2H,D2D,Throughput
0.830648,0.030872,1,0,0,2.882508
0.861864,0.029594,1,0,0,3.007051
0.891476,1e-06,1,0,0,0.014552
0.891572,0.00594,0,0,0,0
0.897515,0.005943,0,0,0,0
0.903461,0.005943,0,0,0,0
0.909406,0.005956,0,0,0,0
0.915367,0.005933,0,0,0,0
0.921325,0.04027,0,1,0,2.209799
