start,duration,H2D,D2H,D2D,Throughput
1.07413,0.042062,1,0,0,3.125297
1.116512,0.042133,1,0,0,3.120016
1.158666,1e-06,1,0,0,0.013859
1.15879,0.009414,0,0,0,0
1.168208,0.00942,0,0,0,0
1.177632,0.009407,0,0,0,0
1.187044,0.009464,0,0,0,0
1.196511,0.009397,0,0,0,0
1.205939,0.065724,0,1,0,2.000136
