start,duration,threads_x,threads_y,threads_z
0.756202,0.004705,256.0,256.0,1.0
0.76091,0.004709,256.0,256.0,1.0
0.765621,0.004679,256.0,256.0,1.0
0.770305,0.004721,256.0,256.0,1.0
0.77503,0.004707,256.0,256.0,1.0
