start,duration,direction,throughput
0.830648,0.030872,0,2.882508
0.861864,0.029594,0,3.007051
0.891476,1e-06,0,0.014552
0.921325,0.04027,1,2.209799
