start,duration,direction,throughput
1.216833,0.050769,0,3.092428
1.267923,0.049956,0,3.142767
1.317896,1e-06,0,0.014197
1.377693,0.069695,1,2.252676
