start,duration,direction,throughput
1.377891,0.058214,0,3.18918
1.436419,0.058964,0,3.148605
1.495399,1e-06,0,0.014552
1.561948,0.084621,1,2.193933
