start,duration,H2D,D2H,D2D,Throughput
0.712136,0.021877,1,0,0,3.133192
0.734332,0.021752,1,0,0,3.151122
0.756101,1e-06,1,0,0,0.014925
0.756202,0.004705,0,0,0,0
0.76091,0.004709,0,0,0,0
0.765621,0.004679,0,0,0,0
0.770305,0.004721,0,0,0,0
0.77503,0.004707,0,0,0,0
0.77976,0.03138,0,1,0,2.184344
