start,duration,H2D,D2H,D2D,Throughput
1.216833,0.050769,1,0,0,3.092428
1.267923,0.049956,1,0,0,3.142767
1.317896,1e-06,1,0,0,0.014197
1.318004,0.011917,0,0,0,0
1.329924,0.011933,0,0,0,0
1.341859,0.011928,0,0,0,0
1.35379,0.011936,0,0,0,0
1.365731,0.011937,0,0,0,0
1.377693,0.069695,0,1,0,2.252676
