start,duration,threads_x,threads_y,threads_z
0.891572,0.00594,288.0,288.0,1.0
0.897515,0.005943,288.0,288.0,1.0
0.903461,0.005943,288.0,288.0,1.0
0.909406,0.005956,288.0,288.0,1.0
0.915367,0.005933,288.0,288.0,1.0
