start,duration,direction,throughput
1.07413,0.042062,0,3.125297
1.116512,0.042133,0,3.120016
1.158666,1e-06,0,0.013859
1.205939,0.065724,1,2.000136
