start,duration,threads_x,threads_y,threads_z
1.044206,0.008004,320.0,304.0,1.0
1.052212,0.008058,320.0,304.0,1.0
1.060274,0.007865,320.0,304.0,1.0
1.068141,0.008047,320.0,304.0,1.0
1.076192,0.00799,320.0,304.0,1.0
