start,duration,threads_x,threads_y,threads_z
0.379779,0.00076,128.0,128.0,1.0
0.380543,0.00076,128.0,128.0,1.0
0.381305,0.000758,128.0,128.0,1.0
0.382067,0.000759,128.0,128.0,1.0
0.38283,0.000755,128.0,128.0,1.0
