start,duration,direction,throughput
0.315214,0.002202,0,6.766602
0.31756,0.002142,0,6.955404
0.319718,2e-06,0,3.374357
2.255557,0.007673,1,1.941946
2.264529,0.006512,1,2.288298
2.272302,3e-06,1,2.707333
