start,duration,direction,throughput
0.312847,0.01344,0,7.265834
0.326433,0.0143,0,6.829077
0.340757,4e-06,0,4.448108
35.668675,0.01469,1,6.647911
35.683555,0.014516,1,6.727592
35.698268,4e-06,1,4.845906
