start,duration,direction,throughput
0.311931,0.004825,0,7.286508
0.316898,0.004718,0,7.451779
0.321634,3e-06,0,3.929977
8.09789,0.014968,1,2.348755
8.113855,0.01493,1,2.354706
8.129826,3e-06,1,3.612403
