start,duration,direction,throughput
0.31209,0.000519,0,7.529075
0.312759,0.000525,0,7.436425
0.313299,2e-06,0,2.483527
0.588435,0.000448,1,8.716098
0.589011,0.000428,1,9.125985
0.589565,2e-06,1,1.70299
