start,duration,direction,throughput
0.310348,0.007932,0,7.514723
0.318438,0.007982,0,7.467394
0.326441,4e-06,0,4.195147
15.684009,0.006669,1,8.937674
15.690981,0.006373,1,9.352615
15.697616,3e-06,1,4.393031
