start,duration,direction,throughput
0.314587,0.014028,0,6.638874
0.329459,0.014191,0,6.562912
0.343673,4e-06,0,4.443333
31.089981,0.013729,1,6.783714
31.10411,0.013823,1,6.7377
31.118231,4e-06,1,4.850638
