start,duration,direction,throughput
0.316146,0.007902,0,7.909496
0.324178,0.008095,0,7.720374
0.332297,4e-06,0,4.219798
16.542907,0.006955,1,8.986706
16.550026,0.00692,1,9.032005
16.557151,4e-06,1,4.257475
