start,duration,direction,throughput
0.311544,0.001984,0,7.877465
0.313658,0.001991,0,7.84923
0.315664,2e-06,0,3.40598
2.36712,0.001705,1,9.164524
2.369292,0.001703,1,9.174861
2.371477,3e-06,1,2.772309
