start,duration,direction,throughput
0.312284,0.004622,0,7.254284
0.317051,0.004597,0,7.293167
0.321668,3e-06,0,3.880511
6.78555,0.014379,1,2.331743
6.801121,0.014168,1,2.366359
6.816669,3e-06,1,3.600474
