start,duration,direction,throughput
0.316924,0.022492,0,6.252213
0.339594,0.028532,0,4.928654
0.368152,5e-06,0,4.584973
71.423948,0.020976,1,6.703971
71.445211,0.020775,1,6.768882
71.46629,4e-06,1,5.220845
