start,duration,direction,throughput
0.324689,0.57992,0,6.897502
0.904793,0.481437,0,8.308458
1.386372,1.6e-05,0,7.465161
1.386429,1.6e-05,0,7.785096
1.386483,1.6e-05,0,7.817003
6.659255,1.5e-05,1,8.064899
