start,duration,direction,throughput
0.31409,0.21341,0,7.321602
0.527749,0.167216,0,9.344195
0.69499,1.1e-05,0,7.032996
0.695032,1.1e-05,0,7.138281
0.695071,1e-05,0,7.268859
1.698572,1e-05,1,7.740863
