start,duration,H2D,D2H,D2D,Throughput
0.31597,0.204707,1,0,0,7.279266
0.520914,0.159227,1,0,0,9.358457
0.680165,1.1e-05,1,0,0,6.908281
0.680205,1.1e-05,1,0,0,7.076919
0.680244,1e-05,1,0,0,7.344815
0.680315,0.932768,0,0,0,0
1.613175,1e-05,0,1,0,7.58406
