start,duration,direction,throughput
0.313515,0.1442,0,6.934828
0.457999,0.12168,0,8.218247
0.57972,1.2e-05,0,5.141101
0.579764,1.2e-05,0,5.140668
0.579814,1.2e-05,0,5.127281
0.944458,8e-06,1,7.224805
