start,duration,H2D,D2H,D2D,Throughput
0.313846,0.059344,1,0,0,6.582337
0.373337,0.041669,1,0,0,9.374477
0.41503,8e-06,1,0,0,4.946444
0.415062,8e-06,1,0,0,4.946444
0.415092,8e-06,1,0,0,4.925368
0.41515,0.131593,0,0,0,0
0.546774,6e-06,0,1,0,6.30737
