start,duration,H2D,D2H,D2D,Throughput
0.325082,0.509929,1,0,0,6.894337
0.835265,0.422699,1,0,0,8.317097
1.258112,1.5e-05,1,0,0,7.592948
1.258177,1.5e-05,1,0,0,7.641621
1.258246,1.5e-05,1,0,0,7.791457
1.258337,4.415295,0,0,0,0
5.673728,1.4e-05,0,1,0,8.202474
