start,duration,direction,throughput
0.313846,0.059344,0,6.582337
0.373337,0.041669,0,9.374477
0.41503,8e-06,0,4.946444
0.415062,8e-06,0,4.946444
0.415092,8e-06,0,4.925368
0.546774,6e-06,1,6.30737
