start,duration,H2D,D2H,D2D,Throughput
0.33321,0.896532,1,0,0,6.648358
1.22977,8.6e-05,1,0,0,1.740892
1.229859,6.8e-05,1,0,0,2.193541
1.229929,6.3e-05,1,0,0,2.35987
