start,duration,direction,throughput
0.326881,0.879772,0,7.104113
1.206684,0.000102,0,1.490859
1.20679,6.7e-05,0,2.276514
1.206859,6.3e-05,0,2.406104
