start,duration,H2D,D2H,D2D,Throughput
0.324689,0.57992,1,0,0,6.897502
0.904793,0.481437,1,0,0,8.308458
1.386372,1.6e-05,1,0,0,7.465161
1.386429,1.6e-05,1,0,0,7.785096
1.386483,1.6e-05,1,0,0,7.817003
1.386575,5.27258,0,0,0,0
6.659255,1.5e-05,0,1,0,8.064899
