start,duration,H2D,D2H,D2D,Throughput
0.44879,1.65632,1,0,0,2.914882
2.105512,1.460846,1,0,0,3.304919
3.566544,2.6e-05,1,0,0,5.251613
3.566641,2.6e-05,1,0,0,5.258409
3.566737,2.5e-05,1,0,0,5.338792
3.566945,6.599646,0,0,0,0
10.166695,3.1e-05,0,1,0,4.285227
