start,duration,direction,throughput
0.31597,0.204707,0,7.279266
0.520914,0.159227,0,9.358457
0.680165,1.1e-05,0,6.908281
0.680205,1.1e-05,0,7.076919
0.680244,1e-05,0,7.344815
1.613175,1e-05,1,7.58406
