start,duration,H2D,D2H,D2D,Throughput
0.31409,0.21341,1,0,0,7.321602
0.527749,0.167216,1,0,0,9.344195
0.69499,1.1e-05,1,0,0,7.032996
0.695032,1.1e-05,1,0,0,7.138281
0.695071,1e-05,1,0,0,7.268859
0.695185,1.003296,0,0,0,0
1.698572,1e-05,0,1,0,7.740863
