start,duration,H2D,D2H,D2D,Throughput
0.326881,0.879772,1,0,0,7.104113
1.206684,0.000102,1,0,0,1.490859
1.20679,6.7e-05,1,0,0,2.276514
1.206859,6.3e-05,1,0,0,2.406104
