start,duration,H2D,D2H,D2D,Throughput
0.320588,0.293157,1,0,0,7.319513
0.614001,0.229747,1,0,0,9.339708
0.843775,1.2e-05,1,0,0,7.352547
0.843822,1.2e-05,1,0,0,7.510666
0.843866,1.2e-05,1,0,0,7.53091
0.843935,1.874868,0,0,0,0
2.718933,1.1e-05,0,1,0,7.914923
