start,duration,direction,throughput
0.317175,0.059269,0,6.590661
117.08066,0.144183,1,2.709235
