start,duration,direction,throughput
0.32385,0.000481,0,8.128741
1.278115,0.001822,1,2.143783
