start,duration,direction,throughput
0.325222,0.008089,0,7.726841
17.168638,0.022628,1,2.76203
