start,duration,direction,throughput
0.338428,0.005333,0,6.591764
9.826286,0.013196,1,2.664181
