start,duration,direction,throughput
0.321111,0.01496,0,6.527784
27.108366,0.036486,1,2.676566
