start,duration,direction,throughput
0.31423,0.039284,0,6.363891
72.301626,0.092333,1,2.707601
