start,duration,direction,throughput
0.322115,0.002476,0,6.31101
4.474138,0.006368,1,2.453861
