start,duration,direction,throughput
0.3177,0.047514,0,6.659248
94.216988,0.118951,1,2.659979
