start,duration,direction,throughput
0.322294,0.021887,0,6.424901
39.453999,0.052979,1,2.654346
