start,duration,direction,throughput
0.319829,0.027759,0,6.895396
54.011448,0.07325,1,2.613068
