start,duration,direction,throughput
3.760552,0.02596,0,7.523512
3.866338,2e-06,1,0.09552
4.009928,2e-06,1,0.425747
