start,duration,direction,throughput
2.588593,0.017138,0,7.521773
2.658579,2e-06,1,0.09552
2.754019,2e-06,1,0.425747
