start,duration,direction,throughput
1.416355,0.00802,0,7.792912
1.450446,2e-06,1,0.096761
1.497535,2e-06,1,0.444811
