start,duration,direction,throughput
1.970569,0.012279,0,7.635189
2.021391,3e-06,1,0.091982
2.0911,2e-06,1,0.419751
