start,duration,direction,throughput
4.736997,0.033443,0,7.475438
4.872668,3e-06,1,0.088697
5.055326,2e-06,1,0.425747
