start,duration,direction,throughput
3.418052,0.023324,0,7.536358
3.513289,2e-06,1,0.098034
3.642292,2e-06,1,0.438269
