start,duration,direction,throughput
1.70577,0.011307,0,6.909212
1.749359,2e-06,1,0.096761
1.807756,2e-06,1,0.438269
