start,duration,direction,throughput
2.521243,0.016437,0,7.604848
2.588829,3e-06,1,0.094311
2.681158,2e-06,1,0.431918
