start,duration,direction,throughput
3.078163,0.020466,0,7.63468
3.162531,2e-06,1,0.096761
3.277372,2e-06,1,0.438269
