start,duration,direction,throughput
2.399713,0.041726,0,2.808505
2.489473,3e-06,1,0.089766
2.575974,2e-06,1,0.431918
