start,duration,direction,throughput
0.30896,0.000227,0,8.59881
0.309317,0.000228,0,8.567427
0.314225,0.000203,1,9.626854
