start,duration,direction,throughput
0.323862,1.6e-05,0,7.407179
0.323913,1.5e-05,0,7.881606
0.326106,1.4e-05,1,8.591661
