start,duration,direction,throughput
22.941529,0.073659,0,3.394039
23.015883,0.034497,0,7.246923
23.072273,0.098651,1,2.534183
