start,duration,direction,throughput
0.313517,0.00053,0,7.369546
0.314197,0.000528,0,7.396338
0.331956,0.00153,1,2.553215
