start,duration,direction,throughput
0.303171,0.000991,0,7.881018
0.304294,0.000996,0,7.845309
0.37163,0.002779,1,2.811032
