start,duration,direction,throughput
0.339206,1.2e-05,0,5.072736
0.339248,1.2e-05,0,5.141101
0.339309,8e-06,1,7.690922
