start,duration,H2D,D2H,D2D,Throughput
22.941529,0.073659,1,0,0,3.394039
23.015883,0.034497,1,0,0,7.246923
23.050393,0.021878,0,0,0,0
23.072273,0.098651,0,1,0,2.534183
