start,duration,H2D,D2H,D2D,Throughput
90.200755,0.132689,1,0,0,7.536438
90.335035,0.132259,1,0,0,7.560922
90.467309,0.088079,0,0,0,0
90.555397,0.373789,0,1,0,2.675304
