start,duration,H2D,D2H,D2D,Throughput
0.5997,0.000106,1,0,0,9.194638
0.600062,0.000106,1,0,0,9.247663
0.600174,9.2e-05,0,0,0,0
0.60027,0.000101,0,1,0,9.700342
