start,duration,direction,throughput
0.882017,0.000445,0,8.774383
0.882661,0.000455,0,8.59338
0.88348,0.001298,1,3.009227
