start,duration,H2D,D2H,D2D,Throughput
0.339206,1.2e-05,1,0,0,5.072736
0.339248,1.2e-05,1,0,0,5.141101
0.339296,1e-05,0,0,0,0
0.339309,8e-06,0,1,0,7.690922
