start,duration,direction,throughput
0.5997,0.000106,0,9.194638
0.600062,0.000106,0,9.247663
0.60027,0.000101,1,9.700342
