start,duration,H2D,D2H,D2D,Throughput
0.882017,0.000445,1,0,0,8.774383
0.882661,0.000455,1,0,0,8.59338
0.883124,0.000351,0,0,0,0
0.88348,0.001298,0,1,0,3.009227
