start,duration,direction,throughput
90.200755,0.132689,0,7.536438
90.335035,0.132259,0,7.560922
90.555397,0.373789,1,2.675304
