start,duration,direction,throughput
5.959498,0.008092,0,7.723761
5.968059,0.008106,0,7.710526
5.981691,0.022616,1,2.763568
