start,duration,direction,throughput
1.857222,0.001993,0,7.839149
1.85947,0.002032,0,7.6911
1.862894,0.005279,1,2.959686
