start,duration,direction,throughput
0.505645,2.9e-05,0,8.486535
0.505718,2.8e-05,0,8.581996
0.505799,2.7e-05,1,9.20313
