start,duration,H2D,D2H,D2D,Throughput
5.959498,0.008092,1,0,0,7.723761
5.968059,0.008106,1,0,0,7.710526
5.9762,0.005481,0,0,0,0
5.981691,0.022616,0,1,0,2.763568
