start,duration,H2D,D2H,D2D,Throughput
1.857222,0.001993,1,0,0,7.839149
1.85947,0.002032,1,0,0,7.6911
1.861511,0.001374,0,0,0,0
1.862894,0.005279,0,1,0,2.959686
