start,duration,direction,throughput
0.388798,0.038036,1,3.286329
0.42708,4e-05,1,6.069526
