start,duration,direction,throughput
0.433496,0.038402,1,3.255013
0.472154,4e-05,1,6.064702
