start,duration,direction,throughput
0.405376,0.038081,1,3.28251
0.443721,4e-05,1,6.098637
