start,duration,direction,throughput
0.405152,0.038534,1,3.243885
0.443942,4e-05,1,6.074359
