start,duration,direction,throughput
0.435868,0.038484,1,3.248069
0.474606,4e-05,1,6.103516
