start,duration,direction,throughput
0.429476,0.0377,1,3.315639
0.467429,4e-05,1,6.093766
