start,duration,direction,throughput
0.411161,0.038587,1,3.239393
0.450035,4e-05,1,6.069526
