start,duration,direction,throughput
0.381409,0.038293,1,3.26428
0.419969,4e-05,1,6.098484
