start,duration,direction,throughput
0.381954,0.038689,1,3.230933
0.420906,4e-05,1,6.103363
