start,duration,H2D,D2H,D2D,Throughput
7.635647,0.046285,1,0,0,8.241703
7.682703,0.045223,0,0,0,0
7.733057,0.000876,1,0,0,8.708003
7.733946,1e-06,1,0,0,0.909495
7.734019,0.011639,0,0,0,0
7.745676,0.000847,0,1,0,9.00806
7.791147,0.000876,1,0,0,8.711821
7.792036,1e-06,1,0,0,0.881934
7.792098,0.011629,0,0,0,0
7.803742,0.000849,0,1,0,8.987696
