start,duration,direction,throughput
7.520806,0.053665,0,7.10832
7.639643,0.000428,0,8.907454
7.640086,1e-06,0,1.57318
7.652078,0.000504,1,7.57454
7.692619,0.000445,0,8.567521
7.693078,1e-06,0,1.531781
7.705073,0.000544,1,7.013897
