start,duration,threads_x,threads_y,threads_z
2.849906,0.010877,1048576.0,1.0,1.0
2.86485,0.003919,16384.0,64.0,1.0
2.887135,0.003905,16384.0,64.0,1.0
