start,duration,threads_x,threads_y,threads_z
1.961136,0.008506,831744.0,1.0,1.0
1.973583,0.003165,14592.0,57.0,1.0
1.991304,0.003157,14592.0,57.0,1.0
