start,duration,H2D,D2H,D2D,Throughput
2.832316,0.017056,1,0,0,7.604558
2.849906,0.010877,0,0,0,0
2.864295,0.000466,1,0,0,8.187926
2.864773,1e-06,1,0,0,0.549739
2.86485,0.003919,0,0,0,0
2.868788,0.000431,0,1,0,8.852531
2.886589,0.000459,1,0,0,8.304862
2.887063,1e-06,1,0,0,0.638407
2.887135,0.003905,0,0,0,0
2.891058,0.000428,0,1,0,8.921432
