start,duration,H2D,D2H,D2D,Throughput
7.520806,0.053665,1,0,0,7.10832
7.575396,0.060774,0,0,0,0
7.639643,0.000428,1,0,0,8.907454
7.640086,1e-06,1,0,0,1.57318
7.640147,0.011911,0,0,0,0
7.652078,0.000504,0,1,0,7.57454
7.692619,0.000445,1,0,0,8.567521
7.693078,1e-06,1,0,0,1.531781
7.693144,0.011911,0,0,0,0
7.705073,0.000544,0,1,0,7.013897
