start,duration,direction,throughput
2.832316,0.017056,0,7.604558
2.864295,0.000466,0,8.187926
2.864773,1e-06,0,0.549739
2.868788,0.000431,1,8.852531
2.886589,0.000459,0,8.304862
2.887063,1e-06,0,0.638407
2.891058,0.000428,1,8.921432
