start,duration,threads_x,threads_y,threads_z
7.682703,0.045223,2073600.0,1.0,1.0
7.734019,0.011639,23040.0,90.0,1.0
7.792098,0.011629,23040.0,90.0,1.0
