start,duration,threads_x,threads_y,threads_z
7.575396,0.060774,1048576.0,1.0,1.0
7.640147,0.011911,16384.0,64.0,1.0
7.693144,0.011911,16384.0,64.0,1.0
