start,duration,direction,throughput
7.635647,0.046285,0,8.241703
7.733057,0.000876,0,8.708003
7.733946,1e-06,0,0.909495
7.745676,0.000847,1,9.00806
7.791147,0.000876,0,8.711821
7.792036,1e-06,0,0.881934
7.803742,0.000849,1,8.987696
