start,duration,direction,throughput
0.313985,0.018237,0,7.235935
0.332368,0.044383,0,7.251921
0.376899,0.011082,0,7.260915
0.388138,0.044273,0,7.270026
2.277114,0.074268,1,4.33384
