start,duration,H2D,D2H,D2D,Throughput
0.321482,0.096329,1,0,0,4.623549
0.417965,0.22158,1,0,0,4.902494
0.639705,0.039342,1,0,0,6.902949
0.679192,0.157844,1,0,0,6.882098
0.837067,6.256459,0,0,0,0
7.093681,0.113529,0,1,0,9.568404
