start,duration,direction,throughput
0.315401,0.011259,0,6.782738
0.326823,0.027112,0,6.870256
0.354082,0.006727,0,6.921972
0.360958,0.026995,0,6.899859
1.448536,0.067555,1,2.757229
