start,duration,H2D,D2H,D2D,Throughput
0.319876,0.148691,1,0,0,4.108831
0.468714,0.274448,1,0,0,5.429509
0.743312,0.068061,1,0,0,5.473452
0.811522,0.205926,1,0,0,7.236188
1.017498,8.602406,0,0,0,0
9.620145,0.218537,0,1,0,6.818583
