start,duration,direction,throughput
0.321482,0.096329,0,4.623549
0.417965,0.22158,0,4.902494
0.639705,0.039342,0,6.902949
0.679192,0.157844,0,6.882098
7.093681,0.113529,1,9.568404
