start,duration,H2D,D2H,D2D,Throughput
0.315942,0.028064,1,0,0,7.467058
0.34415,0.069598,1,0,0,7.343769
0.413895,0.017414,1,0,0,7.337784
0.432439,0.096224,1,0,0,5.311641
0.528672,2.926073,0,0,0,0
3.454893,0.088069,0,1,0,5.803546
