start,duration,H2D,D2H,D2D,Throughput
0.319571,0.000624,1,0,0,7.838591
0.320326,0.00152,1,0,0,7.842943
0.321976,0.000375,1,0,0,7.945654
0.322483,0.001548,1,0,0,7.703148
0.324039,0.063609,0,0,0,0
0.387707,0.001313,0,1,0,9.077543
