start,duration,direction,throughput
0.319876,0.148691,0,4.108831
0.468714,0.274448,0,5.429509
0.743312,0.068061,0,5.473452
0.811522,0.205926,0,7.236188
9.620145,0.218537,1,6.818583
