start,duration,H2D,D2H,D2D,Throughput
0.313985,0.018237,1,0,0,7.235935
0.332368,0.044383,1,0,0,7.251921
0.376899,0.011082,1,0,0,7.260915
0.388138,0.044273,1,0,0,7.270026
0.432419,1.844554,0,0,0,0
2.277114,0.074268,0,1,0,4.33384
