start,duration,direction,throughput
0.327668,6.7e-05,0,9.139218
0.327901,0.000161,0,9.231927
0.328145,4.2e-05,0,8.954809
0.328352,0.000162,0,9.20086
0.335972,0.000156,1,9.534302
