start,duration,direction,throughput
0.315942,0.028064,0,7.467058
0.34415,0.069598,0,7.343769
0.413895,0.017414,0,7.337784
0.432439,0.096224,0,5.311641
3.454893,0.088069,1,5.803546
