start,duration,direction,throughput
0.311223,0.002112,0,7.808672
0.313474,0.005344,0,7.528351
0.318952,0.001306,0,7.701796
0.3204,0.005362,0,7.503461
0.547546,0.004249,1,9.468269
