start,duration,H2D,D2H,D2D,Throughput
0.311223,0.002112,1,0,0,7.808672
0.313474,0.005344,1,0,0,7.528351
0.318952,0.001306,1,0,0,7.701796
0.3204,0.005362,1,0,0,7.503461
0.325776,0.221701,0,0,0,0
0.547546,0.004249,0,1,0,9.468269
