start,duration,direction,throughput
0.319571,0.000624,0,7.838591
0.320326,0.00152,0,7.842943
0.321976,0.000375,0,7.945654
0.322483,0.001548,0,7.703148
0.387707,0.001313,1,9.077543
