start,duration,H2D,D2H,D2D,Throughput
0.327668,6.7e-05,1,0,0,9.139218
0.327901,0.000161,1,0,0,9.231927
0.328145,4.2e-05,1,0,0,8.954809
0.328352,0.000162,1,0,0,9.20086
0.328521,0.007398,0,0,0,0
0.335972,0.000156,0,1,0,9.534302
