start,duration,direction,throughput
0.307553,0.004992,0,7.832084
0.312676,0.012192,0,7.821893
0.325001,0.003055,0,7.804193
0.328188,0.012177,0,7.831656
0.874914,0.01013,1,9.414638
