start,duration,direction,throughput
0.31473,0.028041,0,6.448353
0.342933,0.024893,0,7.263753
0.645025,0.069069,1,2.617894
