start,duration,direction,throughput
0.311132,0.024762,0,7.302069
0.33605,0.024739,0,7.308983
0.871907,0.066898,1,2.702887
