start,duration,direction,throughput
0.313852,0.028267,0,6.396701
0.342297,0.028029,0,6.45105
1.115677,0.067875,1,2.663952
