start,duration,direction,throughput
0.312659,0.02823,0,6.405127
0.341069,0.029415,0,6.147099
1.350882,0.068739,1,2.630486
