start,duration,direction,throughput
0.31105,0.024203,0,7.470874
0.335409,0.023901,0,7.565299
1.57337,0.067013,1,2.698248
