start,duration,direction,throughput
0.310281,0.024589,0,7.353602
0.335025,0.024725,0,7.312963
1.807524,0.067381,1,2.68348
