start,duration,direction,throughput
0.316362,0.026216,0,6.897083
0.342752,0.026396,0,6.850208
2.052916,0.076385,1,2.367186
