start,duration,direction,throughput
0.309188,0.024694,0,7.322436
0.334042,0.024768,0,7.300364
2.274736,0.06671,1,2.710477
