start,duration,direction,throughput
0.315821,0.026473,0,6.830321
0.342451,0.024754,0,7.304399
2.751554,0.067959,1,2.660684
