start,duration,direction,throughput
0.393059,0.012814,0,7.620902
0.406009,0.01284,0,7.605783
220.449867,0.036105,1,2.704808
