start,duration,direction,throughput
0.355522,0.004635,0,7.585603
0.360279,0.004603,0,7.637652
47.954982,0.014301,1,2.458292
