start,duration,direction,throughput
0.330827,0.00048,0,8.135783
0.331439,0.00049,0,7.968995
2.115955,0.001318,1,2.962845
