start,duration,direction,throughput
0.327561,4.3e-05,0,8.936229
0.327711,8.2e-05,0,9.353302
0.443239,8.2e-05,1,9.302211
