start,duration,direction,throughput
0.337126,0.001987,0,7.865023
0.339248,0.002011,0,7.768422
14.459744,0.004771,1,3.274935
