start,duration,direction,throughput
0.520319,0.041491,0,7.625961
0.561946,0.0414,0,7.642612
1283.334765,0.105025,1,3.01268
