start,duration,direction,throughput
0.366118,0.008344,0,7.490716
0.374599,0.008285,0,7.543429
113.16052,0.025742,1,2.427969
