start,duration,direction,throughput
0.45534,0.027012,0,7.086058
0.4825,0.02647,0,7.23102
604.283607,0.070041,1,2.732762
