start,duration,direction,throughput
0.584778,0.056143,0,6.957717
0.641068,0.053996,0,7.23436
1760.910023,0.148786,1,2.625417
