start,duration,direction,throughput
0.395251,0.017079,0,8.23402
0.412456,0.017023,0,8.260983
380.56579,0.059808,1,2.351289
