start,duration,direction,throughput
0.487477,0.032217,0,7.759784
0.519818,0.032116,0,7.784394
901.939055,0.103556,1,2.414148
