start,duration,direction,throughput
0.403498,0.002178,0,7.173875
0.405838,0.002163,0,7.222688
0.424985,0.006004,1,2.602609
0.431255,0.005085,1,3.072577
