start,duration,direction,throughput
0.35983,0.000996,0,7.842773
0.360957,0.000997,0,7.839507
0.370034,0.002486,1,3.143151
0.373457,0.002404,1,3.250318
