start,duration,direction,throughput
0.433338,0.003205,0,7.312658
0.436677,0.003021,0,7.757718
0.464357,9.1e-05,2,86.085308
0.464451,9.1e-05,2,85.933805
0.466253,0.00857,1,2.734714
0.475987,0.008687,1,2.698054
