start,duration,direction,throughput
0.342736,0.000523,0,7.474203
0.343401,0.000534,0,7.31476
0.348063,0.001399,1,2.792824
0.350156,0.001549,1,2.521196
