start,duration,direction,throughput
0.47272,0.004017,0,7.779128
0.476867,0.004028,0,7.757374
0.517202,0.011122,1,2.809666
0.52946,0.01102,1,2.835848
