start,duration,direction,throughput
0.628763,0.00828,0,7.548147
0.637179,0.008287,0,7.542318
0.721262,0.022909,1,2.728171
0.745313,0.022848,1,2.73545
