start,duration,direction,throughput
0.3791,0.001663,0,7.045012
0.380905,0.001502,0,7.802591
0.393927,4.7e-05,2,83.837701
0.393978,4.7e-05,2,83.897122
0.394914,0.004027,1,2.91033
0.400001,0.004049,1,2.893909
