start,duration,direction,throughput
0.467031,0.00419,0,6.526652
0.47138,0.004131,0,6.619687
0.502591,4.7e-05,2,83.8395
0.50264,4.7e-05,2,83.780161
0.506706,0.010236,1,2.671418
0.518142,0.00998,1,2.739788
