start,duration,direction,throughput
0.943612,0.017591,0,7.105799
0.961354,0.017394,0,7.186445
1.13559,0.046436,1,2.691897
1.183166,0.04635,1,2.696894
