start,duration,direction,throughput
0.342408,1.6e-05,0,7.675447
0.404867,9e-06,1,6.986625
