start,duration,direction,throughput
0.358135,1.6e-05,0,7.629395
0.42124,9e-06,1,6.836375
