start,duration,direction,throughput
0.34089,1.6e-05,0,7.674965
0.403662,9e-06,1,6.787718
