start,duration,threads_x,threads_y,threads_z
0.332183,0.002367,76800.0,1.0,1.0
0.334646,0.073581,76800.0,1.0,1.0
