start,duration,H2D,D2H,D2D,Throughput
0.306452,1e-06,0,0,0,0
0.313053,0.015528,0,0,0,0
0.328654,1.6e-05,1,0,0,7.568844
0.328676,0.062897,0,0,0,0
0.391577,9e-06,0,1,0,6.986625
