start,duration,direction,throughput
0.329336,1.6e-05,0,7.660035
0.393582,9e-06,1,6.910683
