start,duration,H2D,D2H,D2D,Throughput
0.315904,2e-06,0,0,0,0
0.322434,0.006828,0,0,0,0
0.329336,1.6e-05,1,0,0,7.660035
0.329358,0.064222,0,0,0,0
0.393582,9e-06,0,1,0,6.910683
