start,duration,H2D,D2H,D2D,Throughput
0.341807,2e-06,0,0,0,0
0.348399,0.013344,0,0,0,0
0.361823,1.6e-05,1,0,0,7.58342
0.361845,0.062275,0,0,0,0
0.424124,9e-06,0,1,0,6.787718
