start,duration,direction,throughput
0.334623,1.6e-05,0,7.675447
0.408235,9e-06,1,6.986625
