start,duration,threads_x,threads_y,threads_z
0.336229,0.004587,153600.0,1.0,1.0
0.340913,0.062741,153600.0,1.0,1.0
