start,duration,direction,throughput
0.328654,1.6e-05,0,7.568844
0.391577,9e-06,1,6.986625
