start,duration,threads_x,threads_y,threads_z
0.338137,0.019923,691200.0,1.0,1.0
0.358158,0.063075,691200.0,1.0,1.0
