start,duration,H2D,D2H,D2D,Throughput
0.329844,2e-06,0,0,0,0
0.336415,0.011147,0,0,0,0
0.347637,1.6e-05,1,0,0,7.674965
0.347658,0.064086,0,0,0,0
0.411747,9e-06,0,1,0,6.961126
