start,duration,threads_x,threads_y,threads_z
0.333376,0.00896,307200.0,1.0,1.0
0.342429,0.062431,307200.0,1.0,1.0
