start,duration,threads_x,threads_y,threads_z
0.336415,0.011147,384000.0,1.0,1.0
0.347658,0.064086,384000.0,1.0,1.0
