start,duration,direction,throughput
0.347637,1.6e-05,0,7.674965
0.411747,9e-06,1,6.961126
