start,duration,H2D,D2H,D2D,Throughput
0.326834,1e-06,0,0,0,0
0.333376,0.00896,0,0,0,0
0.342408,1.6e-05,1,0,0,7.675447
0.342429,0.062431,0,0,0,0
0.404867,9e-06,0,1,0,6.986625
