start,duration,threads_x,threads_y,threads_z
0.339384,0.017755,614400.0,1.0,1.0
0.357232,0.062529,614400.0,1.0,1.0
