start,duration,H2D,D2H,D2D,Throughput
0.329714,1e-06,0,0,0,0
0.336229,0.004587,0,0,0,0
0.34089,1.6e-05,1,0,0,7.674965
0.340913,0.062741,0,0,0,0
0.403662,9e-06,0,1,0,6.787718
