start,duration,H2D,D2H,D2D,Throughput
0.331496,1e-06,0,0,0,0
0.338137,0.019923,0,0,0,0
0.358135,1.6e-05,1,0,0,7.629395
0.358158,0.063075,0,0,0,0
0.42124,9e-06,0,1,0,6.836375
