start,duration,direction,throughput
0.361823,1.6e-05,0,7.58342
0.424124,9e-06,1,6.787718
