start,duration,threads_x,threads_y,threads_z
0.334245,0.022119,768000.0,1.0,1.0
0.35646,0.062635,768000.0,1.0,1.0
