start,duration,H2D,D2H,D2D,Throughput
0.332754,1e-06,0,0,0,0
0.339384,0.017755,0,0,0,0
0.357211,1.6e-05,1,0,0,7.614166
0.357232,0.062529,0,0,0,0
0.419771,9e-06,0,1,0,6.961126
