start,duration,direction,throughput
0.357211,1.6e-05,0,7.614166
0.419771,9e-06,1,6.961126
