start,duration,threads_x,threads_y,threads_z
0.313053,0.015528,537600.0,1.0,1.0
0.328676,0.062897,537600.0,1.0,1.0
