start,duration,threads_x,threads_y,threads_z
0.322434,0.006828,230400.0,1.0,1.0
0.329358,0.064222,230400.0,1.0,1.0
