start,duration,H2D,D2H,D2D,Throughput
0.327582,2e-06,0,0,0,0
0.334245,0.022119,0,0,0,0
0.356438,1.6e-05,1,0,0,7.583891
0.35646,0.062635,0,0,0,0
0.419098,9e-06,0,1,0,6.961126
