start,duration,threads_x,threads_y,threads_z
0.348399,0.013344,460800.0,1.0,1.0
0.361845,0.062275,460800.0,1.0,1.0
