start,duration,direction,throughput
0.356438,1.6e-05,0,7.583891
0.419098,9e-06,1,6.961126
