start,duration,threads_x,threads_y,threads_z
0.319143,2e-06,512.0,1.0,1.0
0.320783,0.000638,262144.0,1.0,1.0
