start,duration,H2D,D2H,D2D,Throughput
0.330019,2e-06,1,0,0,0.068987
0.330033,1e-06,1,0,0,0.133046
0.330087,3e-06,0,0,0,0
0.330104,2e-06,0,1,0,0.074506
0.330516,1.6e-05,1,0,0,7.568844
0.330565,1.6e-05,1,0,0,7.538462
0.330613,1.5e-05,1,0,0,8.047885
0.330643,1e-06,0,0,0,0
0.330658,1e-06,0,0,0,0
0.330682,1e-06,1,0,0,0.372529
0.330698,5.7e-05,0,0,0,0
0.330793,1.4e-05,0,1,0,8.553133
0.330892,1.4e-05,0,1,0,8.571751
