start,duration,H2D,D2H,D2D,Throughput
0.31907,1e-06,1,0,0,0.161969
0.319085,1e-06,1,0,0,0.248353
0.319143,2e-06,0,0,0,0
0.31916,2e-06,0,1,0,0.15522
0.319682,0.000105,1,0,0,9.343933
0.320013,0.000104,1,0,0,9.35826
0.320362,0.000104,1,0,0,9.372631
0.320556,1e-06,0,0,0,0
0.320737,1e-06,0,0,0,0
0.320765,1e-06,1,0,0,0.693077
0.320783,0.000638,0,0,0,0
0.321934,0.000106,0,1,0,9.230793
0.322673,0.000102,0,1,0,9.548492
