start,duration,direction,throughput
0.387186,0.000136,0,9.268667
0.387449,2.3e-05,0,8.23305
0.387512,2.2e-05,0,8.36317
0.399874,0.000241,1,9.284675
