start,duration,H2D,D2H,D2D,Throughput
0.387186,0.000136,1,0,0,9.268667
0.387449,2.3e-05,1,0,0,8.23305
0.387512,2.2e-05,1,0,0,8.36317
0.387845,0.000172,0,0,0,0
0.388281,0.004574,0,0,0,0
0.393224,0.004589,0,0,0,0
0.398406,1e-06,0,0,0,0
0.398468,0.001371,0,0,0,0
0.399874,0.000241,0,1,0,9.284675
