start,duration,direction,throughput
0.338917,0.000536,0,8.685211
0.33956,2e-06,0,0.118791
0.339572,1e-06,0,0.207885
2.019232,0.014115,1,2.638727
