start,duration,H2D,D2H,D2D,Throughput
0.338917,0.000536,1,0,0,8.685211
0.33956,2e-06,1,0,0,0.118791
0.339572,1e-06,1,0,0,0.207885
0.339904,0.000173,0,0,0,0
0.340364,0.005022,0,0,0,0
0.345777,0.005006,0,0,0,0
0.351124,1e-06,0,0,0,0
0.351329,1.667814,0,0,0,0
2.019232,0.014115,0,1,0,2.638727
