start,duration,H2D,D2H,D2D,Throughput
0.366615,0.001266,1,0,0,7.354105
0.367985,2e-06,1,0,0,0.116415
0.367997,1e-06,1,0,0,0.207885
0.36834,0.00018,0,0,0,0
0.368815,0.005304,0,0,0,0
0.374512,0.005311,0,0,0,0
0.380245,1e-06,0,0,0,0
0.380646,3.267826,0,0,0,0
3.648608,0.031815,0,1,0,2.34159
