start,duration,direction,throughput
0.366615,0.001266,0,7.354105
0.367985,2e-06,0,0.116415
0.367997,1e-06,0,0.207885
3.648608,0.031815,1,2.34159
