start,duration,H2D,D2H,D2D,Throughput
0.342789,0.000704,1,0,0,7.936687
0.343602,2e-06,1,0,0,0.069849
0.34362,1e-06,1,0,0,0.12935
0.343982,0.000172,0,0,0,0
0.344477,0.005814,0,0,0,0
0.350708,0.005852,0,0,0,0
0.356948,1e-06,0,0,0,0
0.357194,3.155652,0,0,0,0
3.512984,0.017172,0,1,0,2.603021
