start,duration,direction,throughput
0.342789,0.000704,0,7.936687
0.343602,2e-06,0,0.069849
0.34362,1e-06,0,0.12935
3.512984,0.017172,1,2.603021
