start,duration,direction,throughput
0.758242,0.001744,0,8.007974
0.760091,2e-06,0,0.065895
0.760104,1e-06,0,0.124731
8.50965,0.041234,1,2.710251
