start,duration,H2D,D2H,D2D,Throughput
0.758242,0.001744,1,0,0,8.007974
0.760091,2e-06,1,0,0,0.065895
0.760104,1e-06,1,0,0,0.124731
0.760457,0.000172,0,0,0,0
0.76095,0.005585,0,0,0,0
0.766948,0.005584,0,0,0,0
0.773011,1e-06,0,0,0,0
0.773611,7.735891,0,0,0,0
8.50965,0.041234,0,1,0,2.710251
