start,duration,H2D,D2H,D2D,Throughput
0.525483,0.002217,1,0,0,8.402124
0.527797,2e-06,1,0,0,0.093132
0.527809,1e-06,1,0,0,0.172467
0.528154,0.000172,0,0,0,0
0.52861,0.005046,0,0,0,0
0.534041,0.004925,0,0,0,0
0.539439,1e-06,0,0,0,0
0.540238,7.851344,0,0,0,0
8.391726,0.055071,0,1,0,2.705717
