start,duration,direction,throughput
0.525483,0.002217,0,8.402124
0.527797,2e-06,0,0.093132
0.527809,1e-06,0,0.172467
8.391726,0.055071,1,2.705717
