start,duration,direction,throughput
0.414689,0.002553,0,8.206958
0.417362,2e-06,0,0.104774
0.417374,1e-06,0,0.194026
8.368086,0.064271,1,2.608216
