start,duration,H2D,D2H,D2D,Throughput
0.424484,0.001422,1,0,0,8.186966
0.426012,2e-06,1,0,0,0.058208
0.426025,1e-06,1,0,0,0.103942
0.426362,0.000172,0,0,0,0
0.426838,0.005202,0,0,0,0
0.432406,0.005136,0,0,0,0
0.437979,1e-06,0,0,0,0
0.438482,7.227307,0,0,0,0
7.66594,0.035202,0,1,0,2.645577
