start,duration,direction,throughput
0.424484,0.001422,0,8.186966
0.426012,2e-06,0,0.058208
0.426025,1e-06,0,0.103942
7.66594,0.035202,1,2.645577
