start,duration,direction,throughput
0.634352,0.013504,0,3.103605
0.648223,1.4e-05,0,0.012288
0.648253,6e-06,0,0.026575
