start,duration,H2D,D2H,D2D,Throughput
0.634352,0.013504,1,0,0,3.103605
0.648223,1.4e-05,1,0,0,0.012288
0.648253,6e-06,1,0,0,0.026575
0.648466,0.000512,0,0,0,0
0.649259,0.011634,0,0,0,0
0.661193,0.011825,0,0,0,0
0.673888,4.4e-05,0,0,0,0
