start,duration,threads_x,threads_y,threads_z
0.861212,0.746597,32768.0,1.0,1.0
1.607934,0.06287,32768.0,1.0,1.0
