start,duration,threads_x,threads_y,threads_z
0.453018,0.143807,16384.0,1.0,1.0
0.596862,0.012926,16384.0,1.0,1.0
