start,duration,direction,throughput
0.314424,0.546557,0,7.318542
0.861015,1.6e-05,0,7.817003
0.861064,1.5e-05,0,7.980538
0.861107,1.5e-05,0,8.047885
0.861151,1.5e-05,0,8.099145
1.670838,1.5e-05,1,8.365564
1.670953,1.4e-05,1,8.458309
