start,duration,H2D,D2H,D2D,Throughput
0.314522,0.138299,1,0,0,7.230717
0.452854,1.2e-05,1,0,0,5.154996
0.452889,1.2e-05,1,0,0,5.141101
0.452923,1.2e-05,1,0,0,5.154996
0.452957,1.2e-05,1,0,0,5.141101
0.453018,0.143807,0,0,0,0
0.596862,0.012926,0,0,0,0
0.609806,8e-06,0,1,0,7.335956
0.609882,8e-06,0,1,0,7.450581
