start,duration,threads_x,threads_y,threads_z
0.378194,0.030157,10240.0,1.0,1.0
0.408384,0.006108,10240.0,1.0,1.0
