start,duration,H2D,D2H,D2D,Throughput
0.315827,0.062189,1,0,0,6.281298
0.378045,8e-06,1,0,0,4.926004
0.378072,8e-06,1,0,0,4.905732
0.3781,8e-06,1,0,0,4.926004
0.378127,8e-06,1,0,0,4.905732
0.378194,0.030157,0,0,0,0
0.408384,0.006108,0,0,0,0
0.41451,6e-06,0,1,0,6.442657
0.414565,6e-06,0,1,0,6.586149
