start,duration,direction,throughput
0.315827,0.062189,0,6.281298
0.378045,8e-06,0,4.926004
0.378072,8e-06,0,4.905732
0.3781,8e-06,0,4.926004
0.378127,8e-06,0,4.905732
0.41451,6e-06,1,6.442657
0.414565,6e-06,1,6.586149
