start,duration,H2D,D2H,D2D,Throughput
0.310588,0.213397,1,0,0,7.322021
0.524012,1.1e-05,1,0,0,7.053804
0.524046,1.1e-05,1,0,0,7.224805
0.524078,1e-05,1,0,0,7.404304
0.524111,1e-05,1,0,0,7.268859
0.524175,0.264414,0,0,0,0
0.788622,0.019495,0,0,0,0
0.808133,1e-05,0,1,0,7.715812
0.808219,1e-05,0,1,0,7.817003
