start,duration,threads_x,threads_y,threads_z
0.524175,0.264414,20480.0,1.0,1.0
0.788622,0.019495,20480.0,1.0,1.0
