start,duration,threads_x,threads_y,threads_z
0.831127,0.684077,30720.0,1.0,1.0
1.515319,0.042518,30720.0,1.0,1.0
