start,duration,direction,throughput
0.319229,0.511669,0,6.870898
0.830931,1.5e-05,0,7.544892
0.830972,1.5e-05,0,7.690922
0.831017,1.4e-05,0,7.964986
0.831059,1.4e-05,0,7.912121
1.557873,1.4e-05,1,8.000623
1.557997,1.4e-05,1,8.22133
