start,duration,direction,throughput
0.319227,0.815091,0,7.667852
1.134356,1.9e-05,0,8.027562
1.134411,1.9e-05,0,8.095707
1.134462,1.9e-05,0,8.179025
1.134512,1.9e-05,0,8.22133
3.144366,1.8e-05,1,8.499771
3.144508,1.8e-05,1,8.701408
