start,duration,H2D,D2H,D2D,Throughput
0.319227,0.815091,1,0,0,7.667852
1.134356,1.9e-05,1,0,0,8.027562
1.134411,1.9e-05,1,0,0,8.095707
1.134462,1.9e-05,1,0,0,8.179025
1.134512,1.9e-05,1,0,0,8.22133
1.134583,1.928544,0,0,0,0
3.063166,0.081153,0,0,0,0
3.144366,1.8e-05,0,1,0,8.499771
3.144508,1.8e-05,0,1,0,8.701408
