start,duration,threads_x,threads_y,threads_z
1.134583,1.928544,40960.0,1.0,1.0
3.063166,0.081153,40960.0,1.0,1.0
