start,duration,H2D,D2H,D2D,Throughput
0.316888,0.205465,1,0,0,7.252425
0.522379,1.1e-05,1,0,0,6.950168
0.522412,1e-05,1,0,0,7.098495
0.522443,1e-05,1,0,0,7.298766
0.522474,1e-05,1,0,0,7.321718
0.522538,0.260217,0,0,0,0
0.78279,0.018555,0,0,0,0
0.801364,1e-05,0,1,0,7.658903
0.80145,1e-05,0,1,0,7.786164
