start,duration,threads_x,threads_y,threads_z
0.522538,0.260217,20224.0,1.0,1.0
0.78279,0.018555,20224.0,1.0,1.0
