start,duration,H2D,D2H,D2D,Throughput
0.323091,0.888487,1,0,0,6.708552
1.211618,1.8e-05,1,0,0,8.169496
1.211667,1.8e-05,1,0,0,8.300558
1.211716,1.8e-05,1,0,0,8.435893
1.211767,1.8e-05,1,0,0,8.330256
1.211833,1.958538,0,0,0,0
3.170504,0.078893,0,0,0,0
3.249432,1.8e-05,0,1,0,8.374732
3.249583,1.7e-05,0,1,0,8.591537
