start,duration,threads_x,threads_y,threads_z
1.211833,1.958538,40192.0,1.0,1.0
3.170504,0.078893,40192.0,1.0,1.0
