start,duration,direction,throughput
0.323091,0.888487,0,6.708552
1.211618,1.8e-05,0,8.169496
1.211667,1.8e-05,0,8.300558
1.211716,1.8e-05,0,8.435893
1.211767,1.8e-05,0,8.330256
3.249432,1.8e-05,1,8.374732
3.249583,1.7e-05,1,8.591537
