start,duration,threads_x,threads_y,threads_z
1.974338,1.213661,36096.0,1.0,1.0
3.188212,0.068493,36096.0,1.0,1.0
