start,duration,direction,throughput
0.318953,0.311219,0,6.894708
0.630202,1.2e-05,0,7.510666
0.630239,1.2e-05,0,7.718143
0.630274,1.2e-05,0,7.571728
0.630309,1.2e-05,0,7.696881
1.093494,1.1e-05,1,7.892564
1.093591,1.1e-05,1,8.075051
