start,duration,threads_x,threads_y,threads_z
0.630372,0.436765,24064.0,1.0,1.0
1.067173,0.026301,24064.0,1.0,1.0
