start,duration,H2D,D2H,D2D,Throughput
0.329132,2e-06,1,0,0,0.244957
0.329185,7e-06,1,0,0,4.863515
0.329201,1e-06,1,0,0,0.074755
0.329244,1.003701,0,0,0,0
1.33295,2e-06,0,1,0,0.195966
1.332978,5e-06,0,1,0,6.524227
