start,duration,direction,throughput
0.327603,2e-06,0,0.715123
0.327671,1.4e-05,0,7.502347
0.327695,1e-06,0,0.05373
4.731806,2e-06,1,0.604155
4.731981,1.2e-05,1,8.239618
