start,duration,direction,throughput
0.330183,2e-06,0,2.027232
0.330339,3.8e-05,0,9.021697
0.330388,1e-06,0,0.498923
1.853376,2e-06,1,1.808915
1.853403,3.8e-05,1,9.059892
