start,duration,H2D,D2H,D2D,Throughput
0.327603,2e-06,1,0,0,0.715123
0.327671,1.4e-05,1,0,0,7.502347
0.327695,1e-06,1,0,0,0.05373
0.327738,4.40406,0,0,0,0
4.731806,2e-06,0,1,0,0.604155
4.731981,1.2e-05,0,1,0,8.239618
