start,duration,direction,throughput
0.323799,8e-06,0,4.815361
0.324081,0.000443,0,7.651522
0.324535,1e-06,0,0.511092
0.378865,6e-06,1,6.231644
0.378893,0.00148,1,2.293557
