start,duration,H2D,D2H,D2D,Throughput
0.323799,8e-06,1,0,0,4.815361
0.324081,0.000443,1,0,0,7.651522
0.324535,1e-06,1,0,0,0.511092
0.324575,0.054287,0,0,0,0
0.378865,6e-06,0,1,0,6.231644
0.378893,0.00148,0,1,0,2.293557
