start,duration,threads_x,threads_y,threads_z
0.326771,3.6e-05,1.0,1.0,1.0
0.326958,7e-06,16384.0,1.0,1.0
0.326968,3.2e-05,16384.0,1.0,1.0
0.327002,3.1e-05,1.0,1.0,1.0
0.32775,0.000108,1024.0,1.0,1.0
0.328221,0.000114,1024.0,1.0,1.0
