start,duration,H2D,D2H,D2D,Throughput
0.326771,3.6e-05,0,0,0,0
0.326958,7e-06,0,0,0,0
0.326968,3.2e-05,0,0,0,0
0.327002,3.1e-05,0,0,0,0
0.327069,9e-06,0,1,0,6.885735
0.32775,0.000108,0,0,0,0
0.327875,3e-06,0,1,0,1.47172
0.328221,0.000114,0,0,0,0
0.328351,2e-06,0,1,0,1.610936
