start,duration,direction,throughput
0.327069,9e-06,1,6.885735
0.327875,3e-06,1,1.47172
0.328351,2e-06,1,1.610936
