start,duration,H2D,D2H,D2D,Throughput
0.325634,3.7e-05,1,0,0,8.635533
0.32572,5e-06,0,0,0,0
0.325759,1.8e-05,0,1,0,8.734008
