start,duration,H2D,D2H,D2D,Throughput
0.325267,0.156911,1,0,0,1.593262
0.482269,0.002228,0,0,0,0
0.484615,0.060992,0,1,0,2.049439
