start,duration,direction,throughput
0.325267,0.156911,0,1.593262
0.484615,0.060992,1,2.049439
