start,duration,direction,throughput
0.325634,3.7e-05,0,8.635533
0.325759,1.8e-05,1,8.734008
