start,duration,H2D,D2H,D2D,Throughput
0.316086,8.8e-05,1,0,0,5.5345
0.316229,6e-06,0,0,0,0
0.316302,4.9e-05,0,1,0,4.954152
