start,duration,direction,throughput
0.316086,8.8e-05,0,5.5345
0.316302,4.9e-05,1,4.954152
