start,duration,H2D,D2H,D2D,Throughput
0.316199,0.000171,1,0,0,5.698828
0.316428,9e-06,0,0,0,0
0.316501,9.3e-05,0,1,0,5.248925
