start,duration,direction,throughput
0.316199,0.000171,0,5.698828
0.316501,9.3e-05,1,5.248925
