start,duration,H2D,D2H,D2D,Throughput
0.315572,0.001198,1,0,0,3.259612
0.316838,3.8e-05,0,0,0,0
0.316943,0.000342,0,1,0,5.708972
