start,duration,direction,throughput
0.315572,0.001198,0,3.259612
0.316943,0.000342,1,5.708972
