start,duration,H2D,D2H,D2D,Throughput
0.312706,0.002225,1,0,0,3.510613
0.314988,7.4e-05,0,0,0,0
0.315126,0.001934,0,1,0,2.020076
