start,duration,direction,throughput
0.312706,0.002225,0,3.510613
0.315126,0.001934,1,2.020076
