start,duration,H2D,D2H,D2D,Throughput
0.317331,0.005208,1,0,0,3.000257
0.322615,0.000144,0,0,0,0
0.322834,0.003885,0,1,0,2.011041
