start,duration,direction,throughput
0.317331,0.005208,0,3.000257
0.322834,0.003885,1,2.011041
