start,duration,H2D,D2H,D2D,Throughput
0.318466,0.010227,1,0,0,3.05575
0.328762,0.000283,0,0,0,0
0.329138,0.007138,0,1,0,2.189081
