start,duration,direction,throughput
0.318466,0.010227,0,3.05575
0.329138,0.007138,1,2.189081
