start,duration,H2D,D2H,D2D,Throughput
0.323952,0.021192,1,0,0,2.949237
0.34523,0.000562,0,0,0,0
0.345912,0.014494,0,1,0,2.156054
