start,duration,direction,throughput
0.323952,0.021192,0,2.949237
0.345912,0.014494,1,2.156054
