start,duration,H2D,D2H,D2D,Throughput
0.320029,0.040683,1,0,0,3.072546
0.360786,0.001116,0,0,0,0
0.362015,0.02779,0,1,0,2.249027
