start,duration,direction,throughput
0.320029,0.040683,0,3.072546
0.362015,0.02779,1,2.249027
