start,duration,direction,throughput
1.037549,0.134076,0,7.459394
1.171761,0.134359,0,7.443639
1.444761,0.382181,1,2.616878
