start,duration,direction,throughput
0.352082,0.004583,0,7.675227
0.356799,0.004673,0,7.528113
0.369858,0.013225,1,2.660077
