start,duration,direction,throughput
0.37534,0.008316,0,7.519287
0.383792,0.00828,0,7.552359
0.40371,0.023909,1,2.615302
