start,duration,direction,throughput
0.403085,0.013018,0,7.504581
0.416238,0.013007,0,7.511135
0.447006,0.036528,1,2.674536
