start,duration,direction,throughput
0.422049,0.018226,0,7.71808
0.440409,0.018343,0,7.668894
0.484044,0.051667,1,2.722654
