start,duration,direction,throughput
0.473055,0.027044,0,7.079626
0.500249,0.026506,0,7.223191
0.556405,0.07032,1,2.72268
