start,duration,direction,throughput
0.516005,0.032741,0,7.637584
0.548868,0.032729,0,7.64034
0.619733,0.098595,1,2.536252
