start,duration,direction,throughput
0.553828,0.04095,0,7.728266
0.59491,0.040932,0,7.73168
0.68854,0.116886,1,2.707557
