start,duration,direction,throughput
0.604394,0.051311,0,7.614419
0.655837,0.051268,0,7.620764
0.766404,0.143968,1,2.713803
