start,duration,direction,throughput
0.669841,0.063235,0,7.475888
0.733212,0.062146,0,7.606924
0.861239,0.177372,1,2.665251
