start,duration,direction,throughput
0.328548,1.9e-05,0,7.947286
0.328579,1e-06,0,0.391837
0.328591,2e-06,0,3.374357
0.328602,2e-06,0,3.374357
0.328614,2e-06,0,3.374357
0.328625,2e-06,0,3.42398
0.34542,4e-06,1,1.847862
0.345443,3e-06,1,2.645803
0.345461,2e-06,1,3.326152
