start,duration,direction,throughput
0.321686,1.9e-05,0,8.027562
0.321717,1e-06,0,0.401633
0.32173,4e-06,0,4.195147
0.321745,4e-06,0,4.195147
0.321759,4e-06,0,4.15769
0.321774,4e-06,0,4.195147
0.351018,5e-06,1,3.14636
0.351045,3e-06,1,4.272122
0.351065,3e-06,1,5.007111
