start,duration,direction,throughput
0.327837,1.9e-05,0,8.027562
0.327868,1e-06,0,0.391837
0.32788,3e-06,0,3.880511
0.327893,3e-06,0,3.880511
0.327905,3e-06,0,3.924112
0.327919,3e-06,0,3.880511
0.350537,4e-06,1,2.549241
0.350562,3e-06,1,3.600474
0.35058,3e-06,1,4.061
