start,duration,direction,throughput
0.32474,6.6e-05,0,9.281361
0.324818,1e-06,0,0.391837
0.324829,2e-06,0,2.425319
0.32484,2e-06,0,2.425319
0.32485,2e-06,0,2.425319
0.324861,2e-06,0,2.425319
0.335055,3e-06,1,1.07792
0.335073,2e-06,1,1.616879
0.335088,2e-06,1,1.973141
