start,duration,direction,throughput
0.316553,0.000317,0,7.690801
0.316884,1e-06,0,0.53551
0.316895,2e-06,0,3.374357
0.316907,2e-06,0,3.374357
0.316918,2e-06,0,3.374357
0.31693,2e-06,0,3.374357
0.333917,4e-06,1,1.804889
0.333941,3e-06,1,2.616075
0.333959,2e-06,1,3.326152
