start,duration,direction,throughput
0.314232,0.000302,0,8.094768
0.314547,1e-06,0,0.518236
0.314563,5e-06,0,4.535662
0.31458,5e-06,0,4.565307
0.314597,5e-06,0,4.393031
0.314616,5e-06,0,4.565307
0.355724,6e-06,1,3.991382
0.355764,4e-06,1,5.174014
0.355807,4e-06,1,5.970017
