start,duration,direction,throughput
0.309616,0.000284,0,8.589605
0.309913,1e-06,0,0.518236
0.309926,4e-06,0,4.195147
0.30994,4e-06,0,4.193966
0.309954,4e-06,0,4.195147
0.309969,4e-06,0,4.195147
0.339654,5e-06,1,3.08385
0.339682,3e-06,1,4.272122
0.339707,3e-06,1,4.901698
