start,duration,direction,throughput
0.314113,0.000308,0,7.919136
0.314434,1e-06,0,0.53551
0.314452,6e-06,0,4.751646
0.314472,6e-06,0,4.775248
0.314491,6e-06,0,4.776013
0.314514,6e-06,0,4.776013
0.372934,6e-06,1,4.656613
0.372977,5e-06,1,5.857375
0.373016,4e-06,1,6.652304
