start,duration,direction,throughput
0.32578,6.6e-05,0,9.24089
0.325858,1e-06,0,0.391837
0.32587,2e-06,0,3.374357
0.325881,2e-06,0,3.326152
0.325893,2e-06,0,3.42398
0.325904,2e-06,0,3.374357
0.342255,4e-06,1,1.804889
0.342278,3e-06,1,2.676214
0.342295,2e-06,1,3.279305
