start,duration,direction,throughput
0.327499,6.6e-05,0,9.209656
0.327578,1e-06,0,0.391837
0.327591,3e-06,0,3.880511
0.327604,3e-06,0,3.880511
0.327617,3e-06,0,3.880511
0.327631,3e-06,0,3.924112
0.349208,5e-06,1,2.476922
0.349234,3e-06,1,3.600474
0.349253,3e-06,1,4.108776
