start,duration,direction,throughput
0.348147,6.5e-05,0,9.336019
0.348224,1e-06,0,0.391837
0.348239,4e-06,0,4.195147
0.348253,4e-06,0,4.233284
0.348267,4e-06,0,4.195147
0.348282,4e-06,0,4.195147
0.377258,5e-06,1,3.104409
0.377284,3e-06,1,4.272122
0.377306,3e-06,1,5.007111
