start,duration,H2D,D2H,D2D,Throughput
0.952517,0.000121,1,0,0,9.217289
0.953047,0.014528,1,0,0,7.615706
0.967582,0.000341,0,0,0,0
0.967926,0.000339,0,0,0,0
0.968268,0.000339,0,0,0,0
0.968609,0.00034,0,0,0,0
0.968952,0.00032,0,0,0,0
0.969274,0.000119,0,1,0,9.400889
