start,duration,threads_x,threads_y,threads_z
0.740158,0.000122,118528.0,1.0,1.0
0.740282,0.000122,118528.0,1.0,1.0
0.740407,0.000121,118528.0,1.0,1.0
0.74053,0.000122,118528.0,1.0,1.0
0.740655,0.00012,118528.0,1.0,1.0
0.740778,0.000121,118528.0,1.0,1.0
0.740901,0.000121,118528.0,1.0,1.0
0.741026,0.00012,118528.0,1.0,1.0
0.741151,0.000122,118528.0,1.0,1.0
0.741277,0.000115,118528.0,1.0,1.0
