start,duration,threads_x,threads_y,threads_z
0.524064,0.000122,118528.0,1.0,1.0
0.524189,0.000121,118528.0,1.0,1.0
0.524313,0.000121,118528.0,1.0,1.0
0.524437,0.000121,118528.0,1.0,1.0
0.52456,0.000115,118528.0,1.0,1.0
