start,duration,threads_x,threads_y,threads_z
2.00036,0.000726,522496.0,1.0,1.0
2.001089,0.000723,522496.0,1.0,1.0
2.001817,0.000723,522496.0,1.0,1.0
2.002544,0.000723,522496.0,1.0,1.0
2.003272,0.000727,522496.0,1.0,1.0
2.004003,0.000727,522496.0,1.0,1.0
2.004733,0.000446,522496.0,1.0,1.0
