start,duration,threads_x,threads_y,threads_z
1.167927,0.000232,237056.0,1.0,1.0
1.168162,0.000232,237056.0,1.0,1.0
1.168397,0.000231,237056.0,1.0,1.0
1.168631,0.000231,237056.0,1.0,1.0
1.168864,0.00023,237056.0,1.0,1.0
1.169097,0.00023,237056.0,1.0,1.0
1.169329,0.000231,237056.0,1.0,1.0
1.169562,0.000231,237056.0,1.0,1.0
1.169795,0.000232,237056.0,1.0,1.0
1.170031,0.000218,237056.0,1.0,1.0
