start,duration,H2D,D2H,D2D,Throughput
1.960404,0.000162,1,0,0,9.188152
1.961151,0.039196,1,0,0,7.565487
2.00036,0.000726,0,0,0,0
2.001089,0.000723,0,0,0,0
2.001817,0.000723,0,0,0,0
2.002544,0.000723,0,0,0,0
2.003272,0.000727,0,0,0,0
2.004003,0.000727,0,0,0,0
2.004733,0.000446,0,0,0,0
2.005183,0.000158,0,1,0,9.409081
