start,duration,threads_x,threads_y,threads_z
1.597525,0.000343,355584.0,1.0,1.0
1.597873,0.000341,355584.0,1.0,1.0
1.598216,0.000341,355584.0,1.0,1.0
1.598561,0.000341,355584.0,1.0,1.0
1.598905,0.00034,355584.0,1.0,1.0
1.599249,0.00034,355584.0,1.0,1.0
1.599593,0.00034,355584.0,1.0,1.0
1.599936,0.00034,355584.0,1.0,1.0
1.60028,0.000343,355584.0,1.0,1.0
1.600626,0.000321,355584.0,1.0,1.0
