start,duration,direction,throughput
1.139189,0.000159,0,9.343007
1.139746,0.0181,0,8.150139
1.160091,0.000156,1,9.528511
