start,duration,H2D,D2H,D2D,Throughput
0.729865,4.2e-05,1,0,0,8.77282
0.730266,0.009883,1,0,0,7.500951
0.740158,0.000122,0,0,0,0
0.740282,0.000122,0,0,0,0
0.740407,0.000121,0,0,0,0
0.74053,0.000122,0,0,0,0
0.740655,0.00012,0,0,0,0
0.740778,0.000121,0,0,0,0
0.740901,0.000121,0,0,0,0
0.741026,0.00012,0,0,0,0
0.741151,0.000122,0,0,0,0
0.741277,0.000115,0,0,0,0
0.741402,4.1e-05,0,1,0,9.010256
