start,duration,direction,throughput
1.960404,0.000162,0,9.188152
1.961151,0.039196,0,7.565487
2.005183,0.000158,1,9.409081
