start,duration,threads_x,threads_y,threads_z
2.001604,0.000453,474112.0,1.0,1.0
2.002061,0.000452,474112.0,1.0,1.0
2.002516,0.000453,474112.0,1.0,1.0
2.002971,0.000452,474112.0,1.0,1.0
2.003425,0.000449,474112.0,1.0,1.0
2.003878,0.00045,474112.0,1.0,1.0
2.004331,0.00045,474112.0,1.0,1.0
2.004784,0.00045,474112.0,1.0,1.0
2.005236,0.000453,474112.0,1.0,1.0
2.005694,0.000422,474112.0,1.0,1.0
