start,duration,H2D,D2H,D2D,Throughput
0.722121,8e-05,1,0,0,9.257565
0.722513,0.009612,1,0,0,7.674173
0.732133,0.000232,0,0,0,0
0.732367,0.00023,0,0,0,0
0.732599,0.000231,0,0,0,0
0.732833,0.000231,0,0,0,0
0.733067,0.000217,0,0,0,0
0.73329,8e-05,0,1,0,9.276006
