start,duration,direction,throughput
0.722121,8e-05,0,9.257565
0.722513,0.009612,0,7.674173
0.73329,8e-05,1,9.276006
