start,duration,H2D,D2H,D2D,Throughput
1.564529,0.000124,1,0,0,9.033708
1.565173,0.032336,1,0,0,6.877872
1.597525,0.000343,0,0,0,0
1.597873,0.000341,0,0,0,0
1.598216,0.000341,0,0,0,0
1.598561,0.000341,0,0,0,0
1.598905,0.00034,0,0,0,0
1.599249,0.00034,0,0,0,0
1.599593,0.00034,0,0,0,0
1.599936,0.00034,0,0,0,0
1.60028,0.000343,0,0,0,0
1.600626,0.000321,0,0,0,0
1.600956,0.000119,0,1,0,9.426262
