start,duration,direction,throughput
1.147798,8.1e-05,0,9.239197
1.148285,0.019629,0,7.55362
1.170255,7.8e-05,1,9.534302
