start,duration,H2D,D2H,D2D,Throughput
0.518803,4.2e-05,1,0,0,8.779436
0.519151,0.004905,1,0,0,7.518769
0.524064,0.000122,0,0,0,0
0.524189,0.000121,0,0,0,0
0.524313,0.000121,0,0,0,0
0.524437,0.000121,0,0,0,0
0.52456,0.000115,0,0,0,0
0.524677,4.1e-05,0,1,0,9.003288
