start,duration,threads_x,threads_y,threads_z
0.732133,0.000232,237056.0,1.0,1.0
0.732367,0.00023,237056.0,1.0,1.0
0.732599,0.000231,237056.0,1.0,1.0
0.732833,0.000231,237056.0,1.0,1.0
0.733067,0.000217,237056.0,1.0,1.0
