start,duration,direction,throughput
1.146434,0.00016,0,9.311305
1.14699,0.018438,0,8.000912
1.167857,0.000157,1,9.505171
