start,duration,threads_x,threads_y,threads_z
0.967582,0.000341,355584.0,1.0,1.0
0.967926,0.000339,355584.0,1.0,1.0
0.968268,0.000339,355584.0,1.0,1.0
0.968609,0.00034,355584.0,1.0,1.0
0.968952,0.00032,355584.0,1.0,1.0
