start,duration,H2D,D2H,D2D,Throughput
1.962396,0.000162,1,0,0,9.195466
1.963187,0.038404,1,0,0,7.721336
2.001604,0.000453,0,0,0,0
2.002061,0.000452,0,0,0,0
2.002516,0.000453,0,0,0,0
2.002971,0.000452,0,0,0,0
2.003425,0.000449,0,0,0,0
2.003878,0.00045,0,0,0,0
2.004331,0.00045,0,0,0,0
2.004784,0.00045,0,0,0,0
2.005236,0.000453,0,0,0,0
2.005694,0.000422,0,0,0,0
2.006124,0.000157,0,1,0,9.516766
