start,duration,direction,throughput
1.962396,0.000162,0,9.195466
1.963187,0.038404,0,7.721336
2.006124,0.000157,1,9.516766
