start,duration,direction,throughput
0.952517,0.000121,0,9.217289
0.953047,0.014528,0,7.615706
0.969274,0.000119,1,9.400889
