start,duration,direction,throughput
0.729865,4.2e-05,0,8.77282
0.730266,0.009883,0,7.500951
0.741402,4.1e-05,1,9.010256
