start,duration,threads_x,threads_y,threads_z
1.157853,0.000452,474112.0,1.0,1.0
1.158308,0.000448,474112.0,1.0,1.0
1.158758,0.000449,474112.0,1.0,1.0
1.15921,0.00045,474112.0,1.0,1.0
1.159663,0.000423,474112.0,1.0,1.0
