start,duration,direction,throughput
0.518803,4.2e-05,0,8.779436
0.519151,0.004905,0,7.518769
0.524677,4.1e-05,1,9.003288
