start,duration,threads_x,threads_y,threads_z
1.165441,0.000727,522496.0,1.0,1.0
1.16617,0.000728,522496.0,1.0,1.0
1.166902,0.000728,522496.0,1.0,1.0
1.167632,0.00022,522496.0,1.0,1.0
