start,duration,H2D,D2H,D2D,Throughput
1.147798,8.1e-05,1,0,0,9.239197
1.148285,0.019629,1,0,0,7.55362
1.167927,0.000232,0,0,0,0
1.168162,0.000232,0,0,0,0
1.168397,0.000231,0,0,0,0
1.168631,0.000231,0,0,0,0
1.168864,0.00023,0,0,0,0
1.169097,0.00023,0,0,0,0
1.169329,0.000231,0,0,0,0
1.169562,0.000231,0,0,0,0
1.169795,0.000232,0,0,0,0
1.170031,0.000218,0,0,0,0
1.170255,7.8e-05,0,1,0,9.534302
