start,duration,direction,throughput
1.564529,0.000124,0,9.033708
1.565173,0.032336,0,6.877872
1.600956,0.000119,1,9.426262
