start,duration,H2D,D2H,D2D,Throughput
0.520129,2e-06,0,0,0,0
0.520214,9e-06,0,1,0,7.143628
