start,duration,direction,throughput
0.327189,1e-06,0,0.251782
0.459548,0.071016,1,2.64026
0.575938,0.019835,1,9.45308
