start,duration,direction,throughput
0.32833,2e-06,0,0.220811
0.351598,0.013512,1,2.601934
0.374057,0.003666,1,9.588818
