start,duration,direction,throughput
0.328157,2e-06,0,0.230354
0.540915,0.105961,1,2.654285
0.714295,0.029264,1,9.610749
