start,duration,direction,throughput
0.326697,2e-06,0,0.225555
0.338494,0.006374,1,2.757884
0.35028,0.001858,1,9.462377
