start,duration,direction,throughput
0.321507,1e-06,0,0.240592
0.599775,0.123421,1,3.038391
0.81408,0.039017,1,9.611089
