start,duration,direction,throughput
0.322295,2e-06,0,0.225555
0.353038,0.016785,1,2.792737
0.382056,0.004878,1,9.609753
