start,duration,direction,throughput
0.323763,1e-06,0,0.235361
0.386511,0.034115,1,2.74805
0.44396,0.009917,1,9.453581
