start,duration,direction,throughput
0.324185,1e-06,0,0.235361
0.345478,0.010977,1,2.668878
0.364144,0.003099,1,9.452538
