start,duration,direction,throughput
0.320647,2e-06,0,0.230354
0.32827,0.00403,1,2.908111
0.336375,0.00122,1,9.609455
