start,duration,direction,throughput
0.326488,2e-06,0,0.230354
0.341984,0.008432,1,2.77954
0.357128,0.002447,1,9.576763
