start,duration,direction,throughput
0.330515,0.00054,0,8.040329
1.605798,0.001668,1,2.605742
