start,duration,direction,throughput
0.322792,0.001204,0,6.416709
2.196566,0.003024,1,2.554652
