start,duration,direction,throughput
0.324895,0.001187,0,6.505594
2.788208,0.003157,1,2.447051
