start,duration,direction,throughput
0.328958,0.000105,0,9.301215
0.895562,0.000105,1,9.343933
