start,duration,direction,throughput
0.328904,0.000105,0,9.272865
0.896008,0.000102,1,9.611646
