start,duration,direction,throughput
0.3284,0.000534,0,7.309093
1.516188,0.001696,1,2.302583
