start,duration,direction,throughput
0.327866,0.000527,0,7.419278
2.085333,0.00123,1,3.176735
