start,duration,direction,throughput
0.327474,0.000524,0,8.297313
1.814759,0.001572,1,2.764082
