start,duration,direction,throughput
0.329625,0.000104,0,9.352524
0.896165,0.000105,1,9.338215
