start,duration,direction,throughput
0.327446,0.000104,0,9.35826
0.894641,0.000105,1,9.332504
