start,duration,direction,throughput
0.32742,0.000104,0,9.387045
0.89409,0.000102,1,9.611646
