start,duration,direction,throughput
0.329418,0.000591,0,7.352074
1.625128,0.001539,1,2.823571
