start,duration,direction,throughput
0.32701,0.000956,0,8.084286
2.609896,0.002829,1,2.730917
