start,duration,direction,throughput
0.329751,0.000541,0,8.027525
1.605414,0.001682,1,2.583881
