start,duration,direction,throughput
0.319675,1e-05,0,4.949867
0.320555,0.002784,1,2.976496
