start,duration,H2D,D2H,D2D,Throughput
0.319675,1e-05,1,0,0,4.949867
0.319708,9e-06,0,0,0,0
0.31993,1e-06,0,0,0,0
0.320039,0.000372,0,0,0,0
0.320439,8.1e-05,0,0,0,0
0.320523,2.6e-05,0,0,0,0
0.320555,0.002784,0,1,0,2.976496
