start,duration,threads_x,threads_y,threads_z
0.320039,0.000372,2684.0,36.0,1.0
0.320439,8.1e-05,352.0,36.0,1.0
0.320523,2.6e-05,352.0,9.0,1.0
