start,duration,H2D,D2H,D2D,Throughput
1.043013,0.009991,1,0,0,7.636088
1.053142,0.010155,1,0,0,7.512603
1.063376,0.001188,0,0,0,0
1.0646,4e-06,0,1,0,4.769898
