start,duration,H2D,D2H,D2D,Throughput
1.365998,0.014254,1,0,0,7.673444
1.380384,0.014276,1,0,0,7.661455
1.394747,0.001671,0,0,0,0
1.396456,5e-06,0,1,0,5.5631
