start,duration,direction,throughput
0.918116,0.008205,0,7.617198
0.926455,0.008276,0,7.552222
0.935822,4e-06,1,4.294621
