start,duration,direction,throughput
0.635074,0.003935,0,7.940931
0.639148,0.004083,0,7.653109
0.64384,3e-06,1,2.67886
