start,duration,direction,throughput
1.043013,0.009991,0,7.636088
1.053142,0.010155,0,7.512603
1.0646,4e-06,1,4.769898
