start,duration,direction,throughput
1.191681,0.012033,0,7.608648
1.203851,0.012177,0,7.51853
1.217574,4e-06,1,5.098481
