start,duration,direction,throughput
1.365998,0.014254,0,7.673444
1.380384,0.014276,0,7.661455
1.396456,5e-06,1,5.5631
