start,duration,H2D,D2H,D2D,Throughput
0.635074,0.003935,1,0,0,7.940931
0.639148,0.004083,1,0,0,7.653109
0.643309,0.000493,0,0,0,0
0.64384,3e-06,0,1,0,2.67886
