start,duration,direction,throughput
0.46059,0.001711,0,9.131772
0.462437,0.00181,0,8.631509
0.464641,2e-06,1,1.633004
