start,duration,H2D,D2H,D2D,Throughput
1.495252,0.016241,1,0,0,7.696547
1.511627,0.016364,1,0,0,7.638827
1.528071,0.001923,0,0,0,0
1.53003,5e-06,0,1,0,5.960464
