start,duration,direction,throughput
1.211479,0.012341,0,7.596799
1.223956,0.012419,0,7.549074
1.23801,5e-06,1,4.865685
