start,duration,H2D,D2H,D2D,Throughput
1.211479,0.012341,1,0,0,7.596799
1.223956,0.012419,1,0,0,7.549074
1.236513,0.00146,0,0,0,0
1.23801,5e-06,0,1,0,4.865685
