start,duration,direction,throughput
1.495252,0.016241,0,7.696547
1.511627,0.016364,0,7.638827
1.53003,5e-06,1,5.960464
