start,duration,direction,throughput
2.662295,0.03306,0,7.515945
2.695689,0.032745,0,7.588102
2.732598,8e-06,1,7.319332
