start,duration,direction,throughput
0.402905,0.000838,0,9.321435
0.403824,0.000839,0,9.314678
0.404863,2e-06,1,0.961365
