start,duration,H2D,D2H,D2D,Throughput
2.662295,0.03306,1,0,0,7.515945
2.695689,0.032745,1,0,0,7.588102
2.72866,0.003887,0,0,0,0
2.732598,8e-06,0,1,0,7.319332
