start,duration,H2D,D2H,D2D,Throughput
1.191681,0.012033,1,0,0,7.608648
1.203851,0.012177,1,0,0,7.51853
1.216112,0.001423,0,0,0,0
1.217574,4e-06,0,1,0,5.098481
