start,duration,H2D,D2H,D2D,Throughput
0.402905,0.000838,1,0,0,9.321435
0.403824,0.000839,1,0,0,9.314678
0.404719,0.000121,0,0,0,0
0.404863,2e-06,0,1,0,0.961365
