start,duration,direction,throughput
0.374303,0.001365,0,3.353656
0.37599,0.006199,0,2.95115
0.382532,0.006049,0,3.024181
0.419511,3e-06,1,0.001279
0.423754,2e-06,1,0.002042
0.423774,0.001193,1,3.837492
