start,duration,H2D,D2H,D2D,Throughput
0.315308,0.000553,1,0,0,7.059743
0.316035,0.000564,1,0,0,6.918353
0.316607,0.002458,0,0,0,0
0.319071,0.000416,0,1,0,9.382185
