start,duration,direction,throughput
0.315308,0.000553,0,7.059743
0.316035,0.000564,0,6.918353
0.319071,0.000416,1,9.382185
