start,duration,H2D,D2H,D2D,Throughput
0.314459,0.00052,1,0,0,7.274513
0.315134,0.000504,1,0,0,7.502978
0.315651,0.002434,0,0,0,0
0.318089,0.000394,0,1,0,9.597794
