start,duration,direction,throughput
0.314459,0.00052,0,7.274513
0.315134,0.000504,0,7.502978
0.318089,0.000394,1,9.597794
