start,duration,threads_x,threads_y,threads_z
0.323751,6.5e-05,599808.0,1.0,1.0
0.323819,4e-06,2560.0,1.0,1.0
0.323826,3.8e-05,599552.0,1.0,1.0
0.329652,5.9e-05,129600.0,1.0,1.0
0.331706,0.000191,1920.0,8.0,1.0
