start,duration,threads_x,threads_y,threads_z
0.324186,4.4e-05,399872.0,1.0,1.0
0.324234,4e-06,1792.0,1.0,1.0
0.324241,2.3e-05,399616.0,1.0,1.0
0.330026,5.9e-05,129600.0,1.0,1.0
0.332063,0.000193,1920.0,8.0,1.0
