start,duration,direction,throughput
0.318652,4.5e-05,0,5.418484
0.318811,3.9e-05,1,6.222839
0.318866,2e-06,1,0.438269
0.324128,0.001246,1,6.197738
0.326301,0.001302,1,5.934455
