start,duration,direction,throughput
0.320207,0.000171,0,5.711627
0.32052,0.000157,1,6.234399
0.320693,2e-06,1,2.167442
0.326103,0.001239,1,6.23555
0.328289,0.00127,1,6.084205
