start,duration,H2D,D2H,D2D,Throughput
0.320929,3e-06,0,0,0,0
0.321596,0.000131,1,0,0,5.681481
0.321789,2.3e-05,0,0,0,0
0.321816,3e-06,0,0,0,0
0.321822,1.2e-05,0,0,0,0
0.321856,0.00012,0,1,0,6.207058
0.321992,2e-06,0,1,0,1.515339
0.327083,1e-06,0,0,0,0
0.327129,1e-06,0,0,0,0
0.327178,5.9e-05,0,0,0,0
0.327264,0.001257,0,1,0,6.146931
0.329227,0.000192,0,0,0,0
0.329444,0.001283,0,1,0,6.020751
