start,duration,direction,throughput
0.323268,0.000419,0,5.330715
0.323887,0.000377,1,5.927901
0.324283,3e-06,1,2.932915
0.329739,0.001239,1,6.23553
0.33192,0.001275,1,6.05868
