start,duration,threads_x,threads_y,threads_z
0.318611,1.4e-05,99840.0,1.0,1.0
0.318628,3e-06,512.0,1.0,1.0
0.318637,7e-06,99584.0,1.0,1.0
0.323841,6e-05,129600.0,1.0,1.0
0.325874,0.000191,1920.0,8.0,1.0
