start,duration,direction,throughput
0.318483,6.7e-05,0,5.532965
0.318666,6e-05,1,6.215447
0.318742,2e-06,1,0.825022
0.323925,0.001239,1,6.23554
0.326088,0.001299,1,5.946607
