start,duration,H2D,D2H,D2D,Throughput
0.321957,4e-06,0,0,0,0
0.322622,0.000371,1,0,0,5.269317
0.323053,5.7e-05,0,0,0,0
0.323113,4e-06,0,0,0,0
0.323119,3.3e-05,0,0,0,0
0.323175,0.000313,0,1,0,6.230561
0.323503,2e-06,0,1,0,3.221873
0.328576,1e-06,0,0,0,0
0.328622,1e-06,0,0,0,0
0.32867,5.9e-05,0,0,0,0
0.328754,0.001257,0,1,0,6.145537
0.330738,0.00019,0,0,0,0
0.330953,0.001265,0,1,0,6.10883
