start,duration,threads_x,threads_y,threads_z
0.318756,1e-05,65536.0,1.0,1.0
0.318768,3e-06,256.0,1.0,1.0
0.318781,5e-06,65280.0,1.0,1.0
0.324035,5.9e-05,129600.0,1.0,1.0
0.326086,0.000191,1920.0,8.0,1.0
