start,duration,H2D,D2H,D2D,Throughput
0.319005,4e-06,0,0,0,0
0.319707,0.000196,1,0,0,5.687987
0.319965,3.3e-05,0,0,0,0
0.320003,3e-06,0,0,0,0
0.320009,1.6e-05,0,0,0,0
0.320046,0.00018,0,1,0,6.219805
0.320243,2e-06,0,1,0,1.842194
0.325421,1e-06,0,0,0,0
0.325469,1e-06,0,0,0,0
0.325517,5.9e-05,0,0,0,0
0.325602,0.001239,0,1,0,6.235535
0.327583,0.000191,0,0,0,0
0.327797,0.001282,0,1,0,6.026467
