start,duration,H2D,D2H,D2D,Throughput
0.318159,4e-06,0,0,0,0
0.318811,0.00034,1,0,0,5.472654
0.319213,5.5e-05,0,0,0,0
0.319272,4e-06,0,0,0,0
0.319279,3.1e-05,0,0,0,0
0.319334,0.0003,0,1,0,6.215385
0.319649,3e-06,0,1,0,2.583626
0.324736,1e-06,0,0,0,0
0.324784,1e-06,0,0,0,0
0.324831,5.9e-05,0,0,0,0
0.324918,0.001239,0,1,0,6.235545
0.326865,0.000191,0,0,0,0
0.327079,0.001293,0,1,0,5.972797
