start,duration,H2D,D2H,D2D,Throughput
0.318552,3e-06,0,0,0,0
0.319196,8.8e-05,1,0,0,5.574941
0.319344,1.7e-05,0,0,0,0
0.319363,3e-06,0,0,0,0
0.319369,9e-06,0,0,0,0
0.319402,7.8e-05,0,1,0,6.233165
0.319496,2e-06,0,1,0,1.216421
0.324747,1e-06,0,0,0,0
0.324793,1e-06,0,0,0,0
0.324841,5.9e-05,0,0,0,0
0.324932,0.001246,0,1,0,6.200793
0.326883,0.000191,0,0,0,0
0.327099,0.001274,0,1,0,6.06235
