start,duration,threads_x,threads_y,threads_z
0.327709,7.5e-05,699904.0,1.0,1.0
0.327787,4e-06,2816.0,1.0,1.0
0.327794,4.4e-05,699648.0,1.0,1.0
0.333466,5.9e-05,129600.0,1.0,1.0
0.335515,0.000192,1920.0,8.0,1.0
