start,duration,direction,throughput
0.319707,0.000196,0,5.687987
0.320046,0.00018,1,6.219805
0.320243,2e-06,1,1.842194
0.325602,0.001239,1,6.235535
0.327797,0.001282,1,6.026467
