start,duration,threads_x,threads_y,threads_z
0.323053,5.7e-05,524288.0,1.0,1.0
0.323113,4e-06,2048.0,1.0,1.0
0.323119,3.3e-05,524032.0,1.0,1.0
0.32867,5.9e-05,129600.0,1.0,1.0
0.330738,0.00019,1920.0,8.0,1.0
