start,duration,threads_x,threads_y,threads_z
0.319344,1.7e-05,131072.0,1.0,1.0
0.319363,3e-06,512.0,1.0,1.0
0.319369,9e-06,130816.0,1.0,1.0
0.324841,5.9e-05,129600.0,1.0,1.0
0.326883,0.000191,1920.0,8.0,1.0
