start,duration,H2D,D2H,D2D,Throughput
0.322549,4e-06,0,0,0,0
0.323268,0.000419,1,0,0,5.330715
0.323751,6.5e-05,0,0,0,0
0.323819,4e-06,0,0,0,0
0.323826,3.8e-05,0,0,0,0
0.323887,0.000377,0,1,0,5.927901
0.324283,3e-06,0,1,0,2.932915
0.329557,1e-06,0,0,0,0
0.329605,1e-06,0,0,0,0
0.329652,5.9e-05,0,0,0,0
0.329739,0.001239,0,1,0,6.23553
0.331706,0.000191,0,0,0,0
0.33192,0.001275,0,1,0,6.05868
