start,duration,threads_x,threads_y,threads_z
0.320437,3e-05,262144.0,1.0,1.0
0.320468,3e-06,1024.0,1.0,1.0
0.320482,1.4e-05,261888.0,1.0,1.0
0.326017,5.9e-05,129600.0,1.0,1.0
0.328073,0.000192,1920.0,8.0,1.0
