start,duration,H2D,D2H,D2D,Throughput
0.317985,3e-06,0,0,0,0
0.318652,4.5e-05,1,0,0,5.418484
0.318756,1e-05,0,0,0,0
0.318768,3e-06,0,0,0,0
0.318781,5e-06,0,0,0,0
0.318811,3.9e-05,0,1,0,6.222839
0.318866,2e-06,0,1,0,0.438269
0.323942,1e-06,0,0,0,0
0.323988,1e-06,0,0,0,0
0.324035,5.9e-05,0,0,0,0
0.324128,0.001246,0,1,0,6.197738
0.326086,0.000191,0,0,0,0
0.326301,0.001302,0,1,0,5.934455
