start,duration,H2D,D2H,D2D,Throughput
0.323176,1e-05,0,0,0,0
0.323846,0.000276,1,0,0,5.38954
0.324186,4.4e-05,0,0,0,0
0.324234,4e-06,0,0,0,0
0.324241,2.3e-05,0,0,0,0
0.324289,0.00024,0,1,0,6.220351
0.324545,3e-06,0,1,0,2.301781
0.329929,1e-06,0,0,0,0
0.329977,1e-06,0,0,0,0
0.330026,5.9e-05,0,0,0,0
0.330112,0.001239,0,1,0,6.235208
0.332063,0.000193,0,0,0,0
0.33228,0.001288,0,1,0,5.995187
