start,duration,H2D,D2H,D2D,Throughput
0.321755,4e-06,0,0,0,0
0.322429,0.000536,1,0,0,5.560415
0.323029,8.5e-05,0,0,0,0
0.323118,4e-06,0,0,0,0
0.323126,5e-05,0,0,0,0
0.323201,0.000491,0,1,0,6.068372
0.32371,3e-06,0,1,0,3.368499
0.32909,1e-06,0,0,0,0
0.329137,1e-06,0,0,0,0
0.329184,6e-05,0,0,0,0
0.329268,0.001248,0,1,0,6.190298
0.331241,0.000191,0,0,0,0
0.331455,0.001275,0,1,0,6.058247
