start,duration,H2D,D2H,D2D,Throughput
0.319526,4e-06,0,0,0,0
0.320207,0.000171,1,0,0,5.711627
0.320437,3e-05,0,0,0,0
0.320468,3e-06,0,0,0,0
0.320482,1.4e-05,0,0,0,0
0.32052,0.000157,0,1,0,6.234399
0.320693,2e-06,0,1,0,2.167442
0.325923,1e-06,0,0,0,0
0.325969,1e-06,0,0,0,0
0.326017,5.9e-05,0,0,0,0
0.326103,0.001239,0,1,0,6.23555
0.328073,0.000192,0,0,0,0
0.328289,0.00127,0,1,0,6.084205
