start,duration,direction,throughput
0.321596,0.000131,0,5.681481
0.321856,0.00012,1,6.207058
0.321992,2e-06,1,1.515339
0.327264,0.001257,1,6.146931
0.329444,0.001283,1,6.020751
