start,duration,threads_x,threads_y,threads_z
0.321789,2.3e-05,199936.0,1.0,1.0
0.321816,3e-06,1024.0,1.0,1.0
0.321822,1.2e-05,199680.0,1.0,1.0
0.327178,5.9e-05,129600.0,1.0,1.0
0.329227,0.000192,1920.0,8.0,1.0
