start,duration,threads_x,threads_y,threads_z
0.319965,3.3e-05,299776.0,1.0,1.0
0.320003,3e-06,1280.0,1.0,1.0
0.320009,1.6e-05,299520.0,1.0,1.0
0.325517,5.9e-05,129600.0,1.0,1.0
0.327583,0.000191,1920.0,8.0,1.0
