start,duration,direction,throughput
0.322429,0.000536,0,5.560415
0.323201,0.000491,1,6.068372
0.32371,3e-06,1,3.368499
0.329268,0.001248,1,6.190298
0.331455,0.001275,1,6.058247
