start,duration,threads_x,threads_y,threads_z
0.319213,5.5e-05,499968.0,1.0,1.0
0.319272,4e-06,2048.0,1.0,1.0
0.319279,3.1e-05,499712.0,1.0,1.0
0.324831,5.9e-05,129600.0,1.0,1.0
0.326865,0.000191,1920.0,8.0,1.0
