start,duration,direction,throughput
0.322622,0.000371,0,5.269317
0.323175,0.000313,1,6.230561
0.323503,2e-06,1,3.221873
0.328754,0.001257,1,6.145537
0.330953,0.001265,1,6.10883
