start,duration,H2D,D2H,D2D,Throughput
0.31783,3e-06,0,0,0,0
0.318483,6.7e-05,1,0,0,5.532965
0.318611,1.4e-05,0,0,0,0
0.318628,3e-06,0,0,0,0
0.318637,7e-06,0,0,0,0
0.318666,6e-05,0,1,0,6.215447
0.318742,2e-06,0,1,0,0.825022
0.323745,1e-06,0,0,0,0
0.323793,1e-06,0,0,0,0
0.323841,6e-05,0,0,0,0
0.323925,0.001239,0,1,0,6.23554
0.325874,0.000191,0,0,0,0
0.326088,0.001299,0,1,0,5.946607
