start,duration,threads_x,threads_y,threads_z
0.323029,8.5e-05,800000.0,1.0,1.0
0.323118,4e-06,3328.0,1.0,1.0
0.323126,5e-05,799744.0,1.0,1.0
0.329184,6e-05,129600.0,1.0,1.0
0.331241,0.000191,1920.0,8.0,1.0
