start,duration,direction,throughput
0.327186,0.000456,0,5.712985
0.327861,0.000419,1,6.224883
0.328297,3e-06,1,3.35031
0.33355,0.001258,1,6.140056
0.335731,0.001283,1,6.019414
