start,duration,H2D,D2H,D2D,Throughput
0.326531,4e-06,0,0,0,0
0.327186,0.000456,1,0,0,5.712985
0.327709,7.5e-05,0,0,0,0
0.327787,4e-06,0,0,0,0
0.327794,4.4e-05,0,0,0,0
0.327861,0.000419,0,1,0,6.224883
0.328297,3e-06,0,1,0,3.35031
0.333372,1e-06,0,0,0,0
0.333418,1e-06,0,0,0,0
0.333466,5.9e-05,0,0,0,0
0.33355,0.001258,0,1,0,6.140056
0.335515,0.000192,0,0,0,0
0.335731,0.001283,0,1,0,6.019414
