start,duration,direction,throughput
0.318811,0.00034,0,5.472654
0.319334,0.0003,1,6.215385
0.319649,3e-06,1,2.583626
0.324918,0.001239,1,6.235545
0.327079,0.001293,1,5.972797
