start,duration,direction,throughput
0.319196,8.8e-05,0,5.574941
0.319402,7.8e-05,1,6.233165
0.319496,2e-06,1,1.216421
0.324932,0.001246,1,6.200793
0.327099,0.001274,1,6.06235
