start,duration,direction,throughput
0.323846,0.000276,0,5.38954
0.324289,0.00024,1,6.220351
0.324545,3e-06,1,2.301781
0.330112,0.001239,1,6.235208
0.33228,0.001288,1,5.995187
