start,duration,threads_x,threads_y,threads_z
0.365537,0.005275,28800.0,1.0,1.0
0.370837,0.000191,28800.0,1.0,1.0
0.371061,0.005327,28800.0,1.0,1.0
0.376408,0.000188,28800.0,1.0,1.0
0.376622,0.005331,28800.0,1.0,1.0
0.381972,0.000191,28800.0,1.0,1.0
0.382186,0.005298,28800.0,1.0,1.0
0.387503,0.000188,28800.0,1.0,1.0
0.387714,0.005292,28800.0,1.0,1.0
0.393026,0.000197,28800.0,1.0,1.0
0.393688,0.000266,28800.0,1.0,1.0
