start,duration,threads_x,threads_y,threads_z
0.327999,3e-05,28800.0,1.0,1.0
0.32805,1e-05,28800.0,1.0,1.0
0.328083,2.8e-05,28800.0,1.0,1.0
0.328128,1e-05,28800.0,1.0,1.0
0.328164,2.8e-05,28800.0,1.0,1.0
0.328209,1e-05,28800.0,1.0,1.0
0.328243,2.8e-05,28800.0,1.0,1.0
0.328288,9e-06,28800.0,1.0,1.0
0.328322,2.8e-05,28800.0,1.0,1.0
0.328366,1e-05,28800.0,1.0,1.0
0.328401,2.8e-05,28800.0,1.0,1.0
0.328447,9e-06,28800.0,1.0,1.0
0.329005,3.2e-05,28800.0,1.0,1.0
