start,duration,direction,throughput
0.327759,4e-06,0,4.315128
0.327775,4e-06,0,4.279466
0.327788,2e-06,0,2.59766
0.327799,2e-06,0,2.59766
0.327809,1e-06,0,0.063197
0.327819,1e-06,0,0.149677
0.328613,2e-06,1,2.07001
