start,duration,direction,throughput
0.380342,6e-05,0,9.352093
0.38048,6e-05,0,9.33695
0.380562,9e-06,0,5.003346
0.380589,9e-06,0,5.021409
0.380607,1e-06,0,0.14197
0.380616,1e-06,0,1.116393
0.382657,6e-06,1,7.096583
