start,duration,direction,throughput
1.14683,0.000996,0,7.847074
1.147837,9.1e-05,2,85.392779
1.158446,0.003051,1,2.560873
