start,duration,direction,throughput
63.234196,0.055141,0,9.067603
63.289346,0.005662,2,88.310951
64.002398,0.183645,1,2.722649
