start,duration,H2D,D2H,D2D,Throughput
0.470159,0.032625,1,0,0,7.662928
0.502918,0.032487,1,0,0,7.6954
0.536464,0.004908,0,0,0,0
0.536563,0.001695,0,0,0,0
0.538264,0.001729,0,0,0,0
0.541375,0.001632,0,0,0,0
0.543038,0.092746,0,1,0,2.695526
0.636139,0.092682,0,1,0,2.697396
