start,duration,H2D,D2H,D2D,Throughput
0.476073,0.033273,1,0,0,7.513633
0.509483,0.033134,1,0,0,7.545098
0.543693,0.004908,0,0,0,0
0.543792,0.001695,0,0,0,0
0.545496,0.001725,0,0,0,0
0.548606,0.001642,0,0,0,0
0.55028,0.095444,0,1,0,2.619338
0.646095,0.095461,0,1,0,2.618873
