start,duration,H2D,D2H,D2D,Throughput
0.476325,0.032559,1,0,0,7.678412
0.509017,0.032663,1,0,0,7.653829
0.542738,0.004915,0,0,0,0
0.542838,0.001701,0,0,0,0
0.544544,0.001726,0,0,0,0
0.547656,0.001627,0,0,0,0
0.549314,0.095759,0,1,0,2.61073
0.645441,0.09576,0,1,0,2.610688
