start,duration,H2D,D2H,D2D,Throughput
0.468179,0.032758,1,0,0,7.631758
0.501072,0.033062,1,0,0,7.561628
0.535189,0.004918,0,0,0,0
0.535289,0.001698,0,0,0,0
0.536996,0.001722,0,0,0,0
0.540109,0.001627,0,0,0,0
0.541766,0.091672,0,1,0,2.72711
0.63458,0.091562,0,1,0,2.730393
