start,duration,threads_x,threads_y,threads_z
0.545238,0.004906,524288.0,1.0,1.0
0.545337,0.001696,524288.0,1.0,1.0
0.547044,0.001737,524288.0,1.0,1.0
0.550148,0.001631,524288.0,1.0,1.0
