start,duration,threads_x,threads_y,threads_z
0.536464,0.004908,524288.0,1.0,1.0
0.536563,0.001695,524288.0,1.0,1.0
0.538264,0.001729,524288.0,1.0,1.0
0.541375,0.001632,524288.0,1.0,1.0
