start,duration,threads_x,threads_y,threads_z
0.545029,0.004908,524288.0,1.0,1.0
0.545128,0.001699,524288.0,1.0,1.0
0.546831,0.001719,524288.0,1.0,1.0
0.549941,0.001633,524288.0,1.0,1.0
