start,duration,direction,throughput
0.456201,0.03345,0,7.473746
0.48978,0.033137,0,7.544455
0.530552,0.102417,1,2.441009
0.634161,0.106251,1,2.352918
