start,duration,direction,throughput
0.476073,0.033273,0,7.513633
0.509483,0.033134,0,7.545098
0.55028,0.095444,1,2.619338
0.646095,0.095461,1,2.618873
