start,duration,H2D,D2H,D2D,Throughput
0.456201,0.03345,1,0,0,7.473746
0.48978,0.033137,1,0,0,7.544455
0.523985,0.004903,0,0,0,0
0.524086,0.00169,0,0,0,0
0.525787,0.001737,0,0,0,0
0.528892,0.001632,0,0,0,0
0.530552,0.102417,0,1,0,2.441009
0.634161,0.106251,0,1,0,2.352918
