start,duration,direction,throughput
0.476325,0.032559,0,7.678412
0.509017,0.032663,0,7.653829
0.549314,0.095759,1,2.61073
0.645441,0.09576,1,2.610688
