start,duration,direction,throughput
0.475119,0.032704,0,7.644219
0.507956,0.032728,0,7.63868
0.548359,0.093326,1,2.678772
0.642827,0.093422,1,2.676041
