start,duration,direction,throughput
0.479662,0.033022,0,7.570632
0.512834,0.033183,0,7.534083
0.553687,0.093883,1,2.662877
0.647933,0.093997,1,2.659667
