start,duration,threads_x,threads_y,threads_z
0.541782,0.004902,524288.0,1.0,1.0
0.541881,0.001693,524288.0,1.0,1.0
0.543579,0.001728,524288.0,1.0,1.0
0.546686,0.001641,524288.0,1.0,1.0
