start,duration,threads_x,threads_y,threads_z
0.543165,0.00491,524288.0,1.0,1.0
0.543264,0.001687,524288.0,1.0,1.0
0.544962,0.001734,524288.0,1.0,1.0
0.548078,0.001637,524288.0,1.0,1.0
