start,duration,direction,throughput
0.476954,0.033074,0,7.558901
0.510177,0.033171,0,7.536668
0.550992,0.094979,1,2.632149
0.647127,0.094885,1,2.634775
