start,duration,H2D,D2H,D2D,Throughput
0.479662,0.033022,1,0,0,7.570632
0.512834,0.033183,1,0,0,7.534083
0.547092,0.004919,0,0,0,0
0.547192,0.001697,0,0,0,0
0.548896,0.001734,0,0,0,0
0.552013,0.00164,0,0,0,0
0.553687,0.093883,0,1,0,2.662877
0.647933,0.093997,0,1,0,2.659667
