start,duration,threads_x,threads_y,threads_z
0.523985,0.004903,524288.0,1.0,1.0
0.524086,0.00169,524288.0,1.0,1.0
0.525787,0.001737,524288.0,1.0,1.0
0.528892,0.001632,524288.0,1.0,1.0
