start,duration,direction,throughput
0.477504,0.033064,0,7.561119
0.510713,0.033265,0,7.515389
0.551604,0.093273,1,2.680307
0.646032,0.093369,1,2.677535
