start,duration,direction,throughput
0.470159,0.032625,0,7.662928
0.502918,0.032487,0,7.6954
0.543038,0.092746,1,2.695526
0.636139,0.092682,1,2.697396
