start,duration,direction,throughput
0.475632,0.033052,0,7.563747
0.508821,0.033287,0,7.510477
0.549748,0.093343,1,2.678288
0.644244,0.093201,1,2.682384
