start,duration,direction,throughput
0.47805,0.033038,0,7.567099
0.511225,0.032965,0,7.583876
0.55181,0.09492,1,2.633785
0.647896,0.094853,1,2.635668
