start,duration,H2D,D2H,D2D,Throughput
0.476954,0.033074,1,0,0,7.558901
0.510177,0.033171,1,0,0,7.536668
0.544414,0.004905,0,0,0,0
0.544515,0.001691,0,0,0,0
0.546212,0.001724,0,0,0,0
0.549322,0.001639,0,0,0,0
0.550992,0.094979,0,1,0,2.632149
0.647127,0.094885,0,1,0,2.634775
