start,duration,H2D,D2H,D2D,Throughput
0.47805,0.033038,1,0,0,7.567099
0.511225,0.032965,1,0,0,7.583876
0.545238,0.004906,0,0,0,0
0.545337,0.001696,0,0,0,0
0.547044,0.001737,0,0,0,0
0.550148,0.001631,0,0,0,0
0.55181,0.09492,0,1,0,2.633785
0.647896,0.094853,0,1,0,2.635668
