start,duration,threads_x,threads_y,threads_z
0.543693,0.004908,524288.0,1.0,1.0
0.543792,0.001695,524288.0,1.0,1.0
0.545496,0.001725,524288.0,1.0,1.0
0.548606,0.001642,524288.0,1.0,1.0
