start,duration,threads_x,threads_y,threads_z
0.535189,0.004918,524288.0,1.0,1.0
0.535289,0.001698,524288.0,1.0,1.0
0.536996,0.001722,524288.0,1.0,1.0
0.540109,0.001627,524288.0,1.0,1.0
