start,duration,threads_x,threads_y,threads_z
0.547092,0.004919,524288.0,1.0,1.0
0.547192,0.001697,524288.0,1.0,1.0
0.548896,0.001734,524288.0,1.0,1.0
0.552013,0.00164,524288.0,1.0,1.0
