start,duration,direction,throughput
0.468179,0.032758,0,7.631758
0.501072,0.033062,0,7.561628
0.541766,0.091672,1,2.72711
0.63458,0.091562,1,2.730393
