start,duration,threads_x,threads_y,threads_z
0.542738,0.004915,524288.0,1.0,1.0
0.542838,0.001701,524288.0,1.0,1.0
0.544544,0.001726,524288.0,1.0,1.0
0.547656,0.001627,524288.0,1.0,1.0
