start,duration,H2D,D2H,D2D,Throughput
0.475119,0.032704,1,0,0,7.644219
0.507956,0.032728,1,0,0,7.63868
0.541782,0.004902,0,0,0,0
0.541881,0.001693,0,0,0,0
0.543579,0.001728,0,0,0,0
0.546686,0.001641,0,0,0,0
0.548359,0.093326,0,1,0,2.678772
0.642827,0.093422,0,1,0,2.676041
