start,duration,H2D,D2H,D2D,Throughput
0.319309,0.005105,1,0,0,6.567962
0.324573,0.005106,1,0,0,6.566769
0.32984,0.005102,1,0,0,6.5713
0.335027,18.600048,0,0,0,0
18.935241,0.012349,0,1,0,2.715003
