start,duration,direction,throughput
0.319309,0.005105,0,6.567962
0.324573,0.005106,0,6.566769
0.32984,0.005102,0,6.5713
18.935241,0.012349,1,2.715003
