start,duration,H2D,D2H,D2D,Throughput
0.323042,0.009647,1,0,0,6.178354
0.33286,0.009466,1,0,0,6.297036
0.342494,0.009494,1,0,0,6.278104
0.352074,24.913701,0,0,0,0
25.2659,0.022823,0,1,0,2.611605
