start,duration,direction,throughput
0.329191,0.000534,0,7.310831
0.32988,0.000537,0,7.272069
0.330572,0.000545,0,7.162004
0.752212,0.00173,1,2.258363
