start,duration,direction,throughput
0.322815,0.01005,0,6.21908
0.333038,0.010057,0,6.214726
0.34326,0.010062,0,6.211683
27.179003,0.023386,1,2.672544
