start,duration,H2D,D2H,D2D,Throughput
0.322815,0.01005,1,0,0,6.21908
0.333038,0.010057,1,0,0,6.214726
0.34326,0.010062,1,0,0,6.211683
0.353407,26.825448,0,0,0,0
27.179003,0.023386,0,1,0,2.672544
