start,duration,direction,throughput
0.311341,0.031562,0,7.554018
0.343047,0.031554,0,7.555819
0.374745,0.031599,0,7.545083
203.689436,0.08759,1,2.721979
