start,duration,H2D,D2H,D2D,Throughput
0.321892,0.001996,1,0,0,7.82909
0.324016,0.002031,1,0,0,7.692187
0.326178,0.002011,1,0,0,7.769666
0.328258,3.354052,0,0,0,0
3.682377,0.005811,0,1,0,2.689016
