start,duration,direction,throughput
0.301262,0.019321,0,6.94134
0.320728,0.019622,0,6.834603
0.340512,0.019497,0,6.878418
212.285381,0.057355,1,2.338264
