start,duration,direction,throughput
0.31098,0.048142,0,7.738054
0.359258,0.048015,0,7.758548
0.407408,0.048052,0,7.75258
1050.826288,0.137311,1,2.713036
