start,duration,H2D,D2H,D2D,Throughput
0.329191,0.000534,1,0,0,7.310831
0.32988,0.000537,1,0,0,7.272069
0.330572,0.000545,1,0,0,7.162004
0.331169,0.421013,0,0,0,0
0.752212,0.00173,0,1,0,2.258363
