start,duration,direction,throughput
0.313022,0.014056,0,6.62599
0.327242,0.014231,0,6.544149
0.341648,0.012957,0,7.187531
109.968567,0.031813,1,2.927482
