start,duration,direction,throughput
0.323042,0.009647,0,6.178354
0.33286,0.009466,0,6.297036
0.342494,0.009494,0,6.278104
25.2659,0.022823,1,2.611605
