start,duration,H2D,D2H,D2D,Throughput
0.320441,0.001909,1,0,0,7.80649
0.32248,0.001928,1,0,0,7.727592
0.324541,0.001972,1,0,0,7.557772
0.326581,3.176689,0,0,0,0
3.503345,0.005885,0,1,0,2.531859
