start,duration,direction,throughput
0.321892,0.001996,0,7.82909
0.324016,0.002031,0,7.692187
0.326178,0.002011,0,7.769666
3.682377,0.005811,1,2.689016
