start,duration,direction,throughput
0.320441,0.001909,0,7.80649
0.32248,0.001928,0,7.727592
0.324541,0.001972,0,7.557772
3.503345,0.005885,1,2.531859
