start,duration,H2D,D2H,D2D,Throughput
0.301262,0.019321,1,0,0,6.94134
0.320728,0.019622,1,0,0,6.834603
0.340512,0.019497,1,0,0,6.878418
0.360082,211.925142,0,0,0,0
212.285381,0.057355,0,1,0,2.338264
