start,duration,direction,throughput
0.31013,0.017644,0,7.601005
0.327909,0.017436,0,7.691753
43.458595,0.04966,1,2.700567
