start,duration,H2D,D2H,D2D,Throughput
0.322744,0.009726,1,0,0,6.425984
0.332637,0.009718,1,0,0,6.431147
0.342439,13.521276,0,0,0,0
13.863836,0.024212,0,1,0,2.581416
