start,duration,direction,throughput
0.322567,0.002484,0,6.289878
0.325219,0.002506,0,6.236056
2.019995,0.005911,1,2.643392
