start,duration,direction,throughput
0.322831,0.001928,0,7.730286
0.32489,0.001926,0,7.736197
1.921273,0.005685,1,2.621263
