start,duration,H2D,D2H,D2D,Throughput
0.322831,0.001928,1,0,0,7.730286
0.32489,0.001926,1,0,0,7.736197
0.326877,1.594365,0,0,0,0
1.921273,0.005685,0,1,0,2.621263
