start,duration,H2D,D2H,D2D,Throughput
0.320998,0.004681,1,0,0,7.162974
0.325824,0.004612,1,0,0,7.269833
0.33051,5.403604,0,0,0,0
5.734241,0.012731,0,1,0,2.633608
