start,duration,direction,throughput
0.314649,0.012207,0,7.629217
0.326993,0.012241,0,7.608216
25.380769,0.035061,1,2.656273
