start,duration,H2D,D2H,D2D,Throughput
0.31013,0.017644,1,0,0,7.601005
0.327909,0.017436,1,0,0,7.691753
0.345465,43.113047,0,0,0,0
43.458595,0.04966,0,1,0,2.700567
