start,duration,direction,throughput
0.322744,0.009726,0,6.425984
0.332637,0.009718,0,6.431147
13.863836,0.024212,1,2.581416
