start,duration,direction,throughput
0.315091,0.037506,0,6.356803
0.352773,0.037383,0,6.377731
101.031606,0.087868,1,2.71336
