start,duration,H2D,D2H,D2D,Throughput
0.322567,0.002484,1,0,0,6.289878
0.325219,0.002506,1,0,0,6.236056
0.327788,1.692175,0,0,0,0
2.019995,0.005911,0,1,0,2.643392
