start,duration,direction,throughput
0.320998,0.004681,0,7.162974
0.325824,0.004612,0,7.269833
5.734241,0.012731,1,2.633608
