start,duration,direction,throughput
0.320133,0.009458,0,6.302119
0.329756,0.009283,0,6.421154
12.928052,0.02224,1,2.680104
