start,duration,H2D,D2H,D2D,Throughput
0.315091,0.037506,1,0,0,6.356803
0.352773,0.037383,1,0,0,6.377731
0.390243,100.641206,0,0,0,0
101.031606,0.087868,0,1,0,2.71336
