start,duration,direction,throughput
0.325515,0.000564,0,6.92433
0.326243,0.000583,0,6.700832
0.540539,0.001565,1,2.495841
