start,duration,H2D,D2H,D2D,Throughput
0.325515,0.000564,1,0,0,6.92433
0.326243,0.000583,1,0,0,6.700832
0.326881,0.213635,0,0,0,0
0.540539,0.001565,0,1,0,2.495841
