start,duration,H2D,D2H,D2D,Throughput
0.316378,0.051456,1,0,0,7.23979
0.36798,0.051346,1,0,0,7.255244
0.419403,199.778113,0,0,0,0
200.19767,0.142522,0,1,0,2.613828
