start,duration,direction,throughput
0.316378,0.051456,0,7.23979
0.36798,0.051346,0,7.255244
200.19767,0.142522,1,2.613828
