start,duration,direction,throughput
0.315256,1.1e-05,0,0.007055
0.315273,0.442187,0,3.106714
