start,duration,direction,throughput
0.31462,1.1e-05,0,0.006844
0.314637,0.029628,0,3.105543
