start,duration,direction,throughput
0.307727,1e-06,0,0.053146
0.307863,0.002378,0,7.776647
7.221693,5e-06,1,5.70719
