start,duration,direction,throughput
0.313969,1e-06,0,0.053146
0.314134,0.014275,0,6.419693
15.841543,3.4e-05,1,8.848891
