start,duration,H2D,D2H,D2D,Throughput
0.307727,1e-06,1,0,0,0.053146
0.307863,0.002378,1,0,0,7.776647
0.310249,6.911433,0,0,0,0
7.221693,5e-06,0,1,0,5.70719
