start,duration,H2D,D2H,D2D,Throughput
0.304467,1e-06,1,0,0,0.055562
0.304605,0.000558,1,0,0,8.282035
0.305172,0.485325,0,0,0,0
0.790506,5e-06,0,1,0,5.742204
