start,duration,H2D,D2H,D2D,Throughput
0.313124,1.1e-05,1,0,0,0.007105
0.313141,0.146511,1,0,0,3.127566
