start,duration,direction,throughput
0.315864,2e-06,0,0.048894
0.316026,0.006702,0,6.836579
4.627766,3.4e-05,1,8.85704
