start,duration,H2D,D2H,D2D,Throughput
0.31462,1.1e-05,1,0,0,0.006844
0.314637,0.029628,1,0,0,3.105543
