start,duration,direction,throughput
0.304467,1e-06,0,0.055562
0.304605,0.000558,0,8.282035
0.790506,5e-06,1,5.742204
