start,duration,H2D,D2H,D2D,Throughput
0.315864,2e-06,1,0,0,0.048894
0.316026,0.006702,1,0,0,6.836579
0.322739,4.30502,0,0,0,0
4.627766,3.4e-05,0,1,0,8.85704
