start,duration,direction,throughput
0.30499,1e-06,0,0.053146
0.305156,0.001349,0,6.856993
2.073576,5e-06,1,5.742204
