start,duration,H2D,D2H,D2D,Throughput
0.308154,1e-06,1,0,0,0.054327
0.308299,0.004752,1,0,0,7.74492
0.313065,12.244675,0,0,0,0
12.557743,9e-06,0,1,0,6.967544
