start,duration,direction,throughput
0.308154,1e-06,0,0.054327
0.308299,0.004752,0,7.74492
12.557743,9e-06,1,6.967544
