start,duration,direction,throughput
0.313124,1.1e-05,0,0.007105
0.313141,0.146511,0,3.127566
