start,duration,H2D,D2H,D2D,Throughput
0.315256,1.1e-05,1,0,0,0.007055
0.315273,0.442187,1,0,0,3.106714
