start,duration,direction,throughput
0.470062,2.4e-05,0,10.26702
0.470095,1e-06,0,0.146351
0.470206,2.1e-05,1,11.729245
