start,duration,direction,throughput
0.462173,0.000565,0,7.032336
0.462747,1e-06,0,0.188782
0.463177,0.001518,1,2.616634
