start,duration,H2D,D2H,D2D,Throughput
0.462173,0.000565,1,0,0,7.032336
0.462747,1e-06,1,0,0,0.188782
0.462963,1e-06,0,0,0,0
0.463001,0.000154,0,0,0,0
0.463177,0.001518,0,1,0,2.616634
