start,duration,direction,throughput
0.463713,2.4e-05,0,10.212688
0.463747,1e-06,0,0.194026
0.463859,2.1e-05,1,11.569784
