start,duration,H2D,D2H,D2D,Throughput
0.463713,2.4e-05,1,0,0,10.212688
0.463747,1e-06,1,0,0,0.194026
0.463785,1e-06,0,0,0,0
0.463822,1.6e-05,0,0,0,0
0.463859,2.1e-05,0,1,0,11.569784
