start,duration,H2D,D2H,D2D,Throughput
0.464912,2.4e-05,1,0,0,10.198034
0.464945,1e-06,1,0,0,0.146351
0.464988,1e-06,0,0,0,0
0.465028,1.6e-05,0,0,0,0
0.465064,2.1e-05,0,1,0,11.774884
