start,duration,direction,throughput
0.464912,2.4e-05,0,10.198034
0.464945,1e-06,0,0.146351
0.465064,2.1e-05,1,11.774884
