start,duration,H2D,D2H,D2D,Throughput
0.469078,2.4e-05,1,0,0,10.211578
0.469111,1e-06,1,0,0,0.199569
0.469153,1e-06,0,0,0,0
0.46919,1.8e-05,0,0,0,0
0.46923,2.1e-05,0,1,0,11.774884
