start,duration,direction,throughput
0.469078,2.4e-05,0,10.211578
0.469111,1e-06,0,0.199569
0.46923,2.1e-05,1,11.774884
