start,duration,H2D,D2H,D2D,Throughput
0.477674,2.4e-05,1,0,0,10.225158
0.477708,1e-06,1,0,0,0.142285
0.477746,1e-06,0,0,0,0
0.477783,1.6e-05,0,0,0,0
0.477822,2.1e-05,0,1,0,11.774884
