start,duration,direction,throughput
0.477674,2.4e-05,0,10.225158
0.477708,1e-06,0,0.142285
0.477822,2.1e-05,1,11.774884
