start,duration,direction,throughput
0.470764,2.4e-05,0,10.306969
0.470797,1e-06,0,0.194026
0.470916,2.1e-05,1,11.774884
