start,duration,H2D,D2H,D2D,Throughput
0.470764,2.4e-05,1,0,0,10.306969
0.470797,1e-06,1,0,0,0.194026
0.470838,1e-06,0,0,0,0
0.470876,1.8e-05,0,0,0,0
0.470916,2.1e-05,0,1,0,11.774884
