start,duration,direction,throughput
0.473749,6.7e-05,0,11.001022
0.473826,1e-06,0,0.142285
0.473961,6.1e-05,1,12.077982
