start,duration,direction,throughput
0.467714,6.7e-05,0,11.037897
0.467791,1e-06,0,0.194026
0.467933,6.1e-05,1,12.077783
