start,duration,H2D,D2H,D2D,Throughput
0.467714,6.7e-05,1,0,0,11.037897
0.467791,1e-06,1,0,0,0.194026
0.467833,1e-06,0,0,0,0
0.467873,3.7e-05,0,0,0,0
0.467933,6.1e-05,0,1,0,12.077783
