start,duration,H2D,D2H,D2D,Throughput
0.463023,0.000571,1,0,0,6.960968
0.463606,1e-06,1,0,0,0.142285
0.46384,1e-06,0,0,0,0
0.463883,0.000137,0,0,0,0
0.464044,0.001593,0,1,0,2.492679
