start,duration,direction,throughput
0.463023,0.000571,0,6.960968
0.463606,1e-06,0,0.142285
0.464044,0.001593,1,2.492679
