start,duration,H2D,D2H,D2D,Throughput
0.466109,2e-06,1,0,0,0.008955
0.466124,1e-06,1,0,0,0.033262
0.466169,0.00281,0,0,0,0
0.48735,2e-06,1,0,0,0.025611
0.487367,1e-06,1,0,0,0.013305
0.48757,1e-06,1,0,0,0.003424
0.487657,3e-06,0,1,0,0.005679
0.491934,0.002727,1,0,0,11.461463
0.494671,27.35426,0,0,0,0
27.848939,2e-06,0,1,0,0.001819
