start,duration,H2D,D2H,D2D,Throughput
0.48011,1e-06,1,0,0,0.010123
0.480127,1e-06,1,0,0,0.031464
0.480173,0.003136,0,0,0,0
0.615944,2e-06,1,0,0,0.020993
0.615961,1e-06,1,0,0,0.010123
0.616306,1e-06,1,0,0,0.003234
0.616387,3e-06,0,1,0,0.004902
0.619557,0.021828,1,0,0,11.452985
0.641398,27.456977,0,0,0,0
28.098383,2e-06,0,1,0,0.001712
