start,duration,threads_x,threads_y,threads_z
0.469848,0.003119,16384.0,1.0,1.0
0.636446,27.453866,262144.0,1.0,1.0
