start,duration,threads_x,threads_y,threads_z
0.4679,0.002816,16384.0,1.0,1.0
0.496426,27.355557,262144.0,1.0,1.0
