start,duration,direction,throughput
0.473414,1e-06,0,0.011087
0.473427,1e-06,0,0.033262
0.494703,2e-06,0,0.022466
0.494717,1e-06,0,0.013305
0.494907,1e-06,0,0.003424
0.494984,3e-06,1,0.005062
0.521175,0.002724,0,11.471279
112.25369,2e-06,1,0.001687
112.273827,0.002743,0,11.392059
197.275526,1e-06,1,0.002707
