start,duration,direction,throughput
0.469772,1e-06,0,0.010583
0.469789,1e-06,0,0.031464
0.607285,2e-06,0,0.021343
0.6073,1e-06,0,0.012596
0.607706,2e-06,0,0.002328
0.60779,3e-06,1,0.005007
0.614583,0.021853,0,11.439956
28.090324,2e-06,1,0.001712
