start,duration,direction,throughput
0.476567,1e-06,0,0.011087
0.476612,1e-06,0,0.033262
0.498211,2e-06,0,0.022466
0.498229,1e-06,0,0.013305
0.498422,1e-06,0,0.003326
0.498511,3e-06,1,0.005292
1.184295,0.002734,0,11.429662
112.879231,2e-06,1,0.001713
112.900255,0.002726,0,11.465761
197.047227,1e-06,1,0.002772
