start,duration,H2D,D2H,D2D,Throughput
0.520968,1e-06,1,0,0,0.011095
0.520984,1e-06,1,0,0,0.033262
0.521035,0.00282,0,0,0,0
0.660714,2e-06,1,0,0,0.022466
0.660731,1e-06,1,0,0,0.013696
0.661091,2e-06,1,0,0,0.002477
0.661182,3e-06,0,1,0,0.005352
0.734093,0.021845,1,0,0,11.444361
0.755949,27.430566,0,0,0,0
28.186525,2e-06,0,1,0,0.00164
