start,duration,H2D,D2H,D2D,Throughput
0.487954,1e-06,1,0,0,0.011087
0.487971,1e-06,1,0,0,0.033262
0.488017,0.002796,0,0,0,0
0.509572,1e-06,1,0,0,0.027838
0.509589,1e-06,1,0,0,0.013305
0.509796,2e-06,1,0,0,0.002239
0.509877,3e-06,0,1,0,0.004902
0.528749,0.002726,1,0,0,11.46362
0.531485,27.423725,0,0,0,0
27.955224,2e-06,0,1,0,0.001712
