start,duration,direction,throughput
0.475705,2e-06,0,0.008786
0.475719,1e-06,0,0.030636
0.497549,2e-06,0,0.027246
0.497565,1e-06,0,0.013305
0.497758,1e-06,0,0.003326
0.497841,3e-06,1,0.005478
0.569162,0.002725,0,11.468866
27.92799,2e-06,1,0.001687
