start,duration,direction,throughput
0.473583,2e-06,0,0.007511
0.473597,1e-06,0,0.033262
0.495099,2e-06,0,0.027264
0.495116,1e-06,0,0.013305
0.495309,1e-06,0,0.003424
0.495394,3e-06,1,0.005679
0.495948,0.002727,0,11.460791
27.927426,2e-06,1,0.001687
