start,duration,threads_x,threads_y,threads_z
0.521035,0.00282,16384.0,1.0,1.0
0.755949,27.430566,262144.0,1.0,1.0
