start,duration,threads_x,threads_y,threads_z
0.473467,0.002833,16384.0,1.0,1.0
0.523907,111.729772,262144.0,1.0,1.0
112.276581,84.998934,262144.0,1.0,1.0
