start,duration,threads_x,threads_y,threads_z
0.475764,0.002818,16384.0,1.0,1.0
0.571895,27.356089,262144.0,1.0,1.0
