start,duration,direction,throughput
0.466109,2e-06,0,0.008955
0.466124,1e-06,0,0.033262
0.48735,2e-06,0,0.025611
0.487367,1e-06,0,0.013305
0.48757,1e-06,0,0.003424
0.487657,3e-06,1,0.005679
0.491934,0.002727,0,11.461463
27.848939,2e-06,1,0.001819
