start,duration,direction,throughput
0.48011,1e-06,0,0.010123
0.480127,1e-06,0,0.031464
0.615944,2e-06,0,0.020993
0.615961,1e-06,0,0.010123
0.616306,1e-06,0,0.003234
0.616387,3e-06,1,0.004902
0.619557,0.021828,0,11.452985
28.098383,2e-06,1,0.001712
