start,duration,direction,throughput
0.487954,1e-06,0,0.011087
0.487971,1e-06,0,0.033262
0.509572,1e-06,0,0.027838
0.509589,1e-06,0,0.013305
0.509796,2e-06,0,0.002239
0.509877,3e-06,1,0.004902
0.528749,0.002726,0,11.46362
27.955224,2e-06,1,0.001712
