start,duration,H2D,D2H,D2D,Throughput
0.469772,1e-06,1,0,0,0.010583
0.469789,1e-06,1,0,0,0.031464
0.469848,0.003119,0,0,0,0
0.607285,2e-06,1,0,0,0.021343
0.6073,1e-06,1,0,0,0.012596
0.607706,2e-06,1,0,0,0.002328
0.60779,3e-06,0,1,0,0.005007
0.614583,0.021853,1,0,0,11.439956
0.636446,27.453866,0,0,0,0
28.090324,2e-06,0,1,0,0.001712
