start,duration,threads_x,threads_y,threads_z
0.47666,0.002808,16384.0,1.0,1.0
1.187041,111.692181,262144.0,1.0,1.0
112.90299,84.144225,262144.0,1.0,1.0
