start,duration,direction,throughput
0.467836,2e-06,0,0.00896
0.467852,1e-06,0,0.033262
0.489116,1e-06,0,0.027838
0.489131,1e-06,0,0.013696
0.489325,1e-06,0,0.003326
0.489408,3e-06,1,0.005544
0.493669,0.002746,0,11.381574
27.851988,2e-06,1,0.001687
