start,duration,H2D,D2H,D2D,Throughput
0.461588,2e-06,1,0,0,0.008169
0.461604,1e-06,1,0,0,0.033262
0.46165,0.002831,0,0,0,0
0.599206,2e-06,1,0,0,0.022466
0.599223,1e-06,1,0,0,0.013305
0.599571,1e-06,1,0,0,0.003424
0.599652,3e-06,0,1,0,0.005232
0.602873,0.021897,1,0,0,11.41735
0.624779,27.435816,0,0,0,0
28.060605,2e-06,0,1,0,0.001687
