start,duration,H2D,D2H,D2D,Throughput
0.475175,1e-06,1,0,0,0.011087
0.475191,1e-06,1,0,0,0.033262
0.475236,0.002818,0,0,0,0
0.496991,2e-06,1,0,0,0.022079
0.497007,1e-06,1,0,0,0.013305
0.4972,1e-06,1,0,0,0.003424
0.49728,3e-06,0,1,0,0.005749
0.523783,0.002724,1,0,0,11.470744
0.526517,111.644103,0,0,0,0
112.170627,2e-06,0,1,0,0.001712
