start,duration,threads_x,threads_y,threads_z
0.488638,0.002819,16384.0,1.0,1.0
0.517767,27.363482,262144.0,1.0,1.0
