start,duration,H2D,D2H,D2D,Throughput
0.46549,1e-06,1,0,0,0.011087
0.465506,1e-06,1,0,0,0.03424
0.465552,0.002821,0,0,0,0
0.487078,2e-06,1,0,0,0.026134
0.487095,1e-06,1,0,0,0.013305
0.487289,1e-06,1,0,0,0.003424
0.487369,3e-06,0,1,0,0.005749
0.51379,0.002726,1,0,0,11.461724
0.516527,111.712543,0,0,0,0
112.229078,2e-06,0,1,0,0.001687
112.249216,0.002726,1,0,0,11.463334
112.251951,83.913116,0,0,0,0
196.165074,1e-06,0,1,0,0.002707
