start,duration,H2D,D2H,D2D,Throughput
0.473583,2e-06,1,0,0,0.007511
0.473597,1e-06,1,0,0,0.033262
0.473641,0.002803,0,0,0,0
0.495099,2e-06,1,0,0,0.027264
0.495116,1e-06,1,0,0,0.013305
0.495309,1e-06,1,0,0,0.003424
0.495394,3e-06,0,1,0,0.005679
0.495948,0.002727,1,0,0,11.460791
0.498686,27.428734,0,0,0,0
27.927426,2e-06,0,1,0,0.001687
