start,duration,threads_x,threads_y,threads_z
0.473641,0.002803,16384.0,1.0,1.0
0.498686,27.428734,262144.0,1.0,1.0
