start,duration,threads_x,threads_y,threads_z
0.46165,0.002831,16384.0,1.0,1.0
0.624779,27.435816,262144.0,1.0,1.0
