start,duration,H2D,D2H,D2D,Throughput
0.476567,1e-06,1,0,0,0.011087
0.476612,1e-06,1,0,0,0.033262
0.47666,0.002808,0,0,0,0
0.498211,2e-06,1,0,0,0.022466
0.498229,1e-06,1,0,0,0.013305
0.498422,1e-06,1,0,0,0.003326
0.498511,3e-06,0,1,0,0.005292
1.184295,0.002734,1,0,0,11.429662
1.187041,111.692181,0,0,0,0
112.879231,2e-06,0,1,0,0.001713
112.900255,0.002726,1,0,0,11.465761
112.90299,84.144225,0,0,0,0
197.047227,1e-06,0,1,0,0.002772
