start,duration,threads_x,threads_y,threads_z
0.480173,0.003136,16384.0,1.0,1.0
0.641398,27.456977,262144.0,1.0,1.0
