start,duration,threads_x,threads_y,threads_z
0.466169,0.00281,16384.0,1.0,1.0
0.494671,27.35426,262144.0,1.0,1.0
