start,duration,threads_x,threads_y,threads_z
0.478952,0.002803,16384.0,1.0,1.0
0.507302,27.355945,262144.0,1.0,1.0
