start,duration,H2D,D2H,D2D,Throughput
0.473414,1e-06,1,0,0,0.011087
0.473427,1e-06,1,0,0,0.033262
0.473467,0.002833,0,0,0,0
0.494703,2e-06,1,0,0,0.022466
0.494717,1e-06,1,0,0,0.013305
0.494907,1e-06,1,0,0,0.003424
0.494984,3e-06,0,1,0,0.005062
0.521175,0.002724,1,0,0,11.471279
0.523907,111.729772,0,0,0,0
112.25369,2e-06,0,1,0,0.001687
112.273827,0.002743,1,0,0,11.392059
112.276581,84.998934,0,0,0,0
197.275526,1e-06,0,1,0,0.002707
