start,duration,threads_x,threads_y,threads_z
0.475236,0.002818,16384.0,1.0,1.0
0.526517,111.644103,262144.0,1.0,1.0
