start,duration,H2D,D2H,D2D,Throughput
0.48858,2e-06,1,0,0,0.008955
0.488595,1e-06,1,0,0,0.032338
0.488638,0.002819,0,0,0,0
0.510368,2e-06,1,0,0,0.027246
0.510385,1e-06,1,0,0,0.013305
0.510577,1e-06,1,0,0,0.003424
0.510661,3e-06,0,1,0,0.005478
0.515008,0.002748,1,0,0,11.371907
0.517767,27.363482,0,0,0,0
27.881255,2e-06,0,1,0,0.001712
