start,duration,threads_x,threads_y,threads_z
0.465552,0.002821,16384.0,1.0,1.0
0.516527,111.712543,262144.0,1.0,1.0
112.251951,83.913116,262144.0,1.0,1.0
