start,duration,H2D,D2H,D2D,Throughput
0.478892,1e-06,1,0,0,0.011087
0.478908,1e-06,1,0,0,0.033262
0.478952,0.002803,0,0,0,0
0.500031,1e-06,1,0,0,0.027838
0.500044,1e-06,1,0,0,0.013696
0.500237,1e-06,1,0,0,0.003424
0.50032,3e-06,0,1,0,0.005478
0.504566,0.002724,1,0,0,11.473978
0.507302,27.355945,0,0,0,0
27.863258,2e-06,0,1,0,0.001663
