start,duration,threads_x,threads_y,threads_z
0.47603,0.002829,16384.0,1.0,1.0
0.501862,27.458571,262144.0,1.0,1.0
