start,duration,threads_x,threads_y,threads_z
0.501401,0.002804,16384.0,1.0,1.0
0.526614,27.428592,262144.0,1.0,1.0
