start,duration,threads_x,threads_y,threads_z
0.479872,0.002835,16384.0,1.0,1.0
0.530934,111.595306,262144.0,1.0,1.0
112.149108,83.803841,262144.0,1.0,1.0
