start,duration,direction,throughput
0.501337,1e-06,0,0.011087
0.501355,1e-06,0,0.033262
0.523005,1e-06,0,0.027838
0.523022,1e-06,0,0.013696
0.523217,1e-06,0,0.003424
0.523306,3e-06,1,0.005679
0.523829,0.002776,0,11.256682
27.955218,2e-06,1,0.001687
