start,duration,threads_x,threads_y,threads_z
0.468593,0.0028,16384.0,1.0,1.0
0.493505,27.423966,262144.0,1.0,1.0
