start,duration,threads_x,threads_y,threads_z
0.4665,0.002805,16384.0,1.0,1.0
0.628044,27.430018,262144.0,1.0,1.0
