start,duration,threads_x,threads_y,threads_z
0.488017,0.002796,16384.0,1.0,1.0
0.531485,27.423725,262144.0,1.0,1.0
