start,duration,H2D,D2H,D2D,Throughput
0.467836,2e-06,1,0,0,0.00896
0.467852,1e-06,1,0,0,0.033262
0.4679,0.002816,0,0,0,0
0.489116,1e-06,1,0,0,0.027838
0.489131,1e-06,1,0,0,0.013696
0.489325,1e-06,1,0,0,0.003326
0.489408,3e-06,0,1,0,0.005544
0.493669,0.002746,1,0,0,11.381574
0.496426,27.355557,0,0,0,0
27.851988,2e-06,0,1,0,0.001687
