start,duration,H2D,D2H,D2D,Throughput
0.479811,1e-06,1,0,0,0.011087
0.479827,1e-06,1,0,0,0.028394
0.479872,0.002835,0,0,0,0
0.501241,2e-06,1,0,0,0.027246
0.501257,1e-06,1,0,0,0.013696
0.501449,1e-06,1,0,0,0.003424
0.501529,3e-06,0,1,0,0.005679
0.528199,0.002726,1,0,0,11.465218
0.530934,111.595306,0,0,0,0
112.126252,2e-06,0,1,0,0.001663
112.146373,0.002725,1,0,0,11.468315
112.149108,83.803841,0,0,0,0
195.952954,1e-06,0,1,0,0.002707
