start,duration,direction,throughput
0.466443,1e-06,0,0.011087
0.466458,1e-06,0,0.033262
0.602479,2e-06,0,0.022867
0.602494,1e-06,0,0.013305
0.602857,2e-06,0,0.002477
0.602938,3e-06,1,0.005352
0.606185,0.021845,0,11.444242
28.058075,2e-06,1,0.001595
