start,duration,direction,throughput
0.461588,2e-06,0,0.008169
0.461604,1e-06,0,0.033262
0.599206,2e-06,0,0.022466
0.599223,1e-06,0,0.013305
0.599571,1e-06,0,0.003424
0.599652,3e-06,1,0.005232
0.602873,0.021897,0,11.41735
28.060605,2e-06,1,0.001687
