start,duration,H2D,D2H,D2D,Throughput
0.468367,1e-06,1,0,0,56.098489
0.468377,1e-06,1,0,0,168.295467
0.468386,1e-06,1,0,0,91.160045
0.468565,1e-06,0,0,0,0
0.468578,1e-06,1,0,0,108.99135
0.46861,8e-06,0,0,0,0
0.468621,2e-06,0,1,0,38.925482
