start,duration,H2D,D2H,D2D,Throughput
0.461374,1e-06,1,0,0,56.098489
0.461384,1e-06,1,0,0,168.295467
0.461393,1e-06,1,0,0,88.63461
0.461573,1e-06,0,0,0,0
0.461585,1e-06,1,0,0,108.99135
0.461616,8e-06,0,0,0,0
0.461627,2e-06,0,1,0,38.925482
