start,duration,direction,throughput
0.477156,1e-06,0,54.495675
0.477166,1e-06,0,163.487025
0.477175,1e-06,0,88.555471
0.477373,1e-06,0,108.99135
0.477414,2e-06,1,35.321271
