start,duration,direction,throughput
0.469597,1e-06,0,56.098489
0.469607,1e-06,0,168.295467
0.469617,1e-06,0,91.160045
0.469825,1e-06,0,93.041396
0.469868,2e-06,1,35.98771
