start,duration,direction,throughput
0.513933,1e-06,0,56.098489
0.513942,1e-06,0,163.487025
0.513951,1e-06,0,88.555471
0.514293,1e-06,0,108.99135
0.514334,2e-06,1,38.925482
