start,duration,direction,throughput
0.462609,1e-06,0,56.098489
0.46262,1e-06,0,163.487025
0.462628,1e-06,0,88.555471
0.462812,1e-06,0,108.99135
0.462855,2e-06,1,35.98771
