start,duration,direction,throughput
0.460468,1e-06,0,56.098489
0.460477,1e-06,0,163.487025
0.460486,1e-06,0,88.555471
0.460684,1e-06,0,108.99135
0.460728,2e-06,1,38.925482
