start,duration,H2D,D2H,D2D,Throughput
0.474253,1e-06,1,0,0,56.098489
0.474263,1e-06,1,0,0,163.487025
0.474271,1e-06,1,0,0,86.095597
0.474457,1e-06,0,0,0,0
0.474468,1e-06,1,0,0,108.99135
0.474501,8e-06,0,0,0,0
0.474512,2e-06,0,1,0,35.98771
