start,duration,direction,throughput
0.461374,1e-06,0,56.098489
0.461384,1e-06,0,168.295467
0.461393,1e-06,0,88.63461
0.461585,1e-06,0,108.99135
0.461627,2e-06,1,38.925482
