start,duration,H2D,D2H,D2D,Throughput
0.460468,1e-06,1,0,0,56.098489
0.460477,1e-06,1,0,0,163.487025
0.460486,1e-06,1,0,0,88.555471
0.460672,1e-06,0,0,0,0
0.460684,1e-06,1,0,0,108.99135
0.460716,8e-06,0,0,0,0
0.460728,2e-06,0,1,0,38.925482
