start,duration,direction,throughput
0.461966,1e-06,0,54.495675
0.461976,1e-06,0,163.487025
0.461993,1e-06,0,88.555471
0.462198,1e-06,0,105.963813
0.46224,2e-06,1,38.925482
