start,duration,direction,throughput
0.474253,1e-06,0,56.098489
0.474263,1e-06,0,163.487025
0.474271,1e-06,0,86.095597
0.474468,1e-06,0,108.99135
0.474512,2e-06,1,35.98771
