start,duration,direction,throughput
0.468367,1e-06,0,56.098489
0.468377,1e-06,0,168.295467
0.468386,1e-06,0,91.160045
0.468578,1e-06,0,108.99135
0.468621,2e-06,1,38.925482
