start,duration,direction,throughput
0.473338,1e-06,0,85.149492
0.473348,1e-06,0,8.765388
0.473546,1e-06,0,6.930772
0.594195,2e-06,1,4.139211
