start,duration,H2D,D2H,D2D,Throughput
0.473338,1e-06,1,0,0,85.149492
0.473348,1e-06,1,0,0,8.765388
0.473546,1e-06,1,0,0,6.930772
0.47358,0.120601,0,0,0,0
0.594195,2e-06,0,1,0,4.139211
