start,duration,H2D,D2H,D2D,Throughput
0.478981,7e-06,1,0,0,7.138675
0.479013,1.4e-05,0,0,0,0
