start,duration,H2D,D2H,D2D,Throughput
0.468277,7e-06,1,0,0,7.172508
0.468308,1.4e-05,0,0,0,0
