start,duration,H2D,D2H,D2D,Throughput
0.514709,1e-06,1,0,0,217.9827
0.514772,0.000311,0,0,0,0
0.514779,0.000281,0,0,0,0
