start,duration,H2D,D2H,D2D,Throughput
0.505873,1e-06,1,0,0,217.9827
0.505929,0.00032,0,0,0,0
0.505937,0.000291,0,0,0,0
