start,duration,H2D,D2H,D2D,Throughput
0.518765,1e-06,1,0,0,217.9827
0.518824,0.000266,0,0,0,0
0.518831,0.000238,0,0,0,0
