start,duration,H2D,D2H,D2D,Throughput
0.465162,7e-06,1,0,0,7.206663
0.465193,1.4e-05,0,0,0,0
