start,duration,H2D,D2H,D2D,Throughput
0.46622,7e-06,1,0,0,7.206663
0.466259,1.4e-05,0,0,0,0
