start,duration,H2D,D2H,D2D,Throughput
0.511345,1e-06,1,0,0,217.9827
0.511403,0.000258,0,0,0,0
0.51141,0.000229,0,0,0,0
