start,duration,H2D,D2H,D2D,Throughput
0.517935,1e-06,1,0,0,224.393956
0.517993,0.000203,0,0,0,0
0.518,0.000173,0,0,0,0
