start,duration,H2D,D2H,D2D,Throughput
0.520848,1e-06,1,0,0,217.9827
0.520904,0.000326,0,0,0,0
0.520911,0.000296,0,0,0,0
