start,duration,H2D,D2H,D2D,Throughput
0.5045,1e-06,1,0,0,169.5421
0.50456,0.0002,0,0,0,0
0.504567,0.000171,0,0,0,0
