start,duration,H2D,D2H,D2D,Throughput
0.46995,7e-06,1,0,0,7.418623
0.469979,1.4e-05,0,0,0,0
