start,duration,H2D,D2H,D2D,Throughput
0.467515,6e-06,1,0,0,7.455168
0.467544,1.4e-05,0,0,0,0
