start,duration,H2D,D2H,D2D,Throughput
0.524858,1e-06,1,0,0,217.9827
0.52493,0.000316,0,0,0,0
0.524938,0.000286,0,0,0,0
