start,duration,H2D,D2H,D2D,Throughput
0.470758,7e-06,1,0,0,6.975194
0.470792,1.4e-05,0,0,0,0
