start,duration,H2D,D2H,D2D,Throughput
0.466603,7e-06,1,0,0,7.206663
0.466635,1.4e-05,0,0,0,0
