start,duration,H2D,D2H,D2D,Throughput
0.485674,7e-06,1,0,0,7.241144
0.485703,1.4e-05,0,0,0,0
