start,duration,H2D,D2H,D2D,Throughput
0.499294,1e-06,1,0,0,217.9827
0.499351,0.000313,0,0,0,0
0.499358,0.000284,0,0,0,0
