start,duration,H2D,D2H,D2D,Throughput
0.520697,1e-06,1,0,0,217.9827
0.520753,0.000269,0,0,0,0
0.520761,0.00024,0,0,0,0
