start,duration,H2D,D2H,D2D,Throughput
0.521083,1e-06,1,0,0,217.9827
0.521145,0.00028,0,0,0,0
0.521153,0.00025,0,0,0,0
