start,duration,H2D,D2H,D2D,Throughput
0.474678,1e-06,1,0,0,2.838316
0.474687,1e-06,1,0,0,5.794895
0.474721,29.302956,0,0,0,0
29.777904,2e-06,0,1,0,7.690922
