start,duration,direction,throughput
0.47354,1e-06,0,2.128736
0.473549,1e-06,0,6.135772
4.411654,2e-06,1,8.22133
