start,duration,direction,throughput
0.474678,1e-06,0,2.838316
0.474687,1e-06,0,5.794895
29.777904,2e-06,1,7.690922
