start,duration,H2D,D2H,D2D,Throughput
0.47354,1e-06,1,0,0,2.128736
0.473549,1e-06,1,0,0,6.135772
0.473595,3.937878,0,0,0,0
4.411654,2e-06,0,1,0,8.22133
