start,duration,direction,throughput
0.472177,1e-06,0,2.838316
0.472186,1e-06,0,5.960464
29.803556,2e-06,1,6.716016
