start,duration,H2D,D2H,D2D,Throughput
0.472177,1e-06,1,0,0,2.838316
0.472186,1e-06,1,0,0,5.960464
0.472228,29.331158,0,0,0,0
29.803556,2e-06,0,1,0,6.716016
