start,duration,H2D,D2H,D2D,Throughput
0.470184,1e-06,1,0,0,2.128736
0.470194,1e-06,1,0,0,5.960464
0.470247,3.9378,0,0,0,0
4.408311,2e-06,0,1,0,8.22133
