start,duration,direction,throughput
0.470184,1e-06,0,2.128736
0.470194,1e-06,0,5.960464
4.408311,2e-06,1,8.22133
