start,duration,H2D,D2H,D2D,Throughput
0.464657,1e-06,1,0,0,2.838316
0.464666,1e-06,1,0,0,5.960464
0.464699,29.365984,0,0,0,0
29.830784,2e-06,0,1,0,6.811959
