start,duration,direction,throughput
0.464657,1e-06,0,2.838316
0.464666,1e-06,0,5.960464
29.830784,2e-06,1,6.811959
