start,duration,H2D,D2H,D2D,Throughput
0.468843,1e-06,1,0,0,2.838316
0.468852,1e-06,1,0,0,5.960464
0.468885,29.313054,0,0,0,0
29.782027,2e-06,0,1,0,6.910683
