start,duration,direction,throughput
0.468843,1e-06,0,2.838316
0.468852,1e-06,0,5.960464
29.782027,2e-06,1,6.910683
