start,duration,direction,throughput
0.469049,1e-06,0,2.838316
0.469058,1e-06,0,5.960464
29.801278,2e-06,1,6.910683
