start,duration,H2D,D2H,D2D,Throughput
0.469049,1e-06,1,0,0,2.838316
0.469058,1e-06,1,0,0,5.960464
0.469094,29.33196,0,0,0,0
29.801278,2e-06,0,1,0,6.910683
