start,duration,direction,throughput
0.470189,1e-06,0,2.838316
0.470206,1e-06,0,5.960464
29.802934,2e-06,1,7.012311
