start,duration,direction,throughput
0.459993,1e-06,0,2.838316
0.460003,1e-06,0,6.135772
29.75883,2e-06,1,8.22133
