start,duration,H2D,D2H,D2D,Throughput
0.459993,1e-06,1,0,0,2.838316
0.460003,1e-06,1,0,0,6.135772
0.460039,29.2987,0,0,0,0
29.75883,2e-06,0,1,0,8.22133
