start,duration,H2D,D2H,D2D,Throughput
0.475353,1e-06,1,0,0,2.838316
0.475362,1e-06,1,0,0,5.960464
0.475396,29.381686,0,0,0,0
29.857196,2e-06,0,1,0,6.532016
