start,duration,direction,throughput
0.475353,1e-06,0,2.838316
0.475362,1e-06,0,5.960464
29.857196,2e-06,1,6.532016
