start,duration,direction,throughput
0.46566,0.001709,0,4.360252
0.598522,1e-06,1,0.005062
