start,duration,threads_x,threads_y,threads_z
0.665937,0.09251,75264.0,1.0,1.0
0.758495,1.1e-05,128.0,1.0,1.0
0.758537,9e-06,768.0,1.0,1.0
0.758576,1e-05,17664.0,1.0,1.0
0.758615,0.000109,457088.0,1.0,1.0
0.758753,0.002567,1310720.0,1.0,1.0
