start,duration,H2D,D2H,D2D,Throughput
0.464936,0.000933,1,0,0,5.992411
0.466935,0.098359,0,0,0,0
0.565335,1e-06,0,1,0,0.005062
