start,duration,direction,throughput
0.67261,1e-06,0,0.011087
0.672621,1e-06,0,0.955203
0.67263,1e-06,0,0.022256
0.672822,0.005792,0,7.734692
0.678616,2e-06,0,0.027801
0.771247,3e-06,1,0.021659
0.771302,1e-06,1,0.04776
0.771341,1e-06,1,0.04776
0.771382,1e-06,1,0.049017
0.771522,1e-06,1,0.042333
0.773387,2e-06,1,0.039631
