start,duration,direction,throughput
0.492078,8.4e-05,0,11.09576
0.513633,2e-06,1,0.004085
