start,duration,H2D,D2H,D2D,Throughput
0.465982,0.000113,1,0,0,10.909733
0.466466,0.026401,0,0,0,0
0.492901,1e-06,0,1,0,0.005174
