start,duration,threads_x,threads_y,threads_z
0.655686,0.092422,75264.0,1.0,1.0
0.748156,1.1e-05,128.0,1.0,1.0
0.748197,9e-06,768.0,1.0,1.0
0.748235,1e-05,17664.0,1.0,1.0
0.748273,0.00011,457088.0,1.0,1.0
0.748411,0.002562,1310720.0,1.0,1.0
