start,duration,threads_x,threads_y,threads_z
0.655635,0.092496,75264.0,1.0,1.0
0.748178,1.1e-05,128.0,1.0,1.0
0.74822,9e-06,768.0,1.0,1.0
0.74826,9e-06,17664.0,1.0,1.0
0.748299,0.00011,457088.0,1.0,1.0
0.748439,0.002564,1310720.0,1.0,1.0
