start,duration,direction,throughput
0.464936,0.000933,0,5.992411
0.565335,1e-06,1,0.005062
