start,duration,direction,throughput
0.645435,1e-06,0,0.011358
0.645446,1e-06,0,0.98034
0.645454,1e-06,0,0.02162
0.645705,0.009905,0,4.523043
0.655613,2e-06,0,0.028222
0.748123,3e-06,1,0.021913
0.748175,1e-06,1,0.04776
0.748214,1e-06,1,0.04776
0.748252,1e-06,1,0.049017
0.748391,1e-06,1,0.043317
0.750982,1e-06,1,0.042333
