start,duration,H2D,D2H,D2D,Throughput
0.469489,0.001111,1,0,0,5.867766
0.471805,0.114443,0,0,0,0
0.586286,2e-06,0,1,0,0.004085
