start,duration,H2D,D2H,D2D,Throughput
0.476078,0.000596,1,0,0,6.255252
0.477397,0.067598,0,0,0,0
0.545032,1e-06,0,1,0,0.005062
