start,duration,direction,throughput
0.659166,2e-06,0,0.008786
0.659177,1e-06,0,0.955203
0.659186,1e-06,0,0.02162
0.65946,0.00979,0,4.57646
0.669252,2e-06,0,0.027801
0.761753,3e-06,1,0.020028
0.761809,1e-06,1,0.04776
0.761849,1e-06,1,0.04776
0.761888,1e-06,1,0.04776
0.762028,1e-06,1,0.041392
0.764626,1e-06,1,0.043317
