start,duration,direction,throughput
0.641926,1e-06,0,0.011087
0.641937,1e-06,0,0.887634
0.641947,1e-06,0,0.02162
0.642201,0.009697,0,4.620423
0.6519,2e-06,0,0.028222
0.744141,3e-06,1,0.021913
0.744194,1e-06,1,0.04776
0.744234,1e-06,1,0.04776
0.744274,1e-06,1,0.04776
0.744414,1e-06,1,0.043317
0.747018,1e-06,1,0.042333
