start,duration,H2D,D2H,D2D,Throughput
0.46566,0.001709,1,0,0,4.360252
0.4688,0.129685,0,0,0,0
0.598522,1e-06,0,1,0,0.005062
