start,duration,direction,throughput
0.477764,0.000246,0,7.564441
0.515129,1e-06,1,0.005174
