start,duration,H2D,D2H,D2D,Throughput
0.475414,0.000421,1,0,0,6.635179
0.47612,0.052486,0,0,0,0
0.528644,2e-06,0,1,0,0.003696
