start,duration,direction,throughput
0.651619,1e-06,0,0.011087
0.651629,1e-06,0,0.98034
0.651639,1e-06,0,0.02162
0.6519,0.009741,0,4.599611
0.661643,2e-06,0,0.027801
0.754182,3e-06,1,0.020929
0.754234,1e-06,1,0.04776
0.754274,1e-06,1,0.04776
0.754314,1e-06,1,0.04776
0.754454,1e-06,1,0.043317
0.757051,2e-06,1,0.039631
