start,duration,threads_x,threads_y,threads_z
0.670854,0.092938,75264.0,1.0,1.0
0.763848,1.1e-05,128.0,1.0,1.0
0.763889,9e-06,768.0,1.0,1.0
0.763928,1e-05,17664.0,1.0,1.0
0.763966,0.00011,457088.0,1.0,1.0
0.764104,0.00256,1310720.0,1.0,1.0
