start,duration,H2D,D2H,D2D,Throughput
0.460751,1e-06,0,0,0,0
0.460761,1e-06,0,0,0,0
0.460779,1e-06,1,0,0,25.096692
0.460794,1e-06,1,0,0,6.811959
0.460803,1e-06,1,0,0,3.405979
0.460812,1e-06,1,0,0,1.70299
0.46082,1e-06,1,0,0,1.70299
0.461044,0.227072,0,0,0,0
0.688137,2e-06,0,1,0,2.055332
