start,duration,H2D,D2H,D2D,Throughput
0.477764,0.000246,1,0,0,7.564441
0.47834,0.036753,0,0,0,0
0.515129,1e-06,0,1,0,0.005174
