start,duration,direction,throughput
0.469489,0.001111,0,5.867766
0.586286,2e-06,1,0.004085
