start,duration,H2D,D2H,D2D,Throughput
0.492078,8.4e-05,1,0,0,11.09576
0.492427,0.021168,0,0,0,0
0.513633,2e-06,0,1,0,0.004085
