start,duration,H2D,D2H,D2D,Throughput
0.473897,0.001478,1,0,0,4.409814
0.47657,0.11443,0,0,0,0
0.591039,2e-06,0,1,0,0.004158
