start,duration,direction,throughput
0.660812,2e-06,0,0.008955
0.660824,1e-06,0,0.955203
0.660832,1e-06,0,0.02162
0.661085,0.0097,0,4.618834
0.670787,2e-06,0,0.028222
0.76381,3e-06,1,0.021166
0.763868,1e-06,1,0.04776
0.763907,1e-06,1,0.04776
0.763945,1e-06,1,0.04776
0.764084,1e-06,1,0.043317
0.766673,1e-06,1,0.043317
