start,duration,H2D,D2H,D2D,Throughput
0.478989,0.000768,1,0,0,6.062351
0.480659,0.083113,0,0,0,0
0.56381,2e-06,0,1,0,0.004085
