start,duration,direction,throughput
0.475414,0.000421,0,6.635179
0.528644,2e-06,1,0.003696
