start,duration,direction,throughput
0.465982,0.000113,0,10.909733
0.492901,1e-06,1,0.005174
