start,duration,threads_x,threads_y,threads_z
0.678685,0.092548,75264.0,1.0,1.0
0.771281,1.1e-05,128.0,1.0,1.0
0.771323,9e-06,768.0,1.0,1.0
0.771364,1e-05,17664.0,1.0,1.0
0.771403,0.000111,457088.0,1.0,1.0
0.771542,0.001835,1310720.0,1.0,1.0
