start,duration,threads_x,threads_y,threads_z
0.669322,0.092414,75264.0,1.0,1.0
0.76179,1.1e-05,128.0,1.0,1.0
0.761832,9e-06,768.0,1.0,1.0
0.761871,1e-05,17664.0,1.0,1.0
0.761909,0.00011,457088.0,1.0,1.0
0.762049,0.002569,1310720.0,1.0,1.0
