start,duration,threads_x,threads_y,threads_z
0.656807,0.092525,75264.0,1.0,1.0
0.749379,1.1e-05,128.0,1.0,1.0
0.749421,9e-06,768.0,1.0,1.0
0.749461,1e-05,17664.0,1.0,1.0
0.7495,0.000109,457088.0,1.0,1.0
0.749637,0.00258,1310720.0,1.0,1.0
