start,duration,direction,throughput
0.478989,0.000768,0,6.062351
0.56381,2e-06,1,0.004085
