start,duration,direction,throughput
0.460779,1e-06,0,25.096692
0.460794,1e-06,0,6.811959
0.460803,1e-06,0,3.405979
0.460812,1e-06,0,1.70299
0.46082,1e-06,0,1.70299
0.688137,2e-06,1,2.055332
