start,duration,direction,throughput
0.476078,0.000596,0,6.255252
0.545032,1e-06,1,0.005062
