start,duration,threads_x,threads_y,threads_z
0.651965,0.092161,75264.0,1.0,1.0
0.744174,1.1e-05,128.0,1.0,1.0
0.744216,9e-06,768.0,1.0,1.0
0.744256,1e-05,17664.0,1.0,1.0
0.744294,0.000111,457088.0,1.0,1.0
0.744435,0.002574,1310720.0,1.0,1.0
