start,duration,direction,throughput
0.473897,0.001478,0,4.409814
0.591039,2e-06,1,0.004158
