start,duration,direction,throughput
0.646866,1e-06,0,0.011087
0.646878,1e-06,0,0.955203
0.646887,1e-06,0,0.021639
0.647139,0.009597,0,4.668258
0.656739,2e-06,0,0.028656
0.749346,3e-06,1,0.021913
0.749399,1e-06,1,0.046566
0.749438,1e-06,1,0.04776
0.749478,1e-06,1,0.04776
0.749616,1e-06,1,0.043317
0.752226,1e-06,1,0.043317
