start,duration,H2D,D2H,D2D,Throughput
0.482211,3.8e-05,1,0,0,3.683987
0.482252,4.8e-05,1,0,0,2.937124
0.482302,2.1e-05,1,0,0,0.033947
0.482325,1.5e-05,1,0,0,1.509052
