start,duration,threads_x,threads_y,threads_z
0.490089,6.5e-05,458752.0,1.0,1.0
0.496635,6.3e-05,458752.0,1.0,1.0
0.503025,6.2e-05,458752.0,1.0,1.0
0.509405,6.6e-05,458752.0,1.0,1.0
0.515547,6.2e-05,458752.0,1.0,1.0
0.521638,6.3e-05,458752.0,1.0,1.0
0.527772,6.3e-05,458752.0,1.0,1.0
0.533992,6.2e-05,458752.0,1.0,1.0
0.540177,6.3e-05,458752.0,1.0,1.0
0.546337,6.2e-05,458752.0,1.0,1.0
0.552555,6.1e-05,458752.0,1.0,1.0
0.558758,6.4e-05,458752.0,1.0,1.0
