start,duration,direction,throughput
0.468874,5e-06,0,7.098495
0.469617,2e-06,1,8.687711
