start,duration,H2D,D2H,D2D,Throughput
0.462315,6.8e-05,1,0,0,10.972226
0.462394,0.010437,0,0,0,0
0.472845,3.9e-05,0,1,0,9.645014
