start,duration,H2D,D2H,D2D,Throughput
0.472636,9e-06,1,0,0,8.31538
0.472828,0.001205,0,0,0,0
0.474044,4e-06,0,1,0,9.950028
