start,duration,direction,throughput
0.475517,2e-06,0,3.816896
0.475997,2e-06,1,2.476922
