start,duration,direction,throughput
0.472636,9e-06,0,8.31538
0.474044,4e-06,1,9.950028
