start,duration,direction,throughput
0.464245,2e-06,0,433.488325
0.464512,1e-06,1,259.150629
