start,duration,direction,throughput
0.473149,0.000599,0,6.217501
0.525405,0.000154,1,12.058922
