start,duration,H2D,D2H,D2D,Throughput
0.475517,2e-06,1,0,0,3.816896
0.475709,0.000277,0,0,0,0
0.475997,2e-06,0,1,0,2.476922
