start,duration,H2D,D2H,D2D,Throughput
0.473149,0.000599,1,0,0,6.217501
0.473937,0.051454,0,0,0,0
0.525405,0.000154,0,1,0,12.058922
