start,duration,H2D,D2H,D2D,Throughput
0.465788,3.5e-05,1,0,0,10.592841
0.465994,0.005304,0,0,0,0
0.47131,1.6e-05,0,1,0,11.595152
