start,duration,direction,throughput
0.46145,2e-06,0,2.425319
0.461743,1e-06,1,1.265384
