start,duration,H2D,D2H,D2D,Throughput
0.464245,2e-06,1,0,0,433.488325
0.464284,0.000217,0,0,0,0
0.464512,1e-06,0,1,0,259.150629
