start,duration,H2D,D2H,D2D,Throughput
0.46145,2e-06,1,0,0,2.425319
0.461494,0.000239,0,0,0,0
0.461743,1e-06,0,1,0,1.265384
