start,duration,direction,throughput
0.465788,3.5e-05,0,10.592841
0.47131,1.6e-05,1,11.595152
