start,duration,H2D,D2H,D2D,Throughput
0.468874,5e-06,1,0,0,7.098495
0.468917,0.000688,0,0,0,0
0.469617,2e-06,0,1,0,8.687711
