start,duration,H2D,D2H,D2D,Throughput
0.466447,0.002132,1,0,0,3.49389
0.468765,0.102698,0,0,0,0
0.571479,0.000977,0,1,0,3.811432
