start,duration,direction,throughput
0.466447,0.002132,0,3.49389
0.571479,0.000977,1,3.811432
