start,duration,direction,throughput
0.462315,6.8e-05,0,10.972226
0.472845,3.9e-05,1,9.645014
