start,duration,direction,throughput
0.496192,0.014864,0,6.265825
0.629941,0.035431,1,2.62858
0.841874,0.010553,1,8.825282
0.981747,0.00812,1,11.470039
1.07948,0.01061,1,8.777666
1.239808,0.009873,1,9.433089
1.380857,0.010562,1,8.818062
1.492001,0.007876,1,11.824916
1.604876,0.008154,1,11.421158
1.699595,0.010524,1,8.849891
1.813837,0.007815,1,11.91691
1.87909,0.008086,1,11.5172
1.977543,0.009231,1,10.089577
