start,duration,direction,throughput
0.348994,0.002656,0,10.520553
0.386327,0.011261,1,2.481171
0.44931,0.004089,1,6.83349
0.490891,0.00417,1,6.69988
0.522221,0.004099,1,6.816684
0.564523,0.004212,1,6.633001
0.604294,0.00423,1,6.605401
0.634338,0.004187,1,6.673303
0.668782,0.004147,1,6.737102
0.698952,0.004099,1,6.815831
0.729081,0.004105,1,6.806904
0.750275,0.004146,1,6.738974
0.781894,0.00427,1,6.542491
