start,duration,direction,throughput
0.35707,0.004134,0,9.010934
0.406335,0.014709,1,2.532616
0.490806,0.005357,1,6.953743
0.546379,0.005333,1,6.98562
0.587703,0.005327,1,6.993426
0.643722,0.005411,1,6.884289
0.696127,0.005304,1,7.023043
0.735545,0.005367,1,6.941428
0.781482,0.005332,1,6.986375
0.821433,0.005619,1,6.629769
0.861423,0.005352,1,6.961101
0.889337,0.005357,1,6.954531
0.931096,0.005253,1,7.091405
