start,duration,direction,throughput
0.436643,0.017911,0,8.319512
0.639855,0.059995,1,2.483733
0.977701,0.021369,1,6.973269
1.196758,0.020801,1,7.163693
1.360333,0.020683,1,7.204623
1.584287,0.020978,1,7.103133
1.792171,0.02095,1,7.112616
1.950044,0.020619,1,7.22702
2.13363,0.020637,1,7.220442
2.291593,0.021036,1,7.083598
2.448323,0.020649,1,7.216492
2.558428,0.02085,1,7.146959
2.724311,0.02102,1,7.088946
