start,duration,direction,throughput
0.392223,0.008231,0,7.920256
0.481821,0.024254,1,2.687938
0.637229,0.005491,1,11.871548
0.735411,0.005489,1,11.876184
0.80836,0.005545,1,11.756455
0.909504,0.005484,1,11.887755
1.003011,0.005501,1,11.851865
1.071877,0.005491,1,11.872652
1.153173,0.005493,1,11.867882
1.224114,0.005543,1,11.762089
1.293177,0.005514,1,11.823045
1.340871,0.005584,1,11.675472
1.415814,0.005522,1,11.805506
