start,duration,direction,throughput
0.472932,0.023233,0,8.017123
0.72465,0.068498,1,2.719284
1.166507,0.015748,1,11.827898
1.447302,0.016133,1,11.54585
1.657212,0.015782,1,11.802238
1.945546,0.015678,1,11.880429
2.211724,0.015645,1,11.905652
2.40975,0.015672,1,11.885403
2.642931,0.015698,1,11.865536
2.846019,0.015734,1,11.838388
3.042954,0.015721,1,11.847881
3.178871,0.015682,1,11.877496
3.391935,0.015597,1,11.942292
