start,duration,direction,throughput
0.40819,0.00938,0,7.942814
0.510571,0.030797,1,2.419281
0.69089,0.010423,1,7.148133
0.807661,0.010414,1,7.154063
0.895616,0.01041,1,7.157186
1.015669,0.010403,1,7.161699
1.12642,0.010445,1,7.133372
1.209494,0.010505,1,7.092695
1.306849,0.010395,1,7.167166
1.392289,0.010424,1,7.147475
1.475438,0.010457,1,7.124925
1.533867,0.010397,1,7.166064
1.624802,0.010587,1,7.037789
