start,duration,direction,throughput
0.356192,0.005407,0,8.61262
0.419647,0.01653,1,2.817038
0.522319,0.004161,1,11.190016
0.588695,0.004259,1,10.933175
0.637605,0.004186,1,11.123641
0.704823,0.00435,1,10.704215
0.767884,0.004347,1,10.711146
0.814727,0.004271,1,10.902703
0.869408,0.004179,1,11.142803
0.91669,0.004176,1,11.151941
0.963962,0.004196,1,11.097088
0.996542,0.004259,1,10.934656
1.046218,0.004338,1,10.734615
