start,duration,direction,throughput
0.334251,0.000873,0,10.668936
0.346352,0.003809,1,2.444731
0.367538,0.001336,1,6.968463
0.381412,0.001341,1,6.944187
0.391815,0.001346,1,6.918929
0.405944,0.001342,1,6.938393
0.419339,0.001373,1,6.785362
0.429256,0.001341,1,6.946839
0.440664,0.001335,1,6.973806
0.450784,0.001345,1,6.924526
0.460938,0.001339,1,6.953312
0.468057,0.001343,1,6.932113
0.478616,0.001339,1,6.955306
