start,duration,direction,throughput
0.332738,0.011707,0,8.341412
0.344466,4e-06,0,4.693279
0.344492,4e-06,0,4.693279
0.344511,4e-06,0,4.693279
0.3491,3e-06,1,5.731216
