start,duration,threads_x,threads_y,threads_z
0.337955,0.001196,3072.0,1.0,1.0
0.339153,0.001485,3072.0,1.0,1.0
