start,duration,H2D,D2H,D2D,Throughput
0.325427,0.000471,1,0,0,8.300803
0.325909,2e-06,1,0,0,2.292486
0.325919,2e-06,1,0,0,2.337437
0.325929,2e-06,1,0,0,2.337437
0.325963,0.000377,0,0,0,0
0.326341,0.000491,0,0,0,0
0.326833,2e-06,0,1,0,2.337437
