start,duration,H2D,D2H,D2D,Throughput
0.332738,0.011707,1,0,0,8.341412
0.344466,4e-06,1,0,0,4.693279
0.344492,4e-06,1,0,0,4.693279
0.344511,4e-06,1,0,0,4.693279
0.344555,0.002059,0,0,0,0
0.346615,0.002483,0,0,0,0
0.3491,3e-06,0,1,0,5.731216
