start,duration,H2D,D2H,D2D,Throughput
0.340234,0.040149,1,0,0,7.880811
0.38041,6e-06,1,0,0,5.285141
0.380445,6e-06,1,0,0,5.311305
0.380472,6e-06,1,0,0,5.311305
0.380523,0.005207,0,0,0,0
0.385731,0.004519,0,0,0,0
0.390257,5e-06,0,1,0,6.966777
