start,duration,threads_x,threads_y,threads_z
0.380523,0.005207,9216.0,1.0,1.0
0.385731,0.004519,9216.0,1.0,1.0
