start,duration,H2D,D2H,D2D,Throughput
0.333542,0.004333,1,0,0,8.113099
0.337891,3e-06,1,0,0,4.018291
0.337908,3e-06,1,0,0,3.973643
0.337922,3e-06,1,0,0,3.973643
0.337955,0.001196,0,0,0,0
0.339153,0.001485,0,0,0,0
0.340644,2e-06,0,1,0,4.70563
