start,duration,H2D,D2H,D2D,Throughput
0.340154,0.016932,1,0,0,8.305334
0.357108,5e-06,1,0,0,4.865685
0.357135,5e-06,1,0,0,4.932798
0.357157,5e-06,1,0,0,4.899012
0.357194,0.00286,0,0,0,0
0.360056,0.003004,0,0,0,0
0.363065,4e-06,0,1,0,6.329697
