start,duration,H2D,D2H,D2D,Throughput
0.332895,0.029752,1,0,0,6.433391
0.362672,5e-06,1,0,0,5.057364
0.362701,5e-06,1,0,0,5.057364
0.362724,5e-06,1,0,0,5.057364
0.362769,0.003535,0,0,0,0
0.366305,0.003465,0,0,0,0
0.369774,4e-06,0,1,0,6.839877
