start,duration,H2D,D2H,D2D,Throughput
0.331346,0.001962,1,0,0,7.96279
0.33332,2e-06,1,0,0,3.358008
0.333334,2e-06,1,0,0,3.358008
0.333347,2e-06,1,0,0,3.178914
0.333375,0.000768,0,0,0,0
0.334145,0.000983,0,0,0,0
0.335129,2e-06,0,1,0,4.110665
