start,duration,direction,throughput
0.328497,0.02962,0,8.440193
0.358141,6e-06,0,5.072736
0.358173,6e-06,0,5.154996
0.358197,6e-06,0,5.183013
0.366808,4e-06,1,7.116973
