start,duration,threads_x,threads_y,threads_z
0.362769,0.003535,7168.0,1.0,1.0
0.366305,0.003465,7168.0,1.0,1.0
