start,duration,threads_x,threads_y,threads_z
0.344555,0.002059,5120.0,1.0,1.0
0.346615,0.002483,5120.0,1.0,1.0
