start,duration,direction,throughput
0.340234,0.040149,0,7.880811
0.38041,6e-06,0,5.285141
0.380445,6e-06,0,5.311305
0.380472,6e-06,0,5.311305
0.390257,5e-06,1,6.966777
