start,duration,direction,throughput
0.333542,0.004333,0,8.113099
0.337891,3e-06,0,4.018291
0.337908,3e-06,0,3.973643
0.337922,3e-06,0,3.973643
0.340644,2e-06,1,4.70563
