start,duration,direction,throughput
0.329016,0.045778,0,8.533062
0.37482,7e-06,0,5.394085
0.374856,7e-06,0,5.394085
0.374885,7e-06,0,5.394085
0.386128,6e-06,1,6.551086
