start,duration,threads_x,threads_y,threads_z
0.325963,0.000377,1024.0,1.0,1.0
0.326341,0.000491,1024.0,1.0,1.0
