start,duration,threads_x,threads_y,threads_z
0.358235,0.004573,8192.0,1.0,1.0
0.362809,0.003991,8192.0,1.0,1.0
