start,duration,threads_x,threads_y,threads_z
0.334905,0.001679,4096.0,1.0,1.0
0.336586,0.001979,4096.0,1.0,1.0
