start,duration,threads_x,threads_y,threads_z
0.333375,0.000768,2048.0,1.0,1.0
0.334145,0.000983,2048.0,1.0,1.0
