start,duration,H2D,D2H,D2D,Throughput
0.327381,0.007428,1,0,0,8.413545
0.334826,3e-06,1,0,0,4.415159
0.334847,3e-06,1,0,0,4.415159
0.334864,3e-06,1,0,0,4.415159
0.334905,0.001679,0,0,0,0
0.336586,0.001979,0,0,0,0
0.338566,3e-06,0,1,0,5.745026
