start,duration,direction,throughput
0.331346,0.001962,0,7.96279
0.33332,2e-06,0,3.358008
0.333334,2e-06,0,3.358008
0.333347,2e-06,0,3.178914
0.335129,2e-06,1,4.110665
