start,duration,threads_x,threads_y,threads_z
0.374928,0.006062,10240.0,1.0,1.0
0.380992,0.005132,10240.0,1.0,1.0
