start,duration,direction,throughput
0.340154,0.016932,0,8.305334
0.357108,5e-06,0,4.865685
0.357135,5e-06,0,4.932798
0.357157,5e-06,0,4.899012
0.363065,4e-06,1,6.329697
