start,duration,H2D,D2H,D2D,Throughput
0.328497,0.02962,1,0,0,8.440193
0.358141,6e-06,1,0,0,5.072736
0.358173,6e-06,1,0,0,5.154996
0.358197,6e-06,1,0,0,5.183013
0.358235,0.004573,0,0,0,0
0.362809,0.003991,0,0,0,0
0.366808,4e-06,0,1,0,7.116973
