start,duration,direction,throughput
0.332895,0.029752,0,6.433391
0.362672,5e-06,0,5.057364
0.362701,5e-06,0,5.057364
0.362724,5e-06,0,5.057364
0.369774,4e-06,1,6.839877
