start,duration,H2D,D2H,D2D,Throughput
0.329016,0.045778,1,0,0,8.533062
0.37482,7e-06,1,0,0,5.394085
0.374856,7e-06,1,0,0,5.394085
0.374885,7e-06,1,0,0,5.394085
0.374928,0.006062,0,0,0,0
0.380992,0.005132,0,0,0,0
0.386128,6e-06,0,1,0,6.551086
