start,duration,direction,throughput
0.325427,0.000471,0,8.300803
0.325909,2e-06,0,2.292486
0.325919,2e-06,0,2.337437
0.325929,2e-06,0,2.337437
0.326833,2e-06,1,2.337437
