start,duration,direction,throughput
0.327381,0.007428,0,8.413545
0.334826,3e-06,0,4.415159
0.334847,3e-06,0,4.415159
0.334864,3e-06,0,4.415159
0.338566,3e-06,1,5.745026
