start,duration,threads_x,threads_y,threads_z
0.357194,0.00286,6144.0,1.0,1.0
0.360056,0.003004,6144.0,1.0,1.0
