start,duration,threads_x,threads_y,threads_z
2.708874,0.000204,1536000.0,1.0,1.0
2.71642,0.000196,2560000.0,1.0,1.0
