start,duration,threads_x,threads_y,threads_z
3.29012,0.000203,1536000.0,1.0,1.0
3.296741,0.000194,2560000.0,1.0,1.0
