start,duration,threads_x,threads_y,threads_z
1.833425,0.000198,1536000.0,1.0,1.0
1.839891,0.000188,2560000.0,1.0,1.0
