start,duration,threads_x,threads_y,threads_z
3.965671,0.000206,1536000.0,1.0,1.0
3.974639,0.000197,2560000.0,1.0,1.0
