start,duration,threads_x,threads_y,threads_z
3.436784,0.000211,1536000.0,1.0,1.0
3.445356,0.000198,2560000.0,1.0,1.0
