start,duration,threads_x,threads_y,threads_z
3.906637,0.0002,1536000.0,1.0,1.0
3.915162,0.000192,2560000.0,1.0,1.0
