start,duration,threads_x,threads_y,threads_z
1.798143,0.000195,1536000.0,1.0,1.0
1.805696,0.000187,2560000.0,1.0,1.0
