start,duration,threads_x,threads_y,threads_z
2.89742,0.000197,1536000.0,1.0,1.0
2.905361,0.000188,2560000.0,1.0,1.0
