start,duration,threads_x,threads_y,threads_z
2.639211,0.000195,1536000.0,1.0,1.0
2.646772,0.000189,2560000.0,1.0,1.0
