start,duration,threads_x,threads_y,threads_z
3.584895,0.000205,1536000.0,1.0,1.0
3.592626,0.000198,2560000.0,1.0,1.0
