start,duration,threads_x,threads_y,threads_z
3.889321,0.000207,1536000.0,1.0,1.0
3.89798,0.000197,2560000.0,1.0,1.0
