start,duration,direction,throughput
0.374764,0.000241,0,9.293531
0.375142,0.004778,0,7.952337
0.380428,0.000773,1,2.890425
0.3832,2e-06,0,0.03192
0.383346,0.00486,0,7.817732
0.388337,0.004674,0,8.128827
0.393594,0.000203,1,11.008722
0.393896,0.004007,1,9.482009
