start,duration,threads_x,threads_y,threads_z
0.368311,0.00055,16.0,655360.0,1.0
0.382133,0.000522,16.0,655360.0,1.0
