start,duration,H2D,D2H,D2D,Throughput
0.357654,0.000218,1,0,0,8.942979
0.358005,0.004082,1,0,0,8.133214
0.362093,0.000476,0,0,0,0
0.362574,0.000162,0,1,0,12.02678
0.3653,2e-06,1,0,0,0.031414
0.365443,0.003904,1,0,0,8.504802
0.369473,0.003894,1,0,0,8.526605
0.373423,0.000417,0,0,0,0
0.373869,0.000217,0,1,0,8.994376
0.374225,0.00508,0,1,0,6.536174
