start,duration,direction,throughput
0.357654,0.000218,0,8.942979
0.358005,0.004082,0,8.133214
0.362574,0.000162,1,12.02678
0.3653,2e-06,0,0.031414
0.365443,0.003904,0,8.504802
0.369473,0.003894,0,8.526605
0.373869,0.000217,1,8.994376
0.374225,0.00508,1,6.536174
