start,duration,H2D,D2H,D2D,Throughput
0.370727,0.000334,1,0,0,8.916535
0.371189,0.006236,1,0,0,8.125059
0.377435,0.000726,0,0,0,0
0.378162,0.001334,0,1,0,2.233461
0.38207,1e-06,1,0,0,0.056545
0.382208,0.005949,1,0,0,8.516985
0.388276,0.005995,1,0,0,8.450617
0.394331,0.000634,0,0,0,0
0.394994,0.000263,0,1,0,11.349432
0.395338,0.005137,0,1,0,9.861938
