start,duration,direction,throughput
0.363775,0.00014,0,10.619592
0.364062,0.00324,0,7.818769
0.367646,0.000125,1,11.955456
0.370017,2e-06,0,0.030923
0.370158,0.003198,0,7.920784
0.37348,0.003171,0,7.988644
0.377059,0.000125,1,11.89441
0.377362,0.003896,1,6.502829
