start,duration,threads_x,threads_y,threads_z
0.367312,0.00033,16.0,400000.0,1.0
0.376713,0.000317,16.0,400000.0,1.0
