start,duration,threads_x,threads_y,threads_z
0.35382,0.000266,16.0,322000.0,1.0
0.360865,0.000252,16.0,322000.0,1.0
