start,duration,direction,throughput
0.351093,0.000112,0,10.713495
0.351362,0.00245,0,8.324187
0.354089,0.000101,1,11.847811
0.355813,1e-06,0,0.058261
0.355946,0.00241,0,8.460115
0.35847,0.002348,0,8.683643
0.361138,0.000102,1,11.81785
0.361327,0.002187,1,9.323444
