start,duration,H2D,D2H,D2D,Throughput
0.362861,0.000256,1,0,0,9.534486
0.36324,0.005064,1,0,0,8.195565
0.368311,0.00055,0,0,0,0
0.368866,0.00075,0,1,0,3.256841
0.37211,1e-06,1,0,0,0.056545
0.372244,0.004846,1,0,0,8.564482
0.377209,0.004862,1,0,0,8.536692
0.382133,0.000522,0,0,0,0
0.38268,0.000211,0,1,0,11.552814
0.382979,0.004393,0,1,0,9.448564
