start,duration,H2D,D2H,D2D,Throughput
0.351093,0.000112,1,0,0,10.713495
0.351362,0.00245,1,0,0,8.324187
0.35382,0.000266,0,0,0,0
0.354089,0.000101,0,1,0,11.847811
0.355813,1e-06,1,0,0,0.058261
0.355946,0.00241,1,0,0,8.460115
0.35847,0.002348,1,0,0,8.683643
0.360865,0.000252,0,0,0,0
0.361138,0.000102,0,1,0,11.81785
0.361327,0.002187,0,1,0,9.323444
