start,duration,direction,throughput
0.370727,0.000334,0,8.916535
0.371189,0.006236,0,8.125059
0.378162,0.001334,1,2.233461
0.38207,1e-06,0,0.056545
0.382208,0.005949,0,8.516985
0.388276,0.005995,0,8.450617
0.394994,0.000263,1,11.349432
0.395338,0.005137,1,9.861938
