start,duration,threads_x,threads_y,threads_z
0.363261,0.000454,16.0,500000.0,1.0
0.374121,0.0004,16.0,500000.0,1.0
