start,duration,direction,throughput
0.469887,9.5e-05,0,10.296227
0.470112,0.002084,0,7.966931
0.472445,8.1e-05,1,12.091108
0.474061,1e-06,0,0.058208
0.474196,0.00209,0,7.942172
0.476408,0.001955,0,8.489713
0.478644,8.3e-05,1,11.71055
0.478892,0.002654,1,6.256034
