start,duration,H2D,D2H,D2D,Throughput
0.359026,0.000201,1,0,0,9.274754
0.359357,0.003897,1,0,0,8.125128
0.363261,0.000454,0,0,0,0
0.363718,0.000156,0,1,0,11.918107
0.366402,1e-06,1,0,0,0.058208
0.366538,0.003727,1,0,0,8.495828
0.370381,0.003688,1,0,0,8.586282
0.374121,0.0004,0,0,0,0
0.374544,0.000156,0,1,0,11.940133
0.374887,0.004911,0,1,0,6.44788
