start,duration,threads_x,threads_y,threads_z
0.384996,0.000619,16.0,755360.0,1.0
0.401007,0.000598,16.0,755360.0,1.0
