start,duration,direction,throughput
0.362861,0.000256,0,9.534486
0.36324,0.005064,0,8.195565
0.368866,0.00075,1,3.256841
0.37211,1e-06,0,0.056545
0.372244,0.004846,0,8.564482
0.377209,0.004862,0,8.536692
0.38268,0.000211,1,11.552814
0.382979,0.004393,1,9.448564
