start,duration,H2D,D2H,D2D,Throughput
0.363775,0.00014,1,0,0,10.619592
0.364062,0.00324,1,0,0,7.818769
0.367312,0.00033,0,0,0,0
0.367646,0.000125,0,1,0,11.955456
0.370017,2e-06,1,0,0,0.030923
0.370158,0.003198,1,0,0,7.920784
0.37348,0.003171,1,0,0,7.988644
0.376713,0.000317,0,0,0,0
0.377059,0.000125,0,1,0,11.89441
0.377362,0.003896,0,1,0,6.502829
