start,duration,threads_x,threads_y,threads_z
0.336953,0.000122,16.0,131072.0,1.0
0.339929,0.000107,16.0,131072.0,1.0
