start,duration,direction,throughput
0.335785,4.7e-05,0,10.373151
0.335959,0.000986,0,8.41647
0.337082,4.1e-05,1,11.801074
0.337929,1e-06,0,0.059972
0.338057,0.000977,0,8.496972
0.339131,0.000768,0,10.805366
0.340054,4.2e-05,1,11.701895
0.340158,0.000915,1,9.072933
