start,duration,H2D,D2H,D2D,Throughput
0.378678,0.000307,1,0,0,9.151497
0.379109,0.005879,1,0,0,8.136335
0.384996,0.000619,0,0,0,0
0.385617,0.001168,0,1,0,2.409614
0.388984,1e-06,1,0,0,0.058208
0.389123,0.005832,1,0,0,8.201912
0.395078,0.005865,1,0,0,8.157024
0.401007,0.000598,0,0,0,0
0.401633,0.000237,0,1,0,11.876869
0.40196,0.004744,0,1,0,10.083243
