start,duration,threads_x,threads_y,threads_z
0.362093,0.000476,16.0,524288.0,1.0
0.373423,0.000417,16.0,524288.0,1.0
