start,duration,threads_x,threads_y,threads_z
0.472201,0.00024,16.0,262144.0,1.0
0.478407,0.000212,16.0,262144.0,1.0
