start,duration,threads_x,threads_y,threads_z
0.377435,0.000726,16.0,800000.0,1.0
0.394331,0.000634,16.0,800000.0,1.0
