start,duration,threads_x,threads_y,threads_z
0.379928,0.000493,16.0,600000.0,1.0
0.393084,0.000479,16.0,600000.0,1.0
