start,duration,threads_x,threads_y,threads_z
0.326398,0.000476,1024.0,1.0,1.0
0.326893,0.000375,1024.0,1.0,1.0
