start,duration,direction,throughput
0.325809,0.000505,0,7.735348
0.326326,2e-06,0,2.292486
0.326336,2e-06,0,2.292486
0.326359,2e-06,0,2.292486
0.326369,2e-06,0,2.249232
0.327287,2e-06,1,2.167442
0.327303,2e-06,1,2.536368
