start,duration,threads_x,threads_y,threads_z
0.364415,0.004517,9216.0,1.0,1.0
0.36896,0.005278,9216.0,1.0,1.0
