start,duration,H2D,D2H,D2D,Throughput
0.345261,0.007946,1,0,0,7.865658
0.353224,4e-06,1,0,0,4.14641
0.353247,3e-06,1,0,0,4.415159
0.353263,3e-06,1,0,0,4.415159
0.35328,3e-06,1,0,0,4.415159
0.353322,0.001989,0,0,0,0
0.355342,0.001677,0,0,0,0
0.357046,2e-06,0,1,0,6.532016
0.357077,3e-06,0,1,0,6.035913
