start,duration,threads_x,threads_y,threads_z
0.344843,0.003013,6144.0,1.0,1.0
0.347891,0.002878,6144.0,1.0,1.0
