start,duration,threads_x,threads_y,threads_z
0.3466,0.001481,3072.0,1.0,1.0
0.34811,0.001155,3072.0,1.0,1.0
