start,duration,direction,throughput
0.327572,0.007494,0,8.339931
0.335083,3e-06,0,4.374653
0.335104,3e-06,0,4.415159
0.335119,3e-06,0,4.415159
0.335136,3e-06,0,4.415159
0.338884,3e-06,1,5.960464
0.338913,3e-06,1,6.035913
