start,duration,H2D,D2H,D2D,Throughput
0.325718,0.058975,1,0,0,6.623612
0.384727,7e-06,1,0,0,5.369788
0.384764,7e-06,1,0,0,5.369788
0.38479,7e-06,1,0,0,5.369788
0.384818,7e-06,1,0,0,5.394085
0.384864,0.00502,0,0,0,0
0.389914,0.006094,0,0,0,0
0.396031,6e-06,0,1,0,6.208817
0.396082,4e-06,0,1,0,8.701408
