start,duration,H2D,D2H,D2D,Throughput
0.327572,0.007494,1,0,0,8.339931
0.335083,3e-06,1,0,0,4.374653
0.335104,3e-06,1,0,0,4.415159
0.335119,3e-06,1,0,0,4.415159
0.335136,3e-06,1,0,0,4.415159
0.335172,0.001989,0,0,0,0
0.337189,0.001673,0,0,0,0
0.338884,3e-06,0,1,0,5.960464
0.338913,3e-06,0,1,0,6.035913
