start,duration,threads_x,threads_y,threads_z
0.384864,0.00502,10240.0,1.0,1.0
0.389914,0.006094,10240.0,1.0,1.0
