start,duration,direction,throughput
0.345261,0.007946,0,7.865658
0.353224,4e-06,0,4.14641
0.353247,3e-06,0,4.415159
0.353263,3e-06,0,4.415159
0.35328,3e-06,0,4.415159
0.357046,2e-06,1,6.532016
0.357077,3e-06,1,6.035913
