start,duration,H2D,D2H,D2D,Throughput
0.341916,0.004582,1,0,0,7.672147
0.346514,3e-06,1,0,0,4.018291
0.346533,3e-06,1,0,0,4.019702
0.346547,3e-06,1,0,0,4.018291
0.346564,3e-06,1,0,0,4.018291
0.3466,0.001481,0,0,0,0
0.34811,0.001155,0,0,0,0
0.349289,2e-06,0,1,0,5.337729
0.349317,2e-06,0,1,0,5.862752
