start,duration,threads_x,threads_y,threads_z
0.353071,0.002494,5120.0,1.0,1.0
0.355594,0.002039,5120.0,1.0,1.0
