start,duration,direction,throughput
0.333502,0.028829,0,6.639313
0.362356,5e-06,0,5.088201
0.362389,5e-06,0,5.057364
0.362409,5e-06,0,5.057364
0.362432,5e-06,0,5.088201
0.369522,4e-06,1,6.323202
0.369562,3e-06,1,7.798739
