start,duration,H2D,D2H,D2D,Throughput
0.328898,0.001936,1,0,0,8.072849
0.330846,2e-06,1,0,0,3.358008
0.330861,2e-06,1,0,0,3.40598
0.330872,2e-06,1,0,0,3.358008
0.330884,2e-06,1,0,0,3.40598
0.330913,0.00099,0,0,0,0
0.331925,0.000763,0,0,0,0
0.33271,2e-06,0,1,0,3.784422
0.332731,2e-06,0,1,0,4.334883
