start,duration,H2D,D2H,D2D,Throughput
0.327577,0.017124,1,0,0,8.212154
0.344724,5e-06,1,0,0,4.865685
0.344757,5e-06,1,0,0,4.899012
0.344775,5e-06,1,0,0,4.899012
0.344796,5e-06,1,0,0,4.899012
0.344843,0.003013,0,0,0,0
0.347891,0.002878,0,0,0,0
0.350794,3e-06,0,1,0,6.811959
0.35083,3e-06,0,1,0,7.37377
