start,duration,threads_x,threads_y,threads_z
0.335172,0.001989,4096.0,1.0,1.0
0.337189,0.001673,4096.0,1.0,1.0
