start,duration,threads_x,threads_y,threads_z
0.330913,0.00099,2048.0,1.0,1.0
0.331925,0.000763,2048.0,1.0,1.0
