start,duration,H2D,D2H,D2D,Throughput
0.340042,0.031174,1,0,0,8.019438
0.371241,6e-06,1,0,0,5.211335
0.371274,6e-06,1,0,0,5.183013
0.3713,6e-06,1,0,0,5.183013
0.371327,6e-06,1,0,0,5.211335
0.371365,0.004074,0,0,0,0
0.37547,0.004661,0,0,0,0
0.380156,4e-06,0,1,0,6.910683
0.380202,4e-06,0,1,0,8.151063
