start,duration,H2D,D2H,D2D,Throughput
0.326592,0.037679,1,0,0,8.397484
0.364294,6e-06,1,0,0,5.285141
0.364328,7e-06,1,0,0,5.10897
0.364351,6e-06,1,0,0,5.311305
0.364378,6e-06,1,0,0,5.285141
0.364415,0.004517,0,0,0,0
0.36896,0.005278,0,0,0,0
0.374263,5e-06,0,1,0,6.966777
0.37431,4e-06,0,1,0,8.189951
