start,duration,direction,throughput
0.326592,0.037679,0,8.397484
0.364294,6e-06,0,5.285141
0.364328,7e-06,0,5.10897
0.364351,6e-06,0,5.311305
0.364378,6e-06,0,5.285141
0.374263,5e-06,1,6.966777
0.37431,4e-06,1,8.189951
