start,duration,direction,throughput
0.328898,0.001936,0,8.072849
0.330846,2e-06,0,3.358008
0.330861,2e-06,0,3.40598
0.330872,2e-06,0,3.358008
0.330884,2e-06,0,3.40598
0.33271,2e-06,1,3.784422
0.332731,2e-06,1,4.334883
