start,duration,direction,throughput
0.34075,0.012199,0,8.00528
0.35297,4e-06,0,4.693279
0.352995,4e-06,0,4.693279
0.353012,4e-06,0,4.693279
0.353032,4e-06,0,4.693279
0.357657,3e-06,1,6.144809
0.357692,3e-06,1,6.697151
