start,duration,threads_x,threads_y,threads_z
0.371365,0.004074,8192.0,1.0,1.0
0.37547,0.004661,8192.0,1.0,1.0
