start,duration,H2D,D2H,D2D,Throughput
0.34075,0.012199,1,0,0,8.00528
0.35297,4e-06,1,0,0,4.693279
0.352995,4e-06,1,0,0,4.693279
0.353012,4e-06,1,0,0,4.693279
0.353032,4e-06,1,0,0,4.693279
0.353071,0.002494,0,0,0,0
0.355594,0.002039,0,0,0,0
0.357657,3e-06,0,1,0,6.144809
0.357692,3e-06,0,1,0,6.697151
