start,duration,threads_x,threads_y,threads_z
0.362477,0.003526,7168.0,1.0,1.0
0.366031,0.003468,7168.0,1.0,1.0
