start,duration,threads_x,threads_y,threads_z
0.353322,0.001989,4096.0,1.0,1.0
0.355342,0.001677,4096.0,1.0,1.0
