start,duration,H2D,D2H,D2D,Throughput
0.328254,1e-05,1,0,0,5.651229
0.328288,0.006805,0,0,0,0
0.335097,2e-06,0,1,0,5.632999
