start,duration,H2D,D2H,D2D,Throughput
0.325768,8e-06,1,0,0,5.512089
0.3258,0.005725,0,0,0,0
0.331526,2e-06,0,1,0,4.932853
