start,duration,direction,throughput
0.325768,8e-06,0,5.512089
0.331526,2e-06,1,4.932853
