start,duration,H2D,D2H,D2D,Throughput
0.330286,1e-05,1,0,0,5.658669
0.330316,0.00766,0,0,0,0
0.337977,2e-06,0,1,0,5.960464
