start,duration,direction,throughput
0.332694,8e-06,0,5.499936
0.338789,2e-06,1,4.735539
