start,duration,direction,throughput
0.328254,1e-05,0,5.651229
0.335097,2e-06,1,5.632999
