start,duration,H2D,D2H,D2D,Throughput
0.352807,1e-05,1,0,0,5.678796
0.352835,0.008823,0,0,0,0
0.361675,8e-06,0,1,0,1.533041
