start,duration,direction,throughput
0.344172,7e-06,0,5.394085
0.349407,2e-06,1,4.498464
