start,duration,H2D,D2H,D2D,Throughput
0.332694,8e-06,1,0,0,5.499936
0.332726,0.006062,0,0,0,0
0.338789,2e-06,0,1,0,4.735539
