start,duration,direction,throughput
0.32699,4e-06,0,4.656613
0.329472,2e-06,1,2.476922
