start,duration,direction,throughput
0.341671,5e-06,0,4.884559
0.344743,2e-06,1,2.793968
