start,duration,H2D,D2H,D2D,Throughput
0.344172,7e-06,1,0,0,5.394085
0.344206,0.005198,0,0,0,0
0.349407,2e-06,0,1,0,4.498464
