start,duration,direction,throughput
0.325519,7e-06,0,5.364761
0.330238,2e-06,1,4.311679
