start,duration,H2D,D2H,D2D,Throughput
0.437817,4e-06,1,0,0,4.693279
0.437851,0.002518,0,0,0,0
0.44037,2e-06,0,1,0,2.536368
