start,duration,H2D,D2H,D2D,Throughput
0.341671,5e-06,1,0,0,4.884559
0.341701,0.00304,0,0,0,0
0.344743,2e-06,0,1,0,2.793968
