start,duration,H2D,D2H,D2D,Throughput
0.32699,4e-06,1,0,0,4.656613
0.327024,0.002448,0,0,0,0
0.329472,2e-06,0,1,0,2.476922
