start,duration,direction,throughput
0.437817,4e-06,0,4.693279
0.44037,2e-06,1,2.536368
