start,duration,H2D,D2H,D2D,Throughput
0.325519,7e-06,1,0,0,5.364761
0.32555,0.004686,0,0,0,0
0.330238,2e-06,0,1,0,4.311679
