start,duration,direction,throughput
0.352807,1e-05,0,5.678796
0.361675,8e-06,1,1.533041
