start,duration,direction,throughput
0.330286,1e-05,0,5.658669
0.337977,2e-06,1,5.960464
