start,duration,direction,throughput
0.450494,0.001655,0,9.00535
0.452275,0.001466,0,10.161848
0.453861,0.001605,0,9.285289
0.512196,0.005646,1,2.639415
0.518003,0.005252,1,2.837475
