start,duration,direction,throughput
0.522656,0.001852,0,8.048026
0.524642,0.001742,0,8.554387
0.526511,0.001866,0,7.986327
0.600287,0.005953,1,2.503168
0.606778,0.00617,1,2.414958
