start,duration,direction,throughput
0.549509,0.001983,0,7.512934
0.551622,0.001971,0,7.560752
0.553717,0.002026,0,7.354182
0.637555,0.005947,1,2.505578
0.64409,0.00625,1,2.384146
