start,duration,direction,throughput
0.481581,0.001791,0,8.319043
0.483507,0.001838,0,8.107578
0.48547,0.001653,0,9.013717
0.554029,0.005518,1,2.700519
0.560289,0.005467,1,2.725541
