start,duration,direction,throughput
0.537788,0.001652,0,9.018261
0.539563,0.001749,0,8.517777
0.541439,0.0018,0,8.276317
0.639734,0.005734,1,2.598732
0.646006,0.005976,1,2.493357
