start,duration,direction,throughput
0.649706,0.002427,0,6.139553
0.652299,0.002425,0,6.144416
0.654897,0.002418,0,6.16361
0.75899,0.010734,1,1.388252
0.770708,0.010758,1,1.385072
