start,duration,direction,throughput
0.498767,0.00207,0,7.196984
0.500964,0.001734,0,8.594485
0.502826,0.001859,0,8.015186
0.56655,0.00627,1,2.376564
0.573181,0.005918,1,2.518096
