start,duration,direction,throughput
0.435171,0.00151,0,9.869378
0.436805,0.001575,0,9.458424
0.438502,0.001687,0,8.834841
0.491953,0.005144,1,2.896946
0.497591,0.005374,1,2.772634
