start,duration,direction,throughput
0.566585,0.001949,0,7.644781
0.568661,0.002027,0,7.35058
0.570814,0.001822,0,8.177764
0.664206,0.005628,1,2.647879
0.670641,0.005537,1,2.691014
