start,duration,direction,throughput
0.510686,0.001784,0,8.351269
0.512607,0.001828,0,8.149859
0.514556,0.001652,0,9.020532
0.592895,0.006127,1,2.432176
0.59984,0.006075,1,2.452995
