start,duration,direction,throughput
0.62693,0.001946,0,7.655594
0.629014,0.002051,0,7.265598
0.631193,0.001829,0,8.146437
0.719744,0.006244,1,2.386346
0.726836,0.00618,1,2.411032
