start,duration,direction,throughput
0.356194,0.000409,0,10.719619
0.573708,2e-06,1,0.002328
