start,duration,threads_x,threads_y,threads_z
0.412831,0.000198,2048.0,1.0,1.0
0.413031,0.045009,1.0,1.0,1.0
