start,duration,H2D,D2H,D2D,Throughput
0.420255,0.000101,1,0,0,10.317849
0.420627,1e-06,0,0,0,0
0.42067,0.00021,0,0,0,0
0.420881,0.040594,0,0,0,0
0.461483,1e-06,0,1,0,0.002707
