start,duration,direction,throughput
0.412449,0.0001,0,10.521697
0.458043,1e-06,1,0.002646
