start,duration,direction,throughput
0.420255,0.000101,0,10.317849
0.461483,1e-06,1,0.002707
