start,duration,threads_x,threads_y,threads_z
0.461585,0.001295,2048.0,1.0,1.0
0.462882,0.194478,1.0,1.0,1.0
