start,duration,threads_x,threads_y,threads_z
0.359996,0.001487,2048.0,1.0,1.0
0.361484,0.220728,1.0,1.0,1.0
