start,duration,direction,throughput
0.527929,7.2e-05,0,10.46471
0.563692,2e-06,1,0.001791
