start,duration,H2D,D2H,D2D,Throughput
0.412449,0.0001,1,0,0,10.521697
0.412787,1e-06,0,0,0,0
0.412831,0.000198,0,0,0,0
0.413031,0.045009,0,0,0,0
0.458043,1e-06,0,1,0,0.002646
