start,duration,direction,throughput
0.361996,9e-05,0,10.539545
0.403286,1e-06,1,0.002646
