start,duration,direction,throughput
0.562958,6.4e-05,0,10.546316
0.589669,1e-06,1,0.002646
