start,duration,threads_x,threads_y,threads_z
0.356771,0.001394,2048.0,1.0,1.0
0.358167,0.215535,1.0,1.0,1.0
