start,duration,direction,throughput
0.348977,0.000112,0,10.58799
0.395866,1e-06,1,0.002646
