start,duration,H2D,D2H,D2D,Throughput
0.356194,0.000409,1,0,0,10.719619
0.356711,2e-06,0,0,0,0
0.356771,0.001394,0,0,0,0
0.358167,0.215535,0,0,0,0
0.573708,2e-06,0,1,0,0.002328
