start,duration,direction,throughput
0.401085,0.000279,0,10.758902
0.539352,2e-06,1,0.002328
