start,duration,H2D,D2H,D2D,Throughput
0.527929,7.2e-05,1,0,0,10.46471
0.528214,1e-06,0,0,0,0
0.52832,0.000154,0,0,0,0
0.528475,0.035213,0,0,0,0
0.563692,2e-06,0,1,0,0.001791
