start,duration,H2D,D2H,D2D,Throughput
0.562958,6.4e-05,1,0,0,10.546316
0.563155,1e-06,0,0,0,0
0.563189,0.000139,0,0,0,0
0.563329,0.026338,0,0,0,0
0.589669,1e-06,0,1,0,0.002646
