start,duration,H2D,D2H,D2D,Throughput
0.361996,9e-05,1,0,0,10.539545
0.36221,1e-06,0,0,0,0
0.362241,0.000182,0,0,0,0
0.362425,0.04086,0,0,0,0
0.403286,1e-06,0,1,0,0.002646
