start,duration,H2D,D2H,D2D,Throughput
0.348977,0.000112,1,0,0,10.58799
0.349209,1e-06,0,0,0,0
0.349243,0.000242,0,0,0,0
0.349486,0.046377,0,0,0,0
0.395866,1e-06,0,1,0,0.002646
