start,duration,threads_x,threads_y,threads_z
0.362241,0.000182,2048.0,1.0,1.0
0.362425,0.04086,1.0,1.0,1.0
