start,duration,threads_x,threads_y,threads_z
0.563189,0.000139,2048.0,1.0,1.0
0.563329,0.026338,1.0,1.0,1.0
