start,duration,H2D,D2H,D2D,Throughput
0.401085,0.000279,1,0,0,10.758902
0.401475,2e-06,0,0,0,0
0.401511,0.000868,0,0,0,0
0.40238,0.136966,0,0,0,0
0.539352,2e-06,0,1,0,0.002328
