start,duration,H2D,D2H,D2D,Throughput
0.460771,0.00048,1,0,0,8.210246
0.461539,2e-06,0,0,0,0
0.461585,0.001295,0,0,0,0
0.462882,0.194478,0,0,0,0
0.657364,2e-06,0,1,0,0.002328
