start,duration,threads_x,threads_y,threads_z
0.401511,0.000868,2048.0,1.0,1.0
0.40238,0.136966,1.0,1.0,1.0
