start,duration,H2D,D2H,D2D,Throughput
0.359383,0.000433,1,0,0,10.45525
0.359963,2e-06,0,0,0,0
0.359996,0.001487,0,0,0,0
0.361484,0.220728,0,0,0,0
0.582219,2e-06,0,1,0,0.002376
