start,duration,direction,throughput
0.359383,0.000433,0,10.45525
0.582219,2e-06,1,0.002376
