start,duration,threads_x,threads_y,threads_z
0.52832,0.000154,2048.0,1.0,1.0
0.528475,0.035213,1.0,1.0,1.0
