start,duration,direction,throughput
0.460771,0.00048,0,8.210246
0.657364,2e-06,1,0.002328
