start,duration,direction,throughput
0.470187,0.000689,0,10.807341
0.471258,2e-06,0,0.019403
0.480871,3e-06,1,0.011087
0.48133,0.000933,1,7.986875
