start,duration,direction,throughput
0.507682,0.00089,0,8.372286
0.509181,2e-06,0,0.019007
0.520519,3e-06,1,0.010123
0.52101,0.000732,1,10.18163
