start,duration,direction,throughput
0.554685,0.000381,0,9.766488
0.555588,2e-06,0,0.017582
0.561978,2e-06,1,0.013305
0.562452,0.000404,1,9.230612
