start,duration,direction,throughput
0.536732,0.001032,0,10.827444
0.538141,2e-06,0,0.019403
0.552568,3e-06,1,0.011221
0.553012,0.001436,1,7.783252
