start,duration,direction,throughput
0.405211,0.000344,0,10.814368
0.405919,1e-06,0,0.022174
0.411229,3e-06,1,0.010348
0.411668,0.000451,1,8.265877
