start,duration,direction,throughput
0.543038,0.001053,0,10.609665
0.544517,2e-06,0,0.018626
0.558567,3e-06,1,0.011221
0.559024,0.001875,1,5.9609
