start,duration,direction,throughput
0.605742,0.001378,0,10.81061
0.607527,2e-06,0,0.019403
0.626203,3e-06,1,0.010464
0.626655,0.002043,1,7.292911
