start,duration,direction,throughput
0.346266,4e-06,0,4.443333
0.346749,1e-06,0,0.021659
0.347385,2e-06,1,0.016339
0.347856,5e-06,1,3.829451
