start,duration,direction,throughput
0.602784,0.001375,0,10.83475
0.604562,2e-06,0,0.018261
0.633746,3e-06,1,0.010234
0.634201,0.001917,1,7.773289
