start,duration,direction,throughput
0.474226,0.000687,0,10.839037
0.475311,2e-06,0,0.019403
0.48711,3e-06,1,0.011087
0.487558,0.000973,1,7.661265
