start,duration,direction,throughput
0.933731,0.000724,0,10.78373
0.934575,0.000905,0,8.632167
0.935491,2e-06,0,2.292486
0.9355,1e-06,0,0.003528
0.935528,1e-06,0,0.091721
1.506735,0.000773,0,10.111554
1.819953,2e-06,0,0.066523
1.822013,0.000757,1,10.325377
1.822861,2e-06,1,2.020496
1.822881,0.002936,1,2.66059
