start,duration,direction,throughput
0.944735,0.000733,0,10.661294
0.945609,0.000922,0,8.477795
0.946542,2e-06,0,2.292486
0.946551,1e-06,0,0.003528
0.946586,1e-06,0,0.091721
1.507624,0.000778,0,10.043762
1.967275,2e-06,0,0.066523
1.969391,0.000967,1,8.078877
1.970548,2e-06,1,1.986821
1.970569,0.003171,1,2.463584
