start,duration,direction,throughput
1.01288,0.000738,0,10.585484
1.013757,0.000979,0,7.97855
1.014826,2e-06,0,2.292486
1.014836,1e-06,0,0.003528
1.014881,1e-06,0,0.091721
1.590648,0.000824,0,9.486831
1.939758,2e-06,0,0.059266
1.941981,0.001013,1,7.713368
1.943195,2e-06,1,1.986821
1.943214,0.003122,1,2.502344
