start,duration,direction,throughput
0.945281,0.000736,0,10.614017
0.946134,0.000905,0,8.633388
0.94705,2e-06,0,2.292486
0.947059,1e-06,0,0.003528
0.947081,1e-06,0,0.089023
1.508668,0.000847,0,9.220617
1.821738,2e-06,0,0.066523
1.823823,0.000961,1,8.125393
1.824985,2e-06,1,1.986821
1.825005,0.002704,1,2.888932
