start,duration,direction,throughput
0.9571,0.000735,0,10.624178
0.95796,0.000911,0,8.575468
0.958883,2e-06,0,2.292486
0.958893,1e-06,0,0.003528
0.958916,1e-06,0,0.091721
1.519798,0.000844,0,9.255223
1.89189,2e-06,0,0.066523
1.893909,0.000965,1,8.099783
1.895062,2e-06,1,1.892211
1.895079,0.002657,1,2.940108
