start,duration,direction,throughput
1.019658,0.000731,0,10.69211
1.020519,0.000963,0,8.11486
1.021494,2e-06,0,2.337437
1.021504,1e-06,0,0.003638
1.021545,1e-06,0,0.091721
1.584159,0.000814,0,9.591939
1.95939,2e-06,0,0.067909
1.961444,0.000995,1,7.848257
1.962639,2e-06,1,1.986821
1.962658,0.003125,1,2.499806
