start,duration,direction,throughput
0.938061,0.000723,0,10.804251
0.938908,0.000912,0,8.564037
0.939831,2e-06,0,2.292486
0.93984,1e-06,0,0.003528
0.939868,1e-06,0,0.091721
1.514067,0.000799,0,9.778263
1.85371,2e-06,0,0.066523
1.855731,0.00067,1,11.663094
1.856492,2e-06,1,2.020496
1.856509,0.002668,1,2.927944
