start,duration,direction,throughput
0.944142,0.000736,0,10.621867
0.945004,0.000909,0,8.597513
0.945924,2e-06,0,2.292486
0.945933,1e-06,0,0.003528
0.945957,1e-06,0,0.091721
1.5096,0.000813,0,9.613468
1.817807,2e-06,0,0.066523
1.819878,0.000951,1,8.212584
1.821018,2e-06,1,1.986821
1.821038,0.002916,1,2.678805
