start,duration,direction,throughput
0.952373,0.000728,0,10.738669
0.953218,0.000899,0,8.692716
0.954127,2e-06,0,2.292486
0.954137,1e-06,0,0.003638
0.95416,1e-06,0,0.091721
1.525712,0.000779,0,10.023556
1.853297,2e-06,0,0.0562
1.855374,0.000671,1,11.643643
1.856137,2e-06,1,1.986821
1.856154,0.00303,1,2.578375
