start,duration,direction,throughput
0.362048,1e-06,0,0.020246
0.362254,1e-06,0,0.022174
0.362836,3e-06,1,5.745026
0.362862,2e-06,1,7.116973
0.362977,5.4e-05,1,11.960679
