start,duration,direction,throughput
0.343197,1e-06,0,0.020246
0.343382,1e-06,0,0.022174
0.344168,4e-06,1,7.75345
0.344194,5e-06,1,6.443745
0.344284,5.5e-05,1,11.87689
