start,duration,direction,throughput
0.352328,1e-06,0,0.020246
0.352518,1e-06,0,0.021659
0.353294,3e-06,1,6.811959
0.353318,3e-06,1,7.012311
0.353417,5.4e-05,1,11.988872
