start,duration,direction,throughput
0.340205,1e-06,0,0.020246
0.340379,1e-06,0,0.022174
0.341062,3e-06,1,5.676633
0.341084,3e-06,1,6.930773
0.341171,5.4e-05,1,12.052795
