start,duration,direction,throughput
0.346012,2e-06,0,0.019815
0.346202,1e-06,0,0.021659
0.346661,2e-06,1,4.967054
0.346684,2e-06,1,5.960464
0.346786,5.4e-05,1,12.045436
