start,duration,direction,throughput
0.361071,2e-06,0,0.019403
0.361252,1e-06,0,0.021659
0.362086,5e-06,1,7.690922
0.362114,4e-06,1,8.765389
0.362214,5.4e-05,1,11.99572
