start,duration,direction,throughput
0.342323,2e-06,0,0.018626
0.342494,1e-06,0,0.022174
0.343307,5e-06,1,7.450581
0.343334,4e-06,1,8.381903
0.343423,5.5e-05,1,11.904689
