start,duration,direction,throughput
0.360199,2e-06,0,0.019815
0.360376,1e-06,0,0.021659
0.360829,2e-06,1,3.667978
0.360848,2e-06,1,4.334883
0.36095,5.4e-05,1,12.066869
