start,duration,direction,throughput
0.357398,2e-06,0,0.019815
0.357598,1e-06,0,0.021659
0.358335,4e-06,1,7.319869
0.358364,3e-06,1,8.877288
0.358485,5.4e-05,1,11.974759
