start,duration,direction,throughput
0.458077,2e-06,0,0.016631
0.458517,1e-06,0,0.021659
0.458958,2e-06,1,2.167442
0.458979,2e-06,1,2.536368
0.459105,5.5e-05,1,11.918637
