start,duration,direction,throughput
0.490783,2e-06,0,0.03472
0.490929,0.004238,0,8.295297
0.501923,0.012478,1,2.817358
