start,duration,direction,throughput
1.823881,2e-06,0,0.034122
1.824018,0.037483,0,8.441402
1.926592,0.214102,1,1.477832
