start,duration,direction,throughput
0.628191,2e-06,0,0.03472
0.62835,0.008061,0,7.753141
0.648471,0.024102,1,2.593137
