start,duration,direction,throughput
1.933425,2e-06,0,0.078862
1.93356,0.027762,0,8.588082
1.982726,0.086382,1,2.894136
3.23651,0.030412,0,7.83973
3.267022,1e-06,0,0.143807
3.287974,0.08654,1,2.888847
4.567332,0.02769,0,8.610234
4.595036,1e-06,0,0.139698
4.611827,0.086516,1,2.889624
