start,duration,direction,throughput
2.785113,2e-06,0,0.099785
2.785268,0.000412,0,9.043481
2.786158,0.001818,1,2.14862
2.810332,0.000351,0,10.625835
2.810694,1e-06,0,0.139698
2.811153,0.001627,1,2.40138
2.834202,0.000351,0,10.620988
2.834564,1e-06,0,0.135818
2.834948,0.00044,1,8.884403
