start,duration,direction,throughput
1.227767,2e-06,0,0.03534
1.227899,0.022645,0,8.452618
1.288886,0.074561,1,2.567102
