start,duration,direction,throughput
1.040966,2e-06,0,0.099785
1.041101,0.007269,0,8.200378
1.053839,0.024861,1,2.513988
1.380076,0.007185,0,8.296179
1.387275,1e-06,0,0.139698
1.392636,0.025059,1,2.494151
1.723006,0.007217,0,8.2591
1.73024,1e-06,0,0.135818
1.734545,0.024857,1,2.514422
