start,duration,direction,throughput
0.795847,1e-06,0,0.043023
0.795982,0.011549,0,8.455811
0.826669,0.037881,1,2.577952
