start,duration,direction,throughput
1.502035,2e-06,0,0.03472
1.502175,0.02926,0,8.544143
1.582012,0.097581,1,2.561967
