start,duration,direction,throughput
1.205975,2e-06,0,0.03472
1.206125,0.017709,0,7.940749
1.251866,0.050231,1,2.799589
