start,duration,direction,throughput
7.992652,6e-06,0,0.010097
7.992812,0.580312,0,2.692517
8.938833,1.167209,1,1.338663
