start,duration,direction,throughput
2.158584,2e-06,0,0.038805
2.158727,0.045257,0,8.631208
2.284527,0.13549,1,2.883051
