start,duration,direction,throughput
0.34104,0.004415,0,7.967778
0.345724,0.003517,0,10.003842
0.349258,3e-06,0,4.019599
0.349273,3e-06,0,4.019599
5.797776,1e-06,0,0.002839
5.797797,0.013096,1,2.686279
