start,duration,threads_x,threads_y,threads_z
0.353669,0.001758,3584.0,1.0,1.0
0.355447,0.001763,3584.0,1.0,1.0
0.357226,0.000486,3584.0,3600.0,1.0
0.357726,7.546644,3584.0,1.0,1.0
