start,duration,H2D,D2H,D2D,Throughput
0.342389,0.005991,1,0,0,8.063026
0.348654,0.004928,1,0,0,9.801705
0.353601,3e-06,1,0,0,4.23446
0.353618,3e-06,1,0,0,4.23446
0.353669,0.001758,0,0,0,0
0.355447,0.001763,0,0,0,0
0.357226,0.000486,0,0,0,0
0.357726,7.546644,0,0,0,0
7.904511,1e-06,1,0,0,0.003528
7.904534,0.017497,0,1,0,2.760886
