start,duration,H2D,D2H,D2D,Throughput
0.34104,0.004415,1,0,0,7.967778
0.345724,0.003517,1,0,0,10.003842
0.349258,3e-06,1,0,0,4.019599
0.349273,3e-06,1,0,0,4.019599
0.349327,0.001503,0,0,0,0
0.350852,0.001504,0,0,0,0
0.352373,0.000352,0,0,0,0
0.35274,5.444886,0,0,0,0
5.797776,1e-06,1,0,0,0.002839
5.797797,0.013096,0,1,0,2.686279
