start,duration,threads_x,threads_y,threads_z
0.347543,0.001212,2304.0,1.0,1.0
0.348775,0.001205,2304.0,1.0,1.0
0.349997,0.000235,2496.0,2496.0,1.0
0.350245,3.535165,2304.0,1.0,1.0
