start,duration,direction,throughput
0.328651,0.001055,0,8.341502
0.329953,0.001161,0,7.579002
0.331126,2e-06,0,2.885973
0.331138,2e-06,0,2.933284
1.627022,1e-06,0,0.003528
1.627029,0.003322,1,2.649079
