start,duration,threads_x,threads_y,threads_z
0.335184,0.001565,3072.0,1.0,1.0
0.336766,0.001568,3072.0,1.0,1.0
0.338349,0.000389,3200.0,3200.0,1.0
0.338751,5.876245,3072.0,1.0,1.0
