start,duration,threads_x,threads_y,threads_z
0.330683,0.000996,2048.0,1.0,1.0
0.331698,0.00099,2048.0,1.0,1.0
0.332703,0.000159,2048.0,2048.0,1.0
0.332874,2.337931,2048.0,1.0,1.0
