start,duration,threads_x,threads_y,threads_z
0.329949,0.000502,1024.0,1.0,1.0
0.330468,0.000496,1024.0,1.0,1.0
0.330979,3.7e-05,1024.0,1024.0,1.0
0.331031,0.530998,1024.0,1.0,1.0
