start,duration,H2D,D2H,D2D,Throughput
0.328567,0.000462,1,0,0,8.467302
0.32927,0.000622,1,0,0,6.291678
0.329904,2e-06,1,0,0,2.294725
0.329914,2e-06,1,0,0,2.294725
0.329949,0.000502,0,0,0,0
0.330468,0.000496,0,0,0,0
0.330979,3.7e-05,0,0,0,0
0.331031,0.530998,0,0,0,0
0.862059,1e-06,1,0,0,0.003528
0.862066,0.001547,0,1,0,2.529633
