start,duration,H2D,D2H,D2D,Throughput
0.328651,0.001055,1,0,0,8.341502
0.329953,0.001161,1,0,0,7.579002
0.331126,2e-06,1,0,0,2.885973
0.331138,2e-06,1,0,0,2.933284
0.331174,0.000757,0,0,0,0
0.331948,0.00075,0,0,0,0
0.332712,8.9e-05,0,0,0,0
0.332815,1.294182,0,0,0,0
1.627022,1e-06,1,0,0,0.003528
1.627029,0.003322,0,1,0,2.649079
