start,duration,threads_x,threads_y,threads_z
0.349327,0.001503,3072.0,1.0,1.0
0.350852,0.001504,3072.0,1.0,1.0
0.352373,0.000352,3072.0,3072.0,1.0
0.35274,5.444886,3072.0,1.0,1.0
