start,duration,direction,throughput
0.3275,0.006633,0,8.114433
0.334341,0.005219,0,10.312157
0.339578,3e-06,0,4.296064
0.339594,3e-06,0,4.296064
8.706029,1e-06,0,0.003528
8.706042,0.021727,1,2.477115
