start,duration,direction,throughput
0.325298,0.005696,0,6.701572
0.331235,0.00387,0,9.862527
0.335123,3e-06,0,4.050494
0.335138,3e-06,0,4.050494
6.215119,1e-06,0,0.003528
6.215135,0.013284,1,2.873375
