start,duration,H2D,D2H,D2D,Throughput
0.340837,0.003644,1,0,0,6.393888
0.345033,0.002426,1,0,0,9.603901
0.347476,3e-06,1,0,0,3.639434
0.34749,3e-06,1,0,0,3.685503
0.347543,0.001212,0,0,0,0
0.348775,0.001205,0,0,0,0
0.349997,0.000235,0,0,0,0
0.350245,3.535165,0,0,0,0
3.885648,1e-06,1,0,0,0.003528
3.885669,0.008544,0,1,0,2.727415
