start,duration,direction,throughput
0.328567,0.000462,0,8.467302
0.32927,0.000622,0,6.291678
0.329904,2e-06,0,2.294725
0.329914,2e-06,0,2.294725
0.862059,1e-06,0,0.003528
0.862066,0.001547,1,2.529633
