start,duration,threads_x,threads_y,threads_z
0.339643,0.001839,3584.0,1.0,1.0
0.341501,0.001842,3584.0,1.0,1.0
0.343359,0.000551,3776.0,3800.0,1.0
0.343926,8.36199,3584.0,1.0,1.0
