start,duration,threads_x,threads_y,threads_z
0.331174,0.000757,1536.0,1.0,1.0
0.331948,0.00075,1536.0,1.0,1.0
0.332712,8.9e-05,1536.0,1536.0,1.0
0.332815,1.294182,1536.0,1.0,1.0
