start,duration,threads_x,threads_y,threads_z
0.378121,0.002137,4096.0,1.0,1.0
0.380283,0.002361,4096.0,1.0,1.0
0.382661,0.000643,4096.0,4096.0,1.0
0.383319,10.410163,4096.0,1.0,1.0
