start,duration,threads_x,threads_y,threads_z
0.432935,0.000969,1792.0,1.0,1.0
0.434056,0.000977,1792.0,1.0,1.0
0.435186,0.000153,1984.0,2000.0,1.0
0.435494,2.439795,1792.0,1.0,1.0
