start,duration,direction,throughput
0.361811,0.009667,0,6.468122
0.371726,0.006207,0,10.074829
0.378041,7e-06,0,2.101117
0.378074,8e-06,0,1.995883
10.793612,1e-06,0,0.003528
10.793638,0.040082,1,1.560083
