start,duration,H2D,D2H,D2D,Throughput
0.3275,0.006633,1,0,0,8.114433
0.334341,0.005219,1,0,0,10.312157
0.339578,3e-06,1,0,0,4.296064
0.339594,3e-06,1,0,0,4.296064
0.339643,0.001839,0,0,0,0
0.341501,0.001842,0,0,0,0
0.343359,0.000551,0,0,0,0
0.343926,8.36199,0,0,0,0
8.706029,1e-06,1,0,0,0.003528
8.706042,0.021727,0,1,0,2.477115
