start,duration,direction,throughput
0.32679,0.001922,0,8.138887
0.328956,0.001663,0,9.407462
0.330632,2e-06,0,3.359648
0.330645,2e-06,0,3.359648
2.670876,1e-06,0,0.003424
2.670889,0.006004,1,2.604785
