start,duration,H2D,D2H,D2D,Throughput
0.429133,0.001844,1,0,0,8.089495
0.431203,0.001478,1,0,0,10.095135
0.43277,2e-06,1,0,0,3.327815
0.432928,2e-06,1,0,0,3.329301
0.432935,0.000969,0,0,0,0
0.434056,0.000977,0,0,0,0
0.435186,0.000153,0,0,0,0
0.435494,2.439795,0,0,0,0
2.875663,1e-06,1,0,0,0.003424
2.875669,0.005438,0,1,0,2.743104
