start,duration,direction,throughput
0.429133,0.001844,0,8.089495
0.431203,0.001478,0,10.095135
0.43277,2e-06,0,3.327815
0.432928,2e-06,0,3.329301
2.875663,1e-06,0,0.003424
2.875669,0.005438,1,2.743104
