start,duration,H2D,D2H,D2D,Throughput
0.32679,0.001922,1,0,0,8.138887
0.328956,0.001663,1,0,0,9.407462
0.330632,2e-06,1,0,0,3.359648
0.330645,2e-06,1,0,0,3.359648
0.330683,0.000996,0,0,0,0
0.331698,0.00099,0,0,0,0
0.332703,0.000159,0,0,0,0
0.332874,2.337931,0,0,0,0
2.670876,1e-06,1,0,0,0.003424
2.670889,0.006004,0,1,0,2.604785
