start,duration,H2D,D2H,D2D,Throughput
0.325298,0.005696,1,0,0,6.701572
0.331235,0.00387,1,0,0,9.862527
0.335123,3e-06,1,0,0,4.050494
0.335138,3e-06,1,0,0,4.050494
0.335184,0.001565,0,0,0,0
0.336766,0.001568,0,0,0,0
0.338349,0.000389,0,0,0,0
0.338751,5.876245,0,0,0,0
6.215119,1e-06,1,0,0,0.003528
6.215135,0.013284,0,1,0,2.873375
