start,duration,direction,throughput
0.342389,0.005991,0,8.063026
0.348654,0.004928,0,9.801705
0.353601,3e-06,0,4.23446
0.353618,3e-06,0,4.23446
7.904511,1e-06,0,0.003528
7.904534,0.017497,1,2.760886
