start,duration,direction,throughput
0.326629,5.5e-05,0,10.585513
0.326694,1e-06,0,0.003638
0.326703,2e-06,0,2.294067
0.353659,0.000742,1,3.421804
