start,duration,direction,throughput
0.325506,0.000589,0,6.633603
0.326105,1e-06,0,0.003528
0.326115,2e-06,0,2.294067
0.83285,0.011627,1,2.883162
