start,duration,H2D,D2H,D2D,Throughput
0.32649,1e-06,0,0,0,0
0.326629,5.5e-05,1,0,0,10.585513
0.326694,1e-06,1,0,0,0.003638
0.326703,2e-06,1,0,0,2.294067
0.326778,0.000433,0,0,0,0
0.327212,0.000536,0,0,0,0
0.32775,0.000637,0,0,0,0
0.328388,0.000721,0,0,0,0
0.32911,0.000739,0,0,0,0
0.32985,0.000736,0,0,0,0
0.330587,0.000732,0,0,0,0
0.331321,0.000654,0,0,0,0
0.331976,0.000554,0,0,0,0
0.332531,0.000448,0,0,0,0
0.33298,0.00034,0,0,0,0
0.353659,0.000742,0,1,0,3.421804
