start,duration,direction,throughput
0.560102,0.000482,1,8.112163
0.565413,0.000362,0,10.786604
0.568323,0.000465,1,8.400791
0.571898,0.000181,0,10.797069
0.572191,0.000162,1,12.02678
