start,duration,direction,throughput
0.533166,0.001229,1,6.283722
0.54143,0.000726,0,10.641458
0.546728,0.001223,1,6.315781
0.552997,0.000362,0,10.665436
0.553539,0.000514,1,7.513278
