start,duration,direction,throughput
0.516392,0.000965,1,8.008022
0.524311,0.000715,0,10.798562
0.529615,0.000956,1,8.082831
0.535286,0.000357,0,10.808731
0.535821,0.000432,1,8.93749
