start,duration,direction,throughput
0.522065,0.001229,1,6.28634
0.530413,0.000728,0,10.610602
0.535729,0.001181,1,6.540461
0.541841,0.000364,0,10.611083
0.542385,0.000503,1,7.679148
