start,duration,direction,throughput
0.620594,0.001,1,7.728309
0.628709,0.000712,0,10.850955
0.634014,0.000996,1,7.752135
0.640489,0.000358,0,10.79903
0.641036,0.000446,1,8.666673
