start,duration,direction,throughput
0.393237,8.1e-05,1,12.119919
0.39481,9.2e-05,0,10.589143
0.395761,8.1e-05,1,12.076753
0.396993,4.8e-05,0,10.268364
0.397109,4.1e-05,1,11.948934
