start,duration,direction,throughput
0.544818,0.001044,1,7.397249
0.553968,0.000713,0,10.831024
0.559266,0.001049,1,7.364751
0.565957,0.000358,0,10.783593
0.566497,0.000468,1,8.253039
