start,duration,direction,throughput
0.547945,0.000639,1,6.798254
0.553124,0.000428,0,10.150128
0.556255,0.00062,1,7.006985
0.560107,0.000224,0,9.715845
0.560448,0.000279,1,7.788706
