start,duration,direction,throughput
0.488088,0.000571,1,7.612316
0.493479,0.00041,0,10.597712
0.497018,0.000538,1,8.07063
0.500973,0.000211,0,10.319864
0.501297,0.000236,1,9.219756
