start,duration,direction,throughput
0.56953,0.000632,1,6.878853
0.575231,0.00043,0,10.103304
0.578363,0.000626,1,6.942866
0.582282,0.000223,0,9.761945
0.582626,0.000268,1,8.120342
