start,duration,threads_x,threads_y,threads_z
0.363756,8.1e-05,2073600.0,1.0,1.0
0.364075,6.4e-05,1920.0,15.0,1.0
0.36416,2.4e-05,960.0,14.0,1.0
0.364191,1.7e-05,512.0,12.0,1.0
0.364258,5.3e-05,1920.0,15.0,1.0
0.36433,1.8e-05,960.0,14.0,1.0
0.364353,8e-06,512.0,12.0,1.0
0.364408,5.4e-05,1920.0,15.0,1.0
0.364481,1.8e-05,960.0,14.0,1.0
0.364505,9e-06,512.0,12.0,1.0
