start,duration,threads_x,threads_y,threads_z
0.409915,4.7e-05,1166592.0,1.0,1.0
0.410184,4.4e-05,1152.0,15.0,1.0
0.410241,2.3e-05,640.0,14.0,1.0
0.410271,1.8e-05,320.0,12.0,1.0
0.41032,3.4e-05,1152.0,15.0,1.0
0.410366,1.3e-05,640.0,14.0,1.0
0.410384,9e-06,320.0,12.0,1.0
0.410425,3.4e-05,1152.0,15.0,1.0
0.410471,1.4e-05,640.0,14.0,1.0
0.410489,9e-06,320.0,12.0,1.0
