start,duration,threads_x,threads_y,threads_z
0.364448,4.7e-05,1166592.0,1.0,1.0
0.364722,4.6e-05,1152.0,15.0,1.0
0.364782,2.3e-05,640.0,14.0,1.0
0.364812,1.8e-05,320.0,12.0,1.0
0.364861,3.7e-05,1152.0,15.0,1.0
0.36491,1.5e-05,640.0,14.0,1.0
0.36493,1e-05,320.0,12.0,1.0
0.364971,3.7e-05,1152.0,15.0,1.0
0.36502,1.5e-05,640.0,14.0,1.0
0.36504,1e-05,320.0,12.0,1.0
