start,duration,direction,throughput
0.363193,0.000534,0,10.853734
0.364024,4.9e-05,2,158.609572
0.36414,1.9e-05,2,102.114556
0.364185,5e-06,2,97.970297
0.36421,4.7e-05,2,165.232016
0.364312,1.7e-05,2,116.737623
0.364349,4e-06,2,131.195006
0.364363,4.4e-05,2,176.332222
0.364463,1.7e-05,2,114.515565
0.3645,4e-06,2,128.952356
