start,duration,threads_x,threads_y,threads_z
0.427473,4.2e-05,1048576.0,1.0,1.0
0.427732,4.1e-05,1152.0,15.0,1.0
0.427784,2.2e-05,512.0,13.0,1.0
0.427812,1.7e-05,256.0,11.0,1.0
0.427857,3.2e-05,1152.0,15.0,1.0
0.427898,1.2e-05,512.0,13.0,1.0
0.427915,8e-06,256.0,11.0,1.0
0.427949,3.3e-05,1152.0,15.0,1.0
0.427991,1.2e-05,512.0,13.0,1.0
0.428008,8e-06,256.0,11.0,1.0
