start,duration,threads_x,threads_y,threads_z
0.417532,4.7e-05,1166592.0,1.0,1.0
0.417787,4.5e-05,1152.0,15.0,1.0
0.417846,2.3e-05,640.0,14.0,1.0
0.417875,1.8e-05,320.0,12.0,1.0
0.417924,3.4e-05,1152.0,15.0,1.0
0.41797,1.4e-05,640.0,14.0,1.0
0.417989,9e-06,320.0,12.0,1.0
0.418029,3.5e-05,1152.0,15.0,1.0
0.418075,1.4e-05,640.0,14.0,1.0
0.418094,9e-06,320.0,12.0,1.0
