start,duration,direction,throughput
0.364087,0.000328,0,9.927964
0.364686,3.4e-05,2,129.571451
0.364769,1.2e-05,2,90.044318
0.364807,3e-06,2,82.394922
0.364831,2.9e-05,2,149.216298
0.364899,1e-05,2,108.466765
0.364926,3e-06,2,104.77379
0.364941,2.9e-05,2,148.077243
0.365009,1e-05,2,110.216584
0.365036,3e-06,2,104.77379
