start,duration,direction,throughput
0.417221,0.000282,0,11.540039
0.417752,3.3e-05,2,129.939552
0.417833,1.1e-05,2,94.559075
0.41787,3e-06,2,92.246489
0.417893,3e-05,2,147.274221
0.417959,1e-05,2,109.505509
0.417985,2e-06,2,108.803551
0.417999,2.9e-05,2,150.874257
0.418065,1e-05,2,113.927074
0.41809,3e-06,2,107.426291
