start,duration,threads_x,threads_y,threads_z
0.341685,8.1e-05,2073600.0,1.0,1.0
0.342016,6.4e-05,1920.0,15.0,1.0
0.3421,2.4e-05,960.0,14.0,1.0
0.342132,1.7e-05,512.0,12.0,1.0
0.342198,5.2e-05,1920.0,15.0,1.0
0.342269,1.7e-05,960.0,14.0,1.0
0.342292,8e-06,512.0,12.0,1.0
0.342346,5.2e-05,1920.0,15.0,1.0
0.342417,1.7e-05,960.0,14.0,1.0
0.34244,8e-06,512.0,12.0,1.0
