start,duration,threads_x,threads_y,threads_z
0.353462,1e-05,262144.0,1.0,1.0
0.353523,2.2e-05,512.0,13.0,1.0
0.353551,1.7e-05,256.0,11.0,1.0
0.353572,6e-06,128.0,8.0,1.0
0.353587,1.3e-05,512.0,13.0,1.0
0.353604,8e-06,256.0,11.0,1.0
0.353621,6e-06,128.0,8.0,1.0
0.353641,1.3e-05,512.0,13.0,1.0
0.353659,8e-06,256.0,11.0,1.0
0.353677,6e-06,128.0,8.0,1.0
