start,duration,direction,throughput
0.409592,0.000284,0,11.469895
0.410149,3.3e-05,2,131.325856
0.410229,1.1e-05,2,98.969994
0.410265,3e-06,2,92.246489
0.410289,3e-05,2,146.955445
0.410356,9e-06,2,114.696933
0.410381,2e-06,2,108.803551
0.410394,2.9e-05,2,147.594382
0.41046,9e-06,2,114.684824
0.410486,3e-06,2,107.426291
