start,duration,threads_x,threads_y,threads_z
0.455953,4.4e-05,1048576.0,1.0,1.0
0.456289,4.2e-05,1152.0,15.0,1.0
0.456341,2.1e-05,512.0,13.0,1.0
0.456369,1.7e-05,256.0,11.0,1.0
0.456413,3.4e-05,1152.0,15.0,1.0
0.456457,1.2e-05,512.0,13.0,1.0
0.456473,8e-06,256.0,11.0,1.0
0.456508,3.3e-05,1152.0,15.0,1.0
0.456554,1.2e-05,512.0,13.0,1.0
0.456573,8e-06,256.0,11.0,1.0
