start,duration,direction,throughput
0.455648,0.000271,0,10.793887
0.456261,2.6e-05,2,150.332897
0.456332,7e-06,2,138.716264
0.456364,3e-06,2,80.309416
0.456387,2.5e-05,2,156.100144
0.456449,7e-06,2,146.719126
0.45647,2e-06,2,104.512254
0.456483,2.4e-05,2,161.468667
0.456546,7e-06,2,141.285084
0.456567,5e-06,2,50.193385
