start,duration,direction,throughput
0.341121,0.000533,0,10.869353
0.341965,4.9e-05,2,157.368793
0.342081,1.8e-05,2,106.630804
0.342125,5e-06,2,101.942066
0.34215,4.7e-05,2,165.799445
0.342251,1.7e-05,2,115.612458
0.342287,4e-06,2,126.78509
0.342301,4.4e-05,2,176.719481
0.3424,1.6e-05,2,119.979528
0.342435,4e-06,2,137.158416
