start,duration,direction,throughput
1.038088,0.000286,0,10.253522
1.03867,2.6e-05,2,149.779525
1.038741,7e-06,2,146.01712
1.038773,3e-06,2,74.071792
1.038797,2.5e-05,2,158.539308
1.038856,7e-06,2,149.595971
1.038877,2e-06,2,100.38677
1.03889,2.3e-05,2,167.219606
1.038948,6e-06,2,152.587891
1.038968,2e-06,2,99.083046
