start,duration,threads_x,threads_y,threads_z
0.359207,8.2e-05,2073600.0,1.0,1.0
0.359538,6.2e-05,1920.0,15.0,1.0
0.359623,2.5e-05,960.0,14.0,1.0
0.359655,1.8e-05,512.0,12.0,1.0
0.359722,5.2e-05,1920.0,15.0,1.0
0.359793,1.8e-05,960.0,14.0,1.0
0.359817,9e-06,512.0,12.0,1.0
0.359872,5.5e-05,1920.0,15.0,1.0
0.359946,1.7e-05,960.0,14.0,1.0
0.35997,9e-06,512.0,12.0,1.0
