start,duration,threads_x,threads_y,threads_z
1.038404,4.2e-05,1048576.0,1.0,1.0
1.038697,4.2e-05,1152.0,15.0,1.0
1.03875,2.2e-05,512.0,13.0,1.0
1.038778,1.7e-05,256.0,11.0,1.0
1.038823,3.2e-05,1152.0,15.0,1.0
1.038864,1.2e-05,512.0,13.0,1.0
1.038881,8e-06,256.0,11.0,1.0
1.038915,3.2e-05,1152.0,15.0,1.0
1.038955,1.2e-05,512.0,13.0,1.0
1.038972,8e-06,256.0,11.0,1.0
