start,duration,direction,throughput
0.353351,6.5e-05,0,11.258502
0.353508,7e-06,2,141.285084
0.353546,3e-06,2,78.653552
0.353569,2e-06,2,34.679066
0.353579,7e-06,2,148.866235
0.353601,2e-06,2,101.72526
0.353613,2e-06,2,35.321271
0.353631,7e-06,2,146.01712
0.353655,2e-06,2,101.72526
0.353668,2e-06,2,34.679066
