start,duration,direction,throughput
0.358662,0.000502,0,11.543669
0.359488,4.8e-05,2,160.397881
0.359602,2e-05,2,96.714267
0.359648,5e-06,2,96.714267
0.359674,4.7e-05,2,165.115466
0.359775,1.6e-05,2,117.411873
0.359812,4e-06,2,116.057121
0.359827,4.4e-05,2,174.930636
0.359929,1.6e-05,2,118.10118
0.359965,4e-06,2,121.703459
