start,duration,direction,throughput
0.383587,0.000535,0,10.82518
0.384443,4.8e-05,2,160.935894
0.384556,1.9e-05,2,103.872122
0.384601,5e-06,2,104.051212
0.384624,4.7e-05,2,164.5527
0.384725,1.6e-05,2,117.411873
0.384761,4e-06,2,127.85954
0.384775,4.4e-05,2,177.368708
0.384874,1.6e-05,2,120.218532
0.38491,4e-06,2,128.952356
