start,duration,H2D,D2H,D2D,Throughput
0.554312,9.3e-05,1,0,0,10.48365
0.554414,3e-06,0,0,0,0
0.554419,1.1e-05,0,0,0,0
0.554432,2e-06,0,0,0,0.387043
0.554435,3e-06,0,0,0,0
0.554439,2e-06,0,0,0,0.002197
0.554445,8.1e-05,0,1,0,12.067203
