start,duration,direction,throughput
0.554312,9.3e-05,0,10.48365
0.554432,2e-06,2,0.387043
0.554439,2e-06,2,0.002197
0.554445,8.1e-05,1,12.067203
