start,duration,threads_x,threads_y,threads_z
0.386199,2e-06,8192.0,1.0,1.0
0.38621,5e-06,8192.0,1.0,1.0
0.386235,3e-06,8.0,1.0,1.0
