start,duration,direction,throughput
0.364505,3e-06,0,4.415159
0.364573,2e-06,2,0.00597
0.364593,2e-06,2,0.002376
0.3646,2e-06,1,7.012311
