start,duration,H2D,D2H,D2D,Throughput
0.364505,3e-06,1,0,0,4.415159
0.364543,2e-06,0,0,0,0
0.364556,5e-06,0,0,0,0
0.364573,2e-06,0,0,0,0.00597
0.364583,2e-06,0,0,0,0
0.364593,2e-06,0,0,0,0.002376
0.3646,2e-06,0,1,0,7.012311
