start,duration,threads_x,threads_y,threads_z
0.364543,2e-06,2048.0,1.0,1.0
0.364556,5e-06,2048.0,1.0,1.0
0.364583,2e-06,2.0,1.0,1.0
