start,duration,threads_x,threads_y,threads_z
0.554414,3e-06,131072.0,1.0,1.0
0.554419,1.1e-05,131072.0,1.0,1.0
0.554435,3e-06,128.0,1.0,1.0
