start,duration,H2D,D2H,D2D,Throughput
0.386166,1.1e-05,1,0,0,5.693578
0.386199,2e-06,0,0,0,0
0.38621,5e-06,0,0,0,0
0.386226,2e-06,0,0,0,0.02587
0.386235,3e-06,0,0,0,0
0.386244,2e-06,0,0,0,0.002376
0.386252,6e-06,0,1,0,9.536743
