start,duration,direction,throughput
0.386166,1.1e-05,0,5.693578
0.386226,2e-06,2,0.02587
0.386244,2e-06,2,0.002376
0.386252,6e-06,1,9.536743
