start,duration,threads_x,threads_y,threads_z
0.410676,0.003438,2752512.0,1.0,1.0
0.414115,0.003429,2752512.0,1.0,1.0
0.417545,0.003436,2752512.0,1.0,1.0
0.420983,5.8e-05,36864.0,1.0,1.0
0.421059,0.003425,2752512.0,1.0,1.0
0.424485,0.003427,2752512.0,1.0,1.0
0.427914,0.003437,2752512.0,1.0,1.0
0.431352,5.8e-05,36864.0,1.0,1.0
