start,duration,H2D,D2H,D2D,Throughput
0.375544,2e-06,1,0,0,2.207579
0.375715,9.3e-05,1,0,0,10.527046
0.376156,0.001183,0,0,0,0
0.377365,0.00118,0,0,0,0
0.378568,1.2e-05,0,1,0,10.596381
