start,duration,H2D,D2H,D2D,Throughput
0.40714,2e-06,1,0,0,2.207579
0.407279,0.000515,1,0,0,8.442453
0.408158,0.003136,0,0,0,0
0.411295,0.002172,0,0,0,0
0.413488,0.003124,0,0,0,0
0.416613,0.002171,0,0,0,0
0.418808,4.6e-05,0,1,0,11.861184
