start,duration,H2D,D2H,D2D,Throughput
0.414621,2e-06,1,0,0,2.207579
0.414762,0.000501,1,0,0,8.668253
0.415639,0.00343,0,0,0,0
0.41907,0.00238,0,0,0,0
0.421472,0.00342,0,0,0,0
0.424893,0.002381,0,0,0,0
0.427299,4.5e-05,0,1,0,11.944917
