start,duration,H2D,D2H,D2D,Throughput
2.090406,2e-06,1,0,0,2.207579
2.090556,0.00045,1,0,0,8.678511
2.091329,0.003469,0,0,0,0
2.094799,0.001823,0,0,0,0
2.096641,0.00346,0,0,0,0
2.100103,0.001823,0,0,0,0
2.101946,4.1e-05,0,1,0,11.930541
