start,duration,H2D,D2H,D2D,Throughput
0.355235,2e-06,1,0,0,2.167442
0.35537,0.000482,1,0,0,9.019459
0.356269,0.00317,0,0,0,0
0.359441,0.002198,0,0,0,0
0.361657,0.003159,0,0,0,0
0.364818,0.002198,0,0,0,0
0.367037,4.6e-05,0,1,0,11.795242
