start,duration,direction,throughput
0.414621,2e-06,0,2.207579
0.414762,0.000501,0,8.668253
0.427299,4.5e-05,1,11.944917
