start,duration,H2D,D2H,D2D,Throughput
0.636312,2e-06,1,0,0,2.167442
0.636449,0.000914,1,0,0,8.455689
0.637706,0.003439,0,0,0,0
0.641146,0.003426,0,0,0,0
0.644573,0.003424,0,0,0,0
0.647998,5.7e-05,0,0,0,0
0.648076,0.003426,0,0,0,0
0.651502,0.003426,0,0,0,0
0.65493,0.003424,0,0,0,0
0.658355,5.9e-05,0,0,0,0
0.658436,8e-05,0,1,0,12.089435
