start,duration,direction,throughput
0.375544,2e-06,0,2.207579
0.375715,9.3e-05,0,10.527046
0.378568,1.2e-05,1,10.596381
