start,duration,direction,throughput
3.238551,2e-06,0,2.167442
3.238686,0.000465,0,8.404261
3.24999,4.1e-05,1,11.930249
