start,duration,direction,throughput
0.355235,2e-06,0,2.167442
0.35537,0.000482,0,9.019459
0.367037,4.6e-05,1,11.795242
