start,duration,H2D,D2H,D2D,Throughput
3.238551,2e-06,1,0,0,2.167442
3.238686,0.000465,1,0,0,8.404261
3.239483,0.003432,0,0,0,0
3.242916,0.001804,0,0,0,0
3.24474,0.003423,0,0,0,0
3.248164,0.001804,0,0,0,0
3.24999,4.1e-05,0,1,0,11.930249
