start,duration,threads_x,threads_y,threads_z
0.383477,0.003104,2752512.0,1.0,1.0
0.386582,0.003091,2752512.0,1.0,1.0
0.389674,0.003091,2752512.0,1.0,1.0
0.392766,5.2e-05,36864.0,1.0,1.0
0.392863,0.003092,2752512.0,1.0,1.0
0.395956,0.00309,2752512.0,1.0,1.0
0.399048,0.003092,2752512.0,1.0,1.0
0.402141,5.2e-05,36864.0,1.0,1.0
