start,duration,threads_x,threads_y,threads_z
0.351953,0.003479,2752512.0,1.0,1.0
0.355433,0.002424,1913088.0,1.0,1.0
0.357877,0.003468,2752512.0,1.0,1.0
0.361347,0.002425,1913088.0,1.0,1.0
