start,duration,threads_x,threads_y,threads_z
0.415639,0.00343,2752512.0,1.0,1.0
0.41907,0.00238,1913088.0,1.0,1.0
0.421472,0.00342,2752512.0,1.0,1.0
0.424893,0.002381,1913088.0,1.0,1.0
