start,duration,threads_x,threads_y,threads_z
0.356269,0.00317,2752512.0,1.0,1.0
0.359441,0.002198,1913088.0,1.0,1.0
0.361657,0.003159,2752512.0,1.0,1.0
0.364818,0.002198,1913088.0,1.0,1.0
