start,duration,H2D,D2H,D2D,Throughput
0.409171,2e-06,1,0,0,2.167442
0.40932,0.000893,1,0,0,8.650514
0.410676,0.003438,0,0,0,0
0.414115,0.003429,0,0,0,0
0.417545,0.003436,0,0,0,0
0.420983,5.8e-05,0,0,0,0
0.421059,0.003425,0,0,0,0
0.424485,0.003427,0,0,0,0
0.427914,0.003437,0,0,0,0
0.431352,5.8e-05,0,0,0,0
0.431432,8e-05,0,1,0,12.012431
