start,duration,direction,throughput
0.409171,2e-06,0,2.167442
0.40932,0.000893,0,8.650514
0.431432,8e-05,1,12.012431
