start,duration,threads_x,threads_y,threads_z
0.637706,0.003439,2752512.0,1.0,1.0
0.641146,0.003426,2752512.0,1.0,1.0
0.644573,0.003424,2752512.0,1.0,1.0
0.647998,5.7e-05,36864.0,1.0,1.0
0.648076,0.003426,2752512.0,1.0,1.0
0.651502,0.003426,2752512.0,1.0,1.0
0.65493,0.003424,2752512.0,1.0,1.0
0.658355,5.9e-05,36864.0,1.0,1.0
