start,duration,direction,throughput
0.350937,2e-06,0,2.167442
0.351075,0.000517,0,8.405332
0.363796,4.6e-05,1,11.811916
