start,duration,threads_x,threads_y,threads_z
2.091329,0.003469,2752512.0,1.0,1.0
2.094799,0.001823,1441792.0,1.0,1.0
2.096641,0.00346,2752512.0,1.0,1.0
2.100103,0.001823,1441792.0,1.0,1.0
