start,duration,threads_x,threads_y,threads_z
0.408158,0.003136,2752512.0,1.0,1.0
0.411295,0.002172,1913088.0,1.0,1.0
0.413488,0.003124,2752512.0,1.0,1.0
0.416613,0.002171,1913088.0,1.0,1.0
