start,duration,direction,throughput
0.381993,2e-06,0,2.091391
0.382138,0.000974,0,7.92702
0.402235,8e-05,1,12.070091
