start,duration,H2D,D2H,D2D,Throughput
0.381993,2e-06,1,0,0,2.091391
0.382138,0.000974,1,0,0,7.92702
0.383477,0.003104,0,0,0,0
0.386582,0.003091,0,0,0,0
0.389674,0.003091,0,0,0,0
0.392766,5.2e-05,0,0,0,0
0.392863,0.003092,0,0,0,0
0.395956,0.00309,0,0,0,0
0.399048,0.003092,0,0,0,0
0.402141,5.2e-05,0,0,0,0
0.402235,8e-05,0,1,0,12.070091
