start,duration,direction,throughput
2.090406,2e-06,0,2.207579
2.090556,0.00045,0,8.678511
2.101946,4.1e-05,1,11.930541
