start,duration,threads_x,threads_y,threads_z
0.376156,0.001183,1048576.0,1.0,1.0
0.377365,0.00118,1048576.0,1.0,1.0
