start,duration,direction,throughput
0.636312,2e-06,0,2.167442
0.636449,0.000914,0,8.455689
0.658436,8e-05,1,12.089435
