start,duration,threads_x,threads_y,threads_z
3.239483,0.003432,2752512.0,1.0,1.0
3.242916,0.001804,1441792.0,1.0,1.0
3.24474,0.003423,2752512.0,1.0,1.0
3.248164,0.001804,1441792.0,1.0,1.0
