start,duration,direction,throughput
0.40714,2e-06,0,2.207579
0.407279,0.000515,0,8.442453
0.418808,4.6e-05,1,11.861184
