start,duration,direction,throughput
0.364964,1e-06,0,1.386155
0.365045,0.000737,0,10.601097
0.366752,0.002621,1,2.980262
