start,duration,direction,throughput
0.420896,1e-06,0,0.784272
0.421032,0.00183,0,8.538564
0.424926,0.005139,1,3.040389
