start,duration,direction,throughput
0.623169,1e-06,0,0.413921
0.623307,0.0074,0,8.446121
0.63959,0.023848,1,2.6208
