start,duration,direction,throughput
0.675396,1e-06,0,1.419158
0.675544,0.007812,0,8.000509
0.692241,0.021992,1,2.842005
