start,duration,direction,throughput
0.505363,1e-06,0,1.419158
0.505502,0.003969,0,7.873373
0.513503,0.011749,1,2.659826
