start,duration,direction,throughput
0.39827,1e-06,0,1.386155
0.398351,0.001445,0,10.810448
0.401855,0.005766,1,2.710007
