start,duration,direction,throughput
0.623498,1e-06,0,0.784272
0.62364,0.007573,0,8.252902
0.640039,0.024546,1,2.546262
