start,duration,direction,throughput
0.425267,1e-06,0,0.413921
0.425404,0.00188,0,8.310962
0.429384,0.005376,1,2.906202
