start,duration,direction,throughput
0.504645,1e-06,0,0.784272
0.504782,0.003926,0,7.960769
0.512745,0.011054,1,2.827094
