start,duration,direction,throughput
0.476126,1e-06,0,0.413921
0.476242,0.003093,0,10.102868
0.483374,0.01195,1,2.61511
