start,duration,direction,throughput
0.370863,1e-06,0,0.805468
0.370946,0.000727,0,10.744798
0.372628,0.002991,1,2.611828
