start,duration,direction,throughput
0.381071,1e-06,0,0.425747
0.38121,0.000816,0,9.579131
0.383005,0.002383,1,3.278191
