start,duration,threads_x,threads_y,threads_z
1.342665,0.003189,384.0,384.0,1.0
1.345856,0.003182,384.0,384.0,1.0
1.349039,0.003165,384.0,384.0,1.0
1.352205,0.003164,384.0,384.0,1.0
1.35537,0.003168,384.0,384.0,1.0
