start,duration,direction,throughput
0.751066,0.010706,0,8.311987
0.761891,0.010433,0,8.529527
0.772338,2e-06,0,0.010779
0.778815,0.03602,1,2.470529
