start,duration,direction,throughput
1.070716,0.018669,0,8.409741
1.089505,0.018319,0,8.570229
1.107838,2e-06,0,0.012127
1.120582,0.063393,1,2.476617
