start,duration,direction,throughput
0.373542,0.001149,0,8.153027
0.374772,0.000876,0,10.698938
0.375658,1e-06,0,0.01712
0.376579,0.003966,1,2.363026
