start,duration,direction,throughput
0.841595,0.012943,0,8.409581
0.854655,0.012554,0,8.670394
0.867223,2e-06,0,0.010983
0.876137,0.042959,1,2.533688
