start,duration,direction,throughput
1.294896,0.023898,0,8.553734
1.318914,0.023688,0,8.629349
1.342617,2e-06,0,0.012127
1.358556,0.080429,1,2.541538
