start,duration,threads_x,threads_y,threads_z
1.107882,0.00254,352.0,352.0,1.0
1.110423,0.002529,352.0,352.0,1.0
1.112953,0.002536,352.0,352.0,1.0
1.11549,0.002537,352.0,352.0,1.0
1.118029,0.002534,352.0,352.0,1.0
