start,duration,H2D,D2H,D2D,Throughput
0.600073,0.006872,1,0,0,8.268035
0.607062,0.006617,1,0,0,8.587518
0.613693,2e-06,1,0,0,0.011642
0.613742,0.000997,0,0,0,0
0.61474,0.000992,0,0,0,0
0.615734,0.000993,0,0,0,0
0.616728,0.000991,0,0,0,0
0.61772,0.000996,0,0,0,0
0.618733,0.020158,0,1,0,2.818766
