start,duration,threads_x,threads_y,threads_z
1.16236,0.001991,320.0,320.0,1.0
1.164353,0.001969,320.0,320.0,1.0
1.166323,0.001976,320.0,320.0,1.0
1.1683,0.001969,320.0,320.0,1.0
1.17027,0.001956,320.0,320.0,1.0
