start,duration,H2D,D2H,D2D,Throughput
0.65597,0.008211,1,0,0,8.348248
0.664311,0.008168,1,0,0,8.391714
0.672494,2e-06,1,0,0,0.012127
0.672544,0.001132,0,0,0,0
0.673678,0.001118,0,0,0,0
0.674797,0.001109,0,0,0,0
0.675908,0.001121,0,0,0,0
0.67703,0.001122,0,0,0,0
0.678172,0.023918,0,1,0,2.86586
