start,duration,threads_x,threads_y,threads_z
0.672544,0.001132,256.0,256.0,1.0
0.673678,0.001118,256.0,256.0,1.0
0.674797,0.001109,256.0,256.0,1.0
0.675908,0.001121,256.0,256.0,1.0
0.67703,0.001122,256.0,256.0,1.0
