start,duration,H2D,D2H,D2D,Throughput
0.751066,0.010706,1,0,0,8.311987
0.761891,0.010433,1,0,0,8.529527
0.772338,2e-06,1,0,0,0.010779
0.772389,0.001285,0,0,0,0
0.773675,0.00128,0,0,0,0
0.774956,0.001283,0,0,0,0
0.776241,0.001278,0,0,0,0
0.77752,0.001277,0,0,0,0
0.778815,0.03602,0,1,0,2.470529
