start,duration,direction,throughput
0.600073,0.006872,0,8.268035
0.607062,0.006617,0,8.587518
0.613693,2e-06,0,0.011642
0.618733,0.020158,1,2.818766
