start,duration,H2D,D2H,D2D,Throughput
1.203233,0.021955,1,0,0,8.45612
1.225304,0.021672,1,0,0,8.566684
1.246991,2e-06,1,0,0,0.012127
1.24704,0.002799,0,0,0,0
1.24984,0.002825,0,0,0,0
1.252667,0.00278,0,0,0,0
1.255448,0.002779,0,0,0,0
1.258228,0.002813,0,0,0,0
1.26106,0.065718,0,1,0,2.825012
