start,duration,H2D,D2H,D2D,Throughput
0.664926,0.00867,1,0,0,8.270285
0.673716,0.008432,1,0,0,8.504559
0.68216,2e-06,1,0,0,0.012127
0.682211,0.001108,0,0,0,0
0.683319,0.001091,0,0,0,0
0.684411,0.001089,0,0,0,0
0.685502,0.001086,0,0,0,0
0.686588,0.001096,0,0,0,0
0.687703,0.028347,0,1,0,2.529665
