start,duration,direction,throughput
1.130934,0.01584,0,8.299141
1.146897,0.015397,0,8.53752
1.16231,2e-06,0,0.012385
1.17225,0.046767,1,2.810868
