start,duration,direction,throughput
0.664926,0.00867,0,8.270285
0.673716,0.008432,0,8.504559
0.68216,2e-06,0,0.012127
0.687703,0.028347,1,2.529665
