start,duration,H2D,D2H,D2D,Throughput
0.373542,0.001149,1,0,0,8.153027
0.374772,0.000876,1,0,0,10.698938
0.375658,1e-06,1,0,0,0.01712
0.375691,0.000183,0,0,0,0
0.375875,0.00017,0,0,0,0
0.376046,0.000173,0,0,0,0
0.37622,0.000171,0,0,0,0
0.376393,0.000172,0,0,0,0
0.376579,0.003966,0,1,0,2.363026
