start,duration,threads_x,threads_y,threads_z
0.682211,0.001108,288.0,272.0,1.0
0.683319,0.001091,288.0,272.0,1.0
0.684411,0.001089,288.0,272.0,1.0
0.685502,0.001086,288.0,272.0,1.0
0.686588,0.001096,288.0,272.0,1.0
