start,duration,H2D,D2H,D2D,Throughput
1.070716,0.018669,1,0,0,8.409741
1.089505,0.018319,1,0,0,8.570229
1.107838,2e-06,1,0,0,0.012127
1.107882,0.00254,0,0,0,0
1.110423,0.002529,0,0,0,0
1.112953,0.002536,0,0,0,0
1.11549,0.002537,0,0,0,0
1.118029,0.002534,0,0,0,0
1.120582,0.063393,0,1,0,2.476617
