start,duration,threads_x,threads_y,threads_z
0.375691,0.000183,128.0,128.0,1.0
0.375875,0.00017,128.0,128.0,1.0
0.376046,0.000173,128.0,128.0,1.0
0.37622,0.000171,128.0,128.0,1.0
0.376393,0.000172,128.0,128.0,1.0
