start,duration,H2D,D2H,D2D,Throughput
1.130934,0.01584,1,0,0,8.299141
1.146897,0.015397,1,0,0,8.53752
1.16231,2e-06,1,0,0,0.012385
1.16236,0.001991,0,0,0,0
1.164353,0.001969,0,0,0,0
1.166323,0.001976,0,0,0,0
1.1683,0.001969,0,0,0,0
1.17027,0.001956,0,0,0,0
1.17225,0.046767,0,1,0,2.810868
