start,duration,threads_x,threads_y,threads_z
1.24704,0.002799,384.0,368.0,1.0
1.24984,0.002825,384.0,368.0,1.0
1.252667,0.00278,384.0,368.0,1.0
1.255448,0.002779,384.0,368.0,1.0
1.258228,0.002813,384.0,368.0,1.0
