start,duration,direction,throughput
0.65597,0.008211,0,8.348248
0.664311,0.008168,0,8.391714
0.672494,2e-06,0,0.012127
0.678172,0.023918,1,2.86586
