start,duration,H2D,D2H,D2D,Throughput
1.294896,0.023898,1,0,0,8.553734
1.318914,0.023688,1,0,0,8.629349
1.342617,2e-06,1,0,0,0.012127
1.342665,0.003189,0,0,0,0
1.345856,0.003182,0,0,0,0
1.349039,0.003165,0,0,0,0
1.352205,0.003164,0,0,0,0
1.35537,0.003168,0,0,0,0
1.358556,0.080429,0,1,0,2.541538
