start,duration,H2D,D2H,D2D,Throughput
0.841595,0.012943,1,0,0,8.409581
0.854655,0.012554,1,0,0,8.670394
0.867223,2e-06,1,0,0,0.010983
0.86727,0.001787,0,0,0,0
0.869058,0.001765,0,0,0,0
0.870824,0.001765,0,0,0,0
0.872591,0.001768,0,0,0,0
0.874359,0.001759,0,0,0,0
0.876137,0.042959,0,1,0,2.533688
