start,duration,direction,throughput
1.203233,0.021955,0,8.45612
1.225304,0.021672,0,8.566684
1.246991,2e-06,0,0.012127
1.26106,0.065718,1,2.825012
