start,duration,threads_x,threads_y,threads_z
0.86727,0.001787,320.0,304.0,1.0
0.869058,0.001765,320.0,304.0,1.0
0.870824,0.001765,320.0,304.0,1.0
0.872591,0.001768,320.0,304.0,1.0
0.874359,0.001759,320.0,304.0,1.0
