start,duration,threads_x,threads_y,threads_z
0.613742,0.000997,256.0,240.0,1.0
0.61474,0.000992,256.0,240.0,1.0
0.615734,0.000993,256.0,240.0,1.0
0.616728,0.000991,256.0,240.0,1.0
0.61772,0.000996,256.0,240.0,1.0
