start,duration,threads_x,threads_y,threads_z
0.772389,0.001285,288.0,288.0,1.0
0.773675,0.00128,288.0,288.0,1.0
0.774956,0.001283,288.0,288.0,1.0
0.776241,0.001278,288.0,288.0,1.0
0.77752,0.001277,288.0,288.0,1.0
