start,duration,direction,throughput
0.339611,0.007954,0,7.85789
0.347693,0.007958,0,7.853309
0.35567,3e-06,0,4.374653
11.440318,0.009344,1,6.688914
11.44992,0.009383,1,6.660811
11.459565,3e-06,1,5.960464
