start,duration,direction,throughput
0.344646,0.009438,0,6.315695
0.354243,0.008147,0,7.316004
0.362412,3e-06,0,4.393031
10.70236,0.005117,1,11.648234
10.707798,0.005514,1,10.809485
10.713708,2e-06,1,6.047549
