start,duration,direction,throughput
0.325504,0.002199,0,6.776788
0.327856,0.002196,0,6.784193
0.330064,2e-06,0,3.374357
1.665611,0.005742,1,2.594896
1.672311,0.006388,1,2.332499
1.679007,2e-06,1,3.58201
