start,duration,direction,throughput
0.331447,0.000449,0,8.70883
0.332023,0.000503,0,7.762401
0.332538,2e-06,0,2.292486
0.534199,0.000409,1,9.540563
0.534764,0.000391,1,9.982954
0.535309,2e-06,1,2.055333
