start,duration,direction,throughput
0.327253,0.014907,0,6.550833
0.342315,0.011778,0,8.291599
0.354116,4e-06,0,4.693279
21.892217,0.008588,1,11.371307
21.900936,0.008577,1,11.386114
21.90969,3e-06,1,6.773255
