start,duration,direction,throughput
0.338677,0.005507,0,6.38388
0.344344,0.005506,0,6.385624
0.349867,3e-06,0,3.929977
5.071463,0.015782,1,2.227661
5.087758,0.015746,1,2.232677
5.104034,2e-06,1,5.037012
