start,duration,direction,throughput
0.336028,0.016836,0,8.352699
0.353838,0.017726,0,7.933158
0.371584,5e-06,0,4.899012
37.518511,0.020954,1,6.71114
37.539875,0.020983,1,6.701806
37.561324,3e-06,1,7.298528
