start,duration,direction,throughput
0.364201,0.000575,0,6.482712
0.364966,0.00073,0,5.105103
0.365714,6e-06,0,0.650365
0.568266,0.000423,1,8.798783
0.568901,0.00044,1,8.472211
0.569529,2e-06,1,2.007161
