start,duration,direction,throughput
0.325506,0.004965,0,6.753196
0.330623,0.00503,0,6.665934
0.335745,3e-06,0,3.968704
4.725722,0.014718,1,2.278067
4.741495,0.01409,1,2.379496
4.75706,2e-06,1,4.71954
