start,duration,direction,throughput
0.342966,0.233873,0,6.371485
0.577064,0.139151,0,10.70862
0.71624,9e-06,0,8.623357
0.716281,9e-06,0,8.345184
0.716319,8e-06,0,8.955025
0.88807,1e-05,1,7.786978
