start,duration,H2D,D2H,D2D,Throughput
0.327615,0.117249,1,0,0,8.528886
0.445044,0.092436,1,0,0,10.818278
0.537507,1.1e-05,1,0,0,5.609849
0.537549,1.1e-05,1,0,0,5.626916
0.537589,1.1e-05,1,0,0,5.609849
0.537639,0.097639,0,0,0,0
0.635304,8e-06,0,1,0,7.36428
