start,duration,H2D,D2H,D2D,Throughput
0.330026,0.325294,1,0,0,6.596394
0.65557,0.201568,1,0,0,10.645358
0.857163,1e-05,1,0,0,8.676918
0.857206,1e-05,1,0,0,9.130613
0.857246,1e-05,1,0,0,9.041967
0.857306,0.331733,0,0,0,0
1.18907,1.1e-05,0,1,0,8.31538
