start,duration,direction,throughput
0.32507,0.045267,0,8.629369
0.370585,0.036151,0,10.805364
0.406759,7e-06,0,5.394085
0.40679,7e-06,0,5.394085
0.406818,7e-06,0,5.369788
0.430838,7e-06,1,5.815087
