start,duration,H2D,D2H,D2D,Throughput
0.32507,0.045267,1,0,0,8.629369
0.370585,0.036151,1,0,0,10.805364
0.406759,7e-06,1,0,0,5.394085
0.40679,7e-06,1,0,0,5.394085
0.406818,7e-06,1,0,0,5.369788
0.406874,0.023939,0,0,0,0
0.430838,7e-06,0,1,0,5.815087
