start,duration,direction,throughput
0.382007,0.886267,0,7.052051
1.268309,8.6e-05,0,1.777916
1.268399,7.6e-05,0,2.01391
1.268477,7e-05,0,2.193079
