start,duration,direction,throughput
0.330026,0.325294,0,6.596394
0.65557,0.201568,0,10.645358
0.857163,1e-05,0,8.676918
0.857206,1e-05,0,9.130613
0.857246,1e-05,0,9.041967
1.18907,1.1e-05,1,8.31538
