start,duration,direction,throughput
0.333881,0.906317,0,6.57658
1.240278,4.2e-05,0,3.538208
1.240323,6.1e-05,0,2.447588
1.240386,5.8e-05,0,2.58136
