start,duration,direction,throughput
0.358398,0.441603,0,7.961053
0.800217,0.32424,0,10.842654
1.124485,1.2e-05,0,9.562242
1.124539,1.2e-05,0,9.43687
1.124594,1.2e-05,0,9.665618
1.756876,1.2e-05,1,9.691812
