start,duration,H2D,D2H,D2D,Throughput
0.336296,0.567108,1,0,0,8.513322
0.903653,0.452945,1,0,0,10.659082
1.356627,1.4e-05,1,0,0,9.417869
1.356684,1.4e-05,1,0,0,9.396752
1.356738,1.4e-05,1,0,0,9.612274
1.356814,0.819263,0,0,0,0
2.176105,1.5e-05,0,1,0,9.091001
