start,duration,direction,throughput
0.344198,0.566,0,7.067137
0.910409,0.372397,0,10.741216
1.282918,1.3e-05,0,9.731371
1.282971,1.3e-05,0,9.169945
1.283022,1.2e-05,0,9.934107
1.929652,1.4e-05,1,8.809924
