start,duration,H2D,D2H,D2D,Throughput
0.344198,0.566,1,0,0,7.067137
0.910409,0.372397,1,0,0,10.741216
1.282918,1.3e-05,1,0,0,9.731371
1.282971,1.3e-05,1,0,0,9.169945
1.283022,1.2e-05,1,0,0,9.934107
1.283116,0.646495,0,0,0,0
1.929652,1.4e-05,0,1,0,8.809924
