start,duration,direction,throughput
0.32847,0.029959,0,8.34469
71.752027,0.102509,1,2.438821
