start,duration,direction,throughput
0.331218,0.016606,0,8.468393
39.458888,0.055629,1,2.527929
