start,duration,direction,throughput
0.325129,0.036489,0,8.671298
91.295667,0.110726,1,2.857552
