start,duration,direction,throughput
0.440632,0.06996,0,5.583555
127.779528,0.273876,1,1.426283
