start,duration,direction,throughput
0.32762,0.004271,0,8.230798
9.693082,0.013517,1,2.600926
