start,duration,direction,throughput
0.327489,0.022527,0,8.496637
54.190099,0.075154,1,2.546866
