start,duration,direction,throughput
0.337539,0.01197,0,8.158728
27.006398,0.035143,1,2.778842
