start,duration,direction,throughput
0.342027,0.000488,0,8.005759
1.140097,0.001488,1,2.62441
