start,duration,direction,throughput
0.330507,0.001901,0,8.219912
4.32216,0.006284,1,2.486442
