start,duration,direction,throughput
0.324681,0.007456,0,8.382367
17.295504,0.022237,1,2.810676
