start,duration,direction,throughput
3.946555,0.027755,0,7.036995
3.985395,3e-06,1,0.07164
4.001612,2e-06,1,0.532184
