start,duration,direction,throughput
3.474815,0.019479,0,8.021608
3.502719,2e-06,1,0.10348
3.514954,2e-06,1,0.522848
