start,duration,direction,throughput
2.847637,0.015245,0,8.199622
2.869869,2e-06,1,0.09552
2.880189,2e-06,1,0.54186
