start,duration,direction,throughput
1.432683,0.007514,0,8.318102
1.443849,1e-06,1,0.177395
1.449287,1e-06,1,0.709579
