start,duration,direction,throughput
1.712803,0.009323,0,8.379823
1.726797,2e-06,1,0.102063
1.733626,2e-06,1,0.532184
