start,duration,direction,throughput
2.689639,0.014612,0,8.019823
2.710912,2e-06,1,0.106437
2.720653,2e-06,1,0.532184
