start,duration,direction,throughput
4.747373,0.029641,0,8.434257
4.790343,2e-06,1,0.107979
4.809956,2e-06,1,0.496705
