start,duration,direction,throughput
2.932715,0.01645,0,7.836258
2.956212,2e-06,1,0.106437
2.966498,2e-06,1,0.54186
