start,duration,direction,throughput
3.88778,0.044749,0,3.928147
3.942145,2e-06,1,0.10348
3.956262,2e-06,1,0.522848
