start,duration,direction,throughput
1.986301,0.011365,0,8.248654
2.003124,2e-06,1,0.106437
2.011145,2e-06,1,0.54186
