start,duration,H2D,D2H,D2D,Throughput
24.770603,0.077146,1,0,0,3.240619
24.84856,0.056717,1,0,0,4.407838
24.905388,0.008725,0,0,0,0
24.91412,0.169774,0,1,0,1.472545
