start,duration,H2D,D2H,D2D,Throughput
0.669754,2.5e-05,1,0,0,9.84438
0.669824,2.4e-05,1,0,0,9.986527
0.669874,1.2e-05,0,0,0,0
0.669893,2.1e-05,0,1,0,11.612473
