start,duration,direction,throughput
0.328172,0.000465,0,8.393859
0.328775,0.000508,0,7.682784
0.337952,0.001348,1,2.898812
