start,duration,direction,throughput
0.669754,2.5e-05,0,9.84438
0.669824,2.4e-05,0,9.986527
0.669893,2.1e-05,1,11.612473
