start,duration,direction,throughput
0.330362,0.001133,0,6.897304
0.331649,0.001133,0,6.892624
0.36664,0.00341,1,2.291247
