start,duration,direction,throughput
0.325256,0.000235,0,8.325731
0.325644,0.000234,0,8.32914
0.328264,0.000163,1,11.963133
