start,duration,direction,throughput
94.987498,0.311153,0,3.213857
95.299901,0.208466,0,4.796942
95.540874,0.533909,1,1.872978
