start,duration,H2D,D2H,D2D,Throughput
0.392982,1.1e-05,1,0,0,5.694109
0.393019,1.1e-05,1,0,0,5.693578
0.393055,6e-06,0,0,0,0
0.393065,6e-06,0,1,0,10.309993
