start,duration,direction,throughput
6.349473,0.007898,0,7.913642
6.357857,0.008061,0,7.753581
6.367774,0.022147,1,2.822092
