start,duration,H2D,D2H,D2D,Throughput
0.598736,9.2e-05,1,0,0,10.574466
0.599066,9.2e-05,1,0,0,10.640834
0.599164,3.7e-05,0,0,0,0
0.599203,8.1e-05,0,1,0,12.081534
