start,duration,H2D,D2H,D2D,Throughput
6.349473,0.007898,1,0,0,7.913642
6.357857,0.008061,1,0,0,7.753581
6.365931,0.001842,0,0,0,0
6.367774,0.022147,0,1,0,2.822092
