start,duration,direction,throughput
24.770603,0.077146,0,3.240619
24.84856,0.056717,0,4.407838
24.91412,0.169774,1,1.472545
