start,duration,H2D,D2H,D2D,Throughput
94.987498,0.311153,1,0,0,3.213857
95.299901,0.208466,1,0,0,4.796942
95.508374,0.032495,0,0,0,0
95.540874,0.533909,0,1,0,1.872978
