start,duration,direction,throughput
2.138272,0.002226,0,7.019456
2.140757,0.001912,0,8.17149
2.143191,0.005274,1,2.96246
