start,duration,direction,throughput
0.338513,1.4e-05,0,8.809924
0.338555,1.3e-05,0,9.536743
0.340482,1.1e-05,1,10.931343
