start,duration,direction,throughput
0.392982,1.1e-05,0,5.694109
0.393019,1.1e-05,0,5.693578
0.393065,6e-06,1,10.309993
