start,duration,direction,throughput
1.128359,0.000485,0,8.062336
1.129098,0.000465,0,8.407716
1.129698,0.001557,1,2.509029
