start,duration,direction,throughput
0.598736,9.2e-05,0,10.574466
0.599066,9.2e-05,0,10.640834
0.599203,8.1e-05,1,12.081534
