start,duration,H2D,D2H,D2D,Throughput
1.128359,0.000485,1,0,0,8.062336
1.129098,0.000465,1,0,0,8.407716
1.12957,0.000121,0,0,0,0
1.129698,0.001557,0,1,0,2.509029
