start,duration,H2D,D2H,D2D,Throughput
2.138272,0.002226,1,0,0,7.019456
2.140757,0.001912,1,0,0,8.17149
2.142676,0.000514,0,0,0,0
2.143191,0.005274,0,1,0,2.96246
