start,duration,direction,throughput
0.374963,0.010893,1,11.475075
0.385988,2.1e-05,1,11.455547
