start,duration,direction,throughput
0.392142,0.017863,1,6.997544
0.410238,2.1e-05,1,11.438909
