start,duration,direction,throughput
0.389859,0.017465,1,7.15737
0.407547,2.1e-05,1,11.438373
