start,duration,direction,throughput
0.388366,0.017283,1,7.232608
0.405869,2.2e-05,1,11.236222
