start,duration,direction,throughput
0.373382,0.010864,1,11.505698
0.384376,2.1e-05,1,11.473313
