start,duration,direction,throughput
0.404503,0.010907,1,11.460433
0.415537,2.1e-05,1,11.472774
