start,duration,direction,throughput
0.399501,0.017472,1,7.154281
0.417194,2.1e-05,1,11.472774
