start,duration,direction,throughput
0.380442,0.010904,1,11.463931
0.391476,2.1e-05,1,11.404177
