start,duration,direction,throughput
0.393062,0.010916,1,11.451128
0.404109,2.1e-05,1,11.472774
