start,duration,direction,throughput
8.831271,0.047513,0,8.028742
8.906213,0.000704,0,5.418912
8.90693,1e-06,0,1.385897
8.91193,0.000383,1,9.967462
8.952969,0.000438,0,8.71616
8.953419,1e-06,0,1.385897
8.9584,0.000389,1,9.798687
