start,duration,direction,throughput
3.330344,0.016449,0,7.884941
3.355625,0.000428,0,8.922288
3.356064,1e-06,0,0.549739
3.357832,0.000426,1,8.948408
3.376201,0.000412,0,9.258367
3.376625,1e-06,0,0.549739
3.378383,0.000409,1,9.315523
