start,duration,threads_x,threads_y,threads_z
8.87956,0.0228,1048576.0,1.0,1.0
8.907026,0.004885,16384.0,64.0,1.0
8.953487,0.004894,16384.0,64.0,1.0
