start,duration,H2D,D2H,D2D,Throughput
3.330344,0.016449,1,0,0,7.884941
3.347313,0.004306,0,0,0,0
3.355625,0.000428,1,0,0,8.922288
3.356064,1e-06,1,0,0,0.549739
3.356138,0.001677,0,0,0,0
3.357832,0.000426,0,1,0,8.948408
3.376201,0.000412,1,0,0,9.258367
3.376625,1e-06,1,0,0,0.549739
3.376691,0.001676,0,0,0,0
3.378383,0.000409,0,1,0,9.315523
