start,duration,threads_x,threads_y,threads_z
10.205966,0.015157,2073600.0,1.0,1.0
10.22789,0.004882,23040.0,90.0,1.0
10.276243,0.004884,23040.0,90.0,1.0
