start,duration,threads_x,threads_y,threads_z
2.355538,0.003409,831744.0,1.0,1.0
2.36255,0.001332,14592.0,57.0,1.0
2.378605,0.001333,14592.0,57.0,1.0
