start,duration,H2D,D2H,D2D,Throughput
10.160877,0.044409,1,0,0,8.589904
10.205966,0.015157,0,0,0,0
10.226961,0.000843,1,0,0,9.055478
10.227815,1e-06,1,0,0,0.78659
10.22789,0.004882,0,0,0,0
10.232788,0.000849,0,1,0,8.991626
10.275321,0.000846,1,0,0,9.021215
10.276178,1e-06,1,0,0,0.78659
10.276243,0.004884,0,0,0,0
10.281142,0.000853,0,1,0,8.941371
