start,duration,H2D,D2H,D2D,Throughput
8.831271,0.047513,1,0,0,8.028742
8.87956,0.0228,0,0,0,0
8.906213,0.000704,1,0,0,5.418912
8.90693,1e-06,1,0,0,1.385897
8.907026,0.004885,0,0,0,0
8.91193,0.000383,0,1,0,9.967462
8.952969,0.000438,1,0,0,8.71616
8.953419,1e-06,1,0,0,1.385897
8.953487,0.004894,0,0,0,0
8.9584,0.000389,0,1,0,9.798687
