start,duration,direction,throughput
10.160877,0.044409,0,8.589904
10.226961,0.000843,0,9.055478
10.227815,1e-06,0,0.78659
10.232788,0.000849,1,8.991626
10.275321,0.000846,0,9.021215
10.276178,1e-06,0,0.78659
10.281142,0.000853,1,8.941371
