start,duration,H2D,D2H,D2D,Throughput
2.342464,0.012625,1,0,0,8.218476
2.355538,0.003409,0,0,0,0
2.362142,0.000336,1,0,0,9.082721
2.362489,1e-06,1,0,0,0.549739
2.36255,0.001332,0,0,0,0
2.363899,0.000338,0,1,0,9.01833
2.378179,0.000339,1,0,0,9.002979
2.37853,1e-06,1,0,0,0.549739
2.378605,0.001333,0,0,0,0
2.379954,0.00034,0,1,0,8.966607
