start,duration,threads_x,threads_y,threads_z
3.347313,0.004306,1048576.0,1.0,1.0
3.356138,0.001677,16384.0,64.0,1.0
3.376691,0.001676,16384.0,64.0,1.0
