start,duration,H2D,D2H,D2D,Throughput
0.324929,0.002414,1,0,0,6.833416
0.327494,0.005994,1,0,0,6.711713
0.333649,0.00144,1,0,0,6.983595
0.335239,0.006042,1,0,0,6.658786
0.341293,0.075504,0,0,0,0
0.416856,0.004027,0,1,0,9.990454
