start,duration,direction,throughput
0.34052,5.8e-05,0,10.444263
0.340713,0.000141,0,10.576075
0.340913,3.6e-05,0,10.238815
0.341089,0.00014,0,10.629261
0.344503,0.000125,1,11.964672
