start,duration,H2D,D2H,D2D,Throughput
0.34816,0.032794,1,0,0,6.390102
0.381124,0.08048,1,0,0,6.350789
0.461764,0.020066,1,0,0,6.367722
0.483213,0.105348,1,0,0,4.851651
0.588595,0.996088,0,0,0,0
1.584782,0.112485,0,1,0,4.543792
