start,duration,direction,throughput
0.324762,0.015759,0,8.373926
0.340642,0.03762,0,8.55572
0.378384,0.009374,0,8.584021
0.38788,0.038121,0,8.44321
1.051282,0.027481,1,11.71213
