start,duration,H2D,D2H,D2D,Throughput
0.327662,0.004657,1,0,0,8.396677
0.332451,0.011439,1,0,0,8.337019
0.344016,0.002751,1,0,0,8.6678
0.346885,0.011224,1,0,0,8.496647
0.358123,0.181505,0,0,0,0
0.539686,0.013512,0,1,0,7.058214
