start,duration,direction,throughput
0.338637,0.069347,0,8.809949
0.40834,0.614686,0,2.424189
1.023523,0.08958,0,4.158639
1.113485,0.515145,0,2.892617
4.548503,0.247982,1,6.008975
