start,duration,direction,throughput
0.34816,0.032794,0,6.390102
0.381124,0.08048,0,6.350789
0.461764,0.020066,0,6.367722
0.483213,0.105348,0,4.851651
1.584782,0.112485,1,4.543792
