start,duration,direction,throughput
0.324672,0.000562,0,8.694613
0.325355,0.001426,0,8.357623
0.326902,0.000338,0,8.825271
0.327361,0.001425,0,8.364378
0.350583,0.001301,1,9.160341
