start,duration,direction,throughput
0.326665,0.092406,0,4.8198
0.419236,0.213723,0,5.082714
0.633126,0.071502,0,3.798146
0.704747,0.126353,0,8.597278
2.954854,0.0912,1,11.911123
