start,duration,direction,throughput
0.324929,0.002414,0,6.833416
0.327494,0.005994,0,6.711713
0.333649,0.00144,0,6.983595
0.335239,0.006042,0,6.658786
0.416856,0.004027,1,9.990454
