start,duration,H2D,D2H,D2D,Throughput
0.34052,5.8e-05,1,0,0,10.444263
0.340713,0.000141,1,0,0,10.576075
0.340913,3.6e-05,1,0,0,10.238815
0.341089,0.00014,1,0,0,10.629261
0.341236,0.003213,0,0,0,0
0.344503,0.000125,0,1,0,11.964672
