start,duration,direction,throughput
0.326129,0.011464,0,6.661579
0.337748,0.028023,0,6.646842
0.365933,0.006922,0,6.727271
0.37301,0.028035,0,6.643883
0.758996,0.01618,1,11.511915
