start,duration,direction,throughput
0.327662,0.004657,0,8.396677
0.332451,0.011439,0,8.337019
0.344016,0.002751,0,8.6678
0.346885,0.011224,0,8.496647
0.539686,0.013512,1,7.058214
