start,duration,H2D,D2H,D2D,Throughput
0.338637,0.069347,1,0,0,8.809949
0.40834,0.614686,1,0,0,2.424189
1.023523,0.08958,1,0,0,4.158639
1.113485,0.515145,1,0,0,2.892617
1.628712,2.919593,0,0,0,0
4.548503,0.247982,0,1,0,6.008975
