start,duration,H2D,D2H,D2D,Throughput
0.324672,0.000562,1,0,0,8.694613
0.325355,0.001426,1,0,0,8.357623
0.326902,0.000338,1,0,0,8.825271
0.327361,0.001425,1,0,0,8.364378
0.328792,0.021746,0,0,0,0
0.350583,0.001301,0,1,0,9.160341
