start,duration,H2D,D2H,D2D,Throughput
0.324762,0.015759,1,0,0,8.373926
0.340642,0.03762,1,0,0,8.55572
0.378384,0.009374,1,0,0,8.584021
0.38788,0.038121,1,0,0,8.44321
0.426011,0.62521,0,0,0,0
1.051282,0.027481,0,1,0,11.71213
