start,duration,direction,throughput
0.342307,0.023072,0,7.83718
0.365541,0.022398,0,8.073069
0.544968,0.067381,1,2.683501
