start,duration,direction,throughput
0.362591,0.035568,0,5.083705
0.398326,0.034476,0,5.244741
0.716652,0.107139,1,1.687686
