start,duration,direction,throughput
0.338001,0.023073,0,7.836849
0.36123,0.022505,0,8.034495
0.766965,0.067032,1,2.697452
