start,duration,direction,throughput
0.342128,0.023348,0,7.74429
0.36562,0.022972,0,7.871065
0.884931,0.075227,1,2.403611
