start,duration,direction,throughput
0.32806,0.021876,0,8.26537
0.350067,0.021241,0,8.512484
0.976831,0.07233,1,2.499868
