start,duration,direction,throughput
0.325379,0.021544,0,8.392715
0.347067,0.021227,0,8.518376
1.085194,0.064262,1,2.81373
