start,duration,direction,throughput
0.327836,0.027474,0,6.58143
0.355472,0.027664,0,6.536224
1.21731,0.07275,1,2.485436
