start,duration,direction,throughput
0.342246,0.022936,0,7.883419
0.365327,0.023256,0,7.775151
1.339053,0.075006,1,2.410691
