start,duration,direction,throughput
0.352878,0.022658,0,7.980336
0.375691,0.022965,0,7.873509
1.576423,0.06474,1,2.792974
