start,duration,direction,throughput
0.343296,0.000464,0,8.421655
0.343888,0.000455,0,8.580903
0.659192,0.001586,1,2.462563
