start,duration,direction,throughput
0.403639,0.016662,0,8.439797
0.42042,0.01634,0,8.606152
62.268557,0.049975,1,2.813934
