start,duration,direction,throughput
0.393136,0.012232,0,7.983457
0.405498,0.012131,0,8.050214
36.200456,0.034443,1,2.835275
