start,duration,direction,throughput
0.44626,0.024103,0,7.941218
0.470492,0.023939,0,7.995514
98.598282,0.076521,1,2.501344
