start,duration,direction,throughput
0.464577,0.029009,0,8.6181
0.493711,0.028768,0,8.690178
146.92013,0.09737,1,2.56752
