start,duration,direction,throughput
0.327411,3.7e-05,0,10.294412
0.327554,7.1e-05,0,10.76397
0.350839,6.4e-05,1,11.998922
