start,duration,direction,throughput
0.498345,0.037131,0,8.5213
0.535602,0.036863,0,8.583206
209.188919,0.123035,1,2.571675
