start,duration,direction,throughput
0.358661,0.004535,0,7.752892
0.363321,0.004386,0,8.016455
8.139072,0.01248,1,2.817036
