start,duration,direction,throughput
0.353305,0.002056,0,7.598736
0.355487,0.001959,0,7.977637
2.697993,0.005688,1,2.7472
