start,duration,direction,throughput
0.361035,0.007516,0,8.315276
0.368668,0.00722,0,8.657082
18.741464,0.021389,1,2.922062
