start,duration,direction,throughput
0.539551,0.045303,0,8.622582
0.584976,0.045265,0,8.629769
286.806441,0.152719,1,2.557801
