start,duration,direction,throughput
0.639229,0.007444,0,8.395583
0.646791,0.007191,0,8.691514
0.6738,0.023902,1,2.61486
0.698875,0.02391,1,2.613988
