start,duration,direction,throughput
0.383194,0.001418,0,8.263908
0.384735,0.001401,0,8.363367
0.389601,2.4e-05,2,160.830451
0.389626,2.4e-05,2,165.406928
0.389914,0.00359,1,3.264064
0.394108,0.003562,1,3.290371
