start,duration,direction,throughput
0.603176,0.004316,0,6.335701
0.607666,0.003363,0,8.131073
0.6187,2.6e-05,2,150.338683
0.618727,2.5e-05,2,157.510081
0.619814,0.0183,1,1.49416
0.639387,0.020034,1,1.364869
