start,duration,direction,throughput
0.34764,0.000447,0,8.733754
0.348208,0.000441,0,8.850906
0.350045,0.001319,1,2.961394
0.352059,0.001263,1,3.091907
