start,duration,direction,throughput
0.958405,0.014867,0,8.408032
0.973394,0.01463,0,8.544179
1.032608,0.049331,1,2.533889
1.083166,0.049335,1,2.5337
