start,duration,direction,throughput
0.451135,0.002421,0,8.066694
0.453682,0.002407,0,8.113987
0.461397,2.4e-05,2,161.042629
0.461423,2.4e-05,2,165.183102
0.461752,2.4e-05,2,165.856403
0.461776,2.4e-05,2,163.852768
0.462183,0.006874,1,2.841362
0.469953,0.006473,1,3.017275
