start,duration,direction,throughput
0.365685,0.000917,0,8.520689
0.366725,0.000925,0,8.447864
0.370062,0.00256,1,3.051486
0.373444,0.002581,1,3.026895
