start,duration,direction,throughput
0.493666,0.003809,0,8.204645
0.497605,0.003845,0,8.128229
0.51166,0.012013,1,2.601284
0.524941,0.011921,1,2.621359
