start,duration,direction,throughput
0.402963,0.001881,0,8.308293
0.404973,0.001839,0,8.495639
0.411491,0.004989,1,3.132172
0.41709,0.004937,1,3.165103
