start,duration,H2D,D2H,D2D,Throughput
0.330391,1e-06,0,0,0,0
0.335109,0.015861,0,0,0,0
0.351032,1.4e-05,1,0,0,8.933717
0.351051,0.027087,0,0,0,0
0.378143,7e-06,0,1,0,8.954688
