start,duration,direction,throughput
0.347007,1.4e-05,0,8.611055
0.371391,7e-06,1,9.169945
