start,duration,direction,throughput
0.359005,1.4e-05,0,8.912844
0.383388,7e-06,1,9.12607
