start,duration,threads_x,threads_y,threads_z
0.335109,0.015861,1433600.0,1.0,1.0
0.351051,0.027087,1433600.0,1.0,1.0
