start,duration,threads_x,threads_y,threads_z
0.333354,0.020981,2097152.0,1.0,1.0
0.354414,0.024359,2097152.0,1.0,1.0
