start,duration,H2D,D2H,D2D,Throughput
0.328565,1e-06,0,0,0,0
0.333354,0.020981,0,0,0,0
0.354396,1.4e-05,1,0,0,8.933717
0.354414,0.024359,0,0,0,0
0.378776,7e-06,0,1,0,9.214245
