start,duration,threads_x,threads_y,threads_z
0.400575,0.020976,2097152.0,1.0,1.0
0.421692,0.024364,2097152.0,1.0,1.0
