start,duration,threads_x,threads_y,threads_z
0.347209,0.011726,1146880.0,1.0,1.0
0.359027,0.024356,1146880.0,1.0,1.0
