start,duration,threads_x,threads_y,threads_z
0.33329,0.023137,2097152.0,1.0,1.0
0.356506,0.027083,2097152.0,1.0,1.0
