start,duration,H2D,D2H,D2D,Throughput
0.342481,1e-06,0,0,0,0
0.347209,0.011726,0,0,0,0
0.359005,1.4e-05,1,0,0,8.912844
0.359027,0.024356,0,0,0,0
0.383388,7e-06,0,1,0,9.12607
