start,duration,H2D,D2H,D2D,Throughput
0.328498,1e-06,0,0,0,0
0.33329,0.023137,0,0,0,0
0.356487,1.4e-05,1,0,0,8.954688
0.356506,0.027083,0,0,0,0
0.383597,7e-06,0,1,0,9.258974
