start,duration,H2D,D2H,D2D,Throughput
0.330392,2e-06,0,0,0,0
0.334992,0.0033,0,0,0,0
0.340222,1.5e-05,1,0,0,8.310887
0.340241,0.026277,0,0,0,0
0.366526,7e-06,0,1,0,9.082613
