start,duration,direction,throughput
0.421655,1.4e-05,0,8.553133
0.446062,7e-06,1,9.258974
