start,duration,direction,throughput
0.340222,1.5e-05,0,8.310887
0.366526,7e-06,1,9.082613
