start,duration,threads_x,threads_y,threads_z
0.335869,0.022203,2007040.0,1.0,1.0
0.358152,0.027122,2007040.0,1.0,1.0
