start,duration,H2D,D2H,D2D,Throughput
0.395725,2e-06,0,0,0,0
0.400575,0.020976,0,0,0,0
0.421655,1.4e-05,1,0,0,8.553133
0.421692,0.024364,0,0,0,0
0.446062,7e-06,0,1,0,9.258974
