start,duration,threads_x,threads_y,threads_z
0.331159,0.017139,1720320.0,1.0,1.0
0.348378,0.024354,1720320.0,1.0,1.0
