start,duration,H2D,D2H,D2D,Throughput
0.326402,1e-06,0,0,0,0
0.331159,0.017139,0,0,0,0
0.348359,1.4e-05,1,0,0,8.830318
0.348378,0.024354,0,0,0,0
0.372733,7e-06,0,1,0,9.214245
