start,duration,direction,throughput
0.339864,1.3e-05,0,9.395806
0.364234,7e-06,1,8.912844
