start,duration,direction,throughput
0.358133,1.4e-05,0,8.975758
0.385277,7e-06,1,8.996928
