start,duration,direction,throughput
0.348359,1.4e-05,0,8.830318
0.372733,7e-06,1,9.214245
