start,duration,threads_x,threads_y,threads_z
0.332894,0.005966,573440.0,1.0,1.0
0.339881,0.024347,573440.0,1.0,1.0
