start,duration,direction,throughput
0.354396,1.4e-05,0,8.933717
0.378776,7e-06,1,9.214245
