start,duration,threads_x,threads_y,threads_z
0.338389,0.008558,860160.0,1.0,1.0
0.347026,0.024357,860160.0,1.0,1.0
