start,duration,threads_x,threads_y,threads_z
0.334992,0.0033,286720.0,1.0,1.0
0.340241,0.026277,286720.0,1.0,1.0
