start,duration,H2D,D2H,D2D,Throughput
0.331083,1e-06,0,0,0,0
0.335869,0.022203,0,0,0,0
0.358133,1.4e-05,1,0,0,8.975758
0.358152,0.027122,0,0,0,0
0.385277,7e-06,0,1,0,8.996928
