start,duration,H2D,D2H,D2D,Throughput
0.333734,1e-06,0,0,0,0
0.338389,0.008558,0,0,0,0
0.347007,1.4e-05,1,0,0,8.611055
0.347026,0.024357,0,0,0,0
0.371391,7e-06,0,1,0,9.169945
