start,duration,direction,throughput
0.356487,1.4e-05,0,8.954688
0.383597,7e-06,1,9.258974
