start,duration,direction,throughput
0.351032,1.4e-05,0,8.933717
0.378143,7e-06,1,8.954688
