start,duration,threads_x,threads_y,threads_z
0.32797,3e-06,512.0,1.0,1.0
0.329253,0.000241,262144.0,1.0,1.0
