start,duration,direction,throughput
0.329144,2e-06,0,0.079261
0.32916,1e-06,0,0.109567
0.329217,1e-06,1,0.090861
0.329594,1.4e-05,0,9.040236
0.329636,1.3e-05,0,9.147955
0.329676,1.3e-05,0,9.46575
0.329738,1e-06,0,0.413921
0.329818,1.1e-05,1,11.025137
0.329933,1.1e-05,1,11.154086
