start,duration,direction,throughput
0.711159,2e-06,0,0.002042
0.711172,1e-06,0,0.003528
0.711181,1e-06,0,0.010272
0.711189,1e-06,0,0.003528
0.711197,1e-06,0,0.003528
0.711211,0.005355,0,11.086475
0.736998,4e-06,1,0.001058
0.741429,0.000807,1,12.267594
2.564644,0.005105,1,12.243074
2.569784,0.010191,1,12.265679
