start,duration,H2D,D2H,D2D,Throughput
2.151359,0.00013,1,0,0,9.684687
2.151747,1.9e-05,1,0,0,9.984161
2.15183,1.9e-05,1,0,0,9.849012
2.15229,0.00016,0,0,0,0
2.156963,0.007475,0,0,0,0
2.16612,0.007284,0,0,0,0
2.177614,1e-06,0,0,0,0
2.177703,0.000587,0,0,0,0
2.178336,0.000195,0,1,0,11.47155
