start,duration,direction,throughput
2.151359,0.00013,0,9.684687
2.151747,1.9e-05,0,9.984161
2.15183,1.9e-05,0,9.849012
2.178336,0.000195,1,11.47155
