start,duration,direction,throughput
0.406209,0.000554,0,8.398194
0.406894,2e-06,0,0.118791
0.406909,1e-06,0,0.135367
1.412489,0.015807,1,2.356296
