start,duration,H2D,D2H,D2D,Throughput
0.406209,0.000554,1,0,0,8.398194
0.406894,2e-06,1,0,0,0.118791
0.406909,1e-06,1,0,0,0.135367
0.407277,0.000154,0,0,0,0
0.407778,0.005668,0,0,0,0
0.413887,0.005757,0,0,0,0
0.420051,1e-06,0,0,0,0
0.420153,0.992072,0,0,0,0
1.412489,0.015807,0,1,0,2.356296
