start,duration,H2D,D2H,D2D,Throughput
0.542081,0.001132,1,0,0,8.230207
0.543353,2e-06,1,0,0,0.111938
0.543368,1e-06,1,0,0,0.176387
0.543698,0.000149,0,0,0,0
0.544155,0.004662,0,0,0,0
0.54921,0.004669,0,0,0,0
0.554263,1e-06,0,0,0,0
0.55446,1.866005,0,0,0,0
2.420625,0.026778,0,1,0,2.78204
