start,duration,direction,throughput
0.542081,0.001132,0,8.230207
0.543353,2e-06,0,0.111938
0.543368,1e-06,0,0.176387
2.420625,0.026778,1,2.78204
