start,duration,direction,throughput
0.466493,0.000625,0,8.941459
0.467244,2e-06,0,0.065895
0.467257,1e-06,0,0.105832
2.271952,0.015856,1,2.818996
