start,duration,direction,throughput
1.753379,0.001687,0,8.281916
1.755223,2e-06,0,0.071275
1.75524,1e-06,0,0.105832
6.534114,0.039095,1,2.85855
