start,duration,H2D,D2H,D2D,Throughput
1.753379,0.001687,1,0,0,8.281916
1.755223,2e-06,1,0,0,0.071275
1.75524,1e-06,1,0,0,0.105832
1.755806,0.000271,0,0,0,0
1.756734,0.00997,0,0,0,0
1.768178,0.011514,0,0,0,0
1.780293,1e-06,0,0,0,0
1.780588,4.75342,0,0,0,0
6.534114,0.039095,0,1,0,2.85855
