start,duration,H2D,D2H,D2D,Throughput
0.495532,0.002322,1,0,0,8.020482
0.497973,2e-06,1,0,0,0.095033
0.497988,1e-06,1,0,0,0.141109
0.498317,0.000149,0,0,0,0
0.498757,0.004707,0,0,0,0
0.503775,0.004511,0,0,0,0
0.508695,1e-06,0,0,0,0
0.509085,4.499207,0,0,0,0
5.008397,0.052661,0,1,0,2.829558
