start,duration,direction,throughput
0.495532,0.002322,0,8.020482
0.497973,2e-06,0,0.095033
0.497988,1e-06,0,0.141109
5.008397,0.052661,1,2.829558
