start,duration,direction,throughput
0.608345,0.00254,0,8.248798
0.611029,2e-06,0,0.106912
0.611043,1e-06,0,0.154079
5.168535,0.065964,1,2.541261
