start,duration,direction,throughput
0.45276,0.00143,0,8.139342
0.454312,2e-06,0,0.059396
0.454326,1e-06,0,0.088193
4.625155,0.03682,1,2.529295
