start,duration,H2D,D2H,D2D,Throughput
0.45276,0.00143,1,0,0,8.139342
0.454312,2e-06,1,0,0,0.059396
0.454326,1e-06,1,0,0,0.088193
0.454672,0.000161,0,0,0,0
0.455164,0.005458,0,0,0,0
0.460993,0.00553,0,0,0,0
0.466884,1e-06,0,0,0,0
0.46713,4.15788,0,0,0,0
4.625155,0.03682,0,1,0,2.529295
