start,duration,H2D,D2H,D2D,Throughput
1.930616,0.012212,1,0,0,3.431945
1.943079,2e-06,1,0,0,0.102719
1.943099,1e-06,1,0,0,0.154079
1.944395,0.000693,0,0,0,0
1.946786,0.012106,0,0,0,0
1.960196,0.012253,0,0,0,0
1.973224,1e-06,0,0,0,0
1.974091,9.402357,0,0,0,0
11.376613,0.120488,0,1,0,2.782606
