start,duration,direction,throughput
1.930616,0.012212,0,3.431945
1.943079,2e-06,0,0.102719
1.943099,1e-06,0,0.154079
11.376613,0.120488,1,2.782606
