start,duration,direction,throughput
0.327191,0.544993,0,7.339546
0.872215,1.3e-05,0,9.512961
0.872253,1.3e-05,0,9.513702
0.872292,1.2e-05,0,9.781275
0.87233,1.3e-05,0,9.584666
1.079973,1.3e-05,1,9.147955
1.080101,1.1e-05,1,10.837208
