start,duration,H2D,D2H,D2D,Throughput
0.342859,0.158247,1,0,0,6.319216
0.501141,1.1e-05,1,0,0,5.693578
0.501176,1.1e-05,1,0,0,5.710625
0.501211,1.1e-05,1,0,0,5.693578
0.501244,1.1e-05,1,0,0,5.710625
0.501304,0.022241,0,0,0,0
0.523583,0.008789,0,0,0,0
0.532393,9e-06,0,1,0,6.860966
0.532476,6e-06,0,1,0,9.584666
