start,duration,H2D,D2H,D2D,Throughput
0.327191,0.544993,1,0,0,7.339546
0.872215,1.3e-05,1,0,0,9.512961
0.872253,1.3e-05,1,0,0,9.513702
0.872292,1.2e-05,1,0,0,9.781275
0.87233,1.3e-05,1,0,0,9.584666
0.872391,0.18829,0,0,0,0
1.06071,0.019246,0,0,0,0
1.079973,1.3e-05,0,1,0,9.147955
1.080101,1.1e-05,0,1,0,10.837208
