start,duration,threads_x,threads_y,threads_z
0.872391,0.18829,32768.0,1.0,1.0
1.06071,0.019246,32768.0,1.0,1.0
