start,duration,direction,throughput
0.342859,0.158247,0,6.319216
0.501141,1.1e-05,0,5.693578
0.501176,1.1e-05,0,5.710625
0.501211,1.1e-05,0,5.693578
0.501244,1.1e-05,0,5.710625
0.532393,9e-06,1,6.860966
0.532476,6e-06,1,9.584666
