start,duration,threads_x,threads_y,threads_z
0.501304,0.022241,16384.0,1.0,1.0
0.523583,0.008789,16384.0,1.0,1.0
