start,duration,H2D,D2H,D2D,Throughput
0.335017,0.059248,1,0,0,6.593089
0.394293,7e-06,1,0,0,5.183013
0.39432,7e-06,1,0,0,5.369788
0.394346,7e-06,1,0,0,5.369788
0.39437,7e-06,1,0,0,5.369788
0.394424,0.006202,0,0,0,0
0.400651,0.005135,0,0,0,0
0.405803,7e-06,0,1,0,5.843593
0.40586,4e-06,0,1,0,8.701408
