start,duration,threads_x,threads_y,threads_z
0.394424,0.006202,10240.0,1.0,1.0
0.400651,0.005135,10240.0,1.0,1.0
