start,duration,direction,throughput
0.335017,0.059248,0,6.593089
0.394293,7e-06,0,5.183013
0.39432,7e-06,0,5.369788
0.394346,7e-06,0,5.369788
0.39437,7e-06,0,5.369788
0.405803,7e-06,1,5.843593
0.40586,4e-06,1,8.701408
