start,duration,direction,throughput
0.341255,0.197205,0,7.923246
0.538485,9e-06,0,8.577172
0.538512,9e-06,0,8.249778
0.53854,9e-06,0,8.863144
0.538568,8e-06,0,9.031007
0.582266,1e-05,1,7.8686
0.582358,8e-06,1,10.145471
