start,duration,threads_x,threads_y,threads_z
0.538627,0.032389,20480.0,1.0,1.0
0.571085,0.011143,20480.0,1.0,1.0
