start,duration,threads_x,threads_y,threads_z
0.81651,0.192071,30720.0,1.0,1.0
1.008651,0.017944,30720.0,1.0,1.0
