start,duration,H2D,D2H,D2D,Throughput
0.378919,0.437382,1,0,0,8.037886
0.816332,1.2e-05,1,0,0,9.289036
0.81637,1.3e-05,1,0,0,8.940697
0.816409,1.3e-05,1,0,0,9.099946
0.816448,1.3e-05,1,0,0,9.146493
0.81651,0.192071,0,0,0,0
1.008651,0.017944,0,0,0,0
1.026636,1.3e-05,0,1,0,8.919096
1.026775,1.1e-05,0,1,0,10.804467
