start,duration,direction,throughput
0.378919,0.437382,0,8.037886
0.816332,1.2e-05,0,9.289036
0.81637,1.3e-05,0,8.940697
0.816409,1.3e-05,0,9.099946
0.816448,1.3e-05,0,9.146493
1.026636,1.3e-05,1,8.919096
1.026775,1.1e-05,1,10.804467
