start,duration,threads_x,threads_y,threads_z
1.30726,0.468578,40960.0,1.0,1.0
1.77587,0.02544,40960.0,1.0,1.0
