start,duration,H2D,D2H,D2D,Throughput
0.33304,0.973889,1,0,0,6.417572
1.306969,1.6e-05,1,0,0,9.692428
1.307018,1.6e-05,1,0,0,9.711551
1.307068,1.5e-05,1,0,0,9.934107
1.307116,1.5e-05,1,0,0,9.954847
1.30726,0.468578,0,0,0,0
1.77587,0.02544,0,0,0,0
1.801327,1.6e-05,0,1,0,9.536743
1.801475,1.4e-05,0,1,0,11.141055
