start,duration,H2D,D2H,D2D,Throughput
0.361546,0.170393,1,0,0,8.745185
0.531963,9e-06,1,0,0,8.591537
0.531992,9e-06,1,0,0,8.623357
0.53202,9e-06,1,0,0,8.720249
0.532047,9e-06,1,0,0,8.435893
0.532108,0.03157,0,0,0,0
0.563707,0.010939,0,0,0,0
0.574666,1e-05,0,1,0,7.761021
0.574761,7e-06,0,1,0,10.124447
