start,duration,direction,throughput
0.361546,0.170393,0,8.745185
0.531963,9e-06,0,8.591537
0.531992,9e-06,0,8.623357
0.53202,9e-06,0,8.720249
0.532047,9e-06,0,8.435893
0.574666,1e-05,1,7.761021
0.574761,7e-06,1,10.124447
