start,duration,threads_x,threads_y,threads_z
0.532108,0.03157,20224.0,1.0,1.0
0.563707,0.010939,20224.0,1.0,1.0
