start,duration,H2D,D2H,D2D,Throughput
0.34175,1.122038,1,0,0,5.312177
1.463826,1.5e-05,1,0,0,9.72153
1.463874,1.5e-05,1,0,0,10.057479
1.46392,1.5e-05,1,0,0,9.971334
1.463967,1.5e-05,1,0,0,10.058158
1.46403,0.428479,0,0,0,0
1.892548,0.024703,0,0,0,0
1.917269,1.6e-05,0,1,0,9.276121
1.917414,1.4e-05,0,1,0,11.008541
