start,duration,threads_x,threads_y,threads_z
1.46403,0.428479,40192.0,1.0,1.0
1.892548,0.024703,40192.0,1.0,1.0
