start,duration,threads_x,threads_y,threads_z
1.076868,0.272514,36096.0,1.0,1.0
1.349488,0.021602,36096.0,1.0,1.0
