start,duration,threads_x,threads_y,threads_z
0.618154,0.061815,24064.0,1.0,1.0
0.679999,0.013253,24064.0,1.0,1.0
