start,duration,direction,throughput
0.360405,0.257566,0,8.330951
0.617997,1e-05,0,9.012799
0.61803,1e-05,0,8.869739
0.618061,1e-05,0,8.955922
0.618091,1e-05,0,9.251549
0.69327,1.1e-05,1,8.121999
0.693374,9e-06,1,10.159883
