start,duration,H2D,D2H,D2D,Throughput
0.360405,0.257566,1,0,0,8.330951
0.617997,1e-05,1,0,0,9.012799
0.61803,1e-05,1,0,0,8.869739
0.618061,1e-05,1,0,0,8.955922
0.618091,1e-05,1,0,0,9.251549
0.618154,0.061815,0,0,0,0
0.679999,0.013253,0,0,0,0
0.69327,1.1e-05,0,1,0,8.121999
0.693374,9e-06,0,1,0,10.159883
