start,duration,H2D,D2H,D2D,Throughput
0.344078,7e-06,1,0,0,5.345493
0.344407,0.000695,1,0,0,4.883488
0.345112,1e-06,1,0,0,0.582077
0.345153,0.018202,0,0,0,0
0.363359,4e-06,0,1,0,8.761785
0.3634,0.001666,0,1,0,2.037367
