start,duration,H2D,D2H,D2D,Throughput
0.430984,2e-06,1,0,0,0.250169
0.431275,6e-06,1,0,0,5.297717
0.43129,1e-06,1,0,0,0.061632
0.431331,0.331821,0,0,0,0
0.763154,1e-06,0,1,0,0.255608
0.763204,4e-06,0,1,0,9.471409
