start,duration,direction,throughput
0.344078,7e-06,0,5.345493
0.344407,0.000695,0,4.883488
0.345112,1e-06,0,0.582077
0.363359,4e-06,1,8.761785
0.3634,0.001666,1,2.037367
