start,duration,H2D,D2H,D2D,Throughput
0.328076,2e-06,1,0,0,2.177398
0.328208,3.2e-05,1,0,0,10.541608
0.328251,1e-06,1,0,0,0.582077
0.328289,0.501913,0,0,0,0
0.830207,2e-06,0,1,0,2.218481
0.830234,2.9e-05,0,1,0,11.836396
