start,duration,direction,throughput
0.328076,2e-06,0,2.177398
0.328208,3.2e-05,0,10.541608
0.328251,1e-06,0,0.582077
0.830207,2e-06,1,2.218481
0.830234,2.9e-05,1,11.836396
