start,duration,H2D,D2H,D2D,Throughput
0.324743,2e-06,1,0,0,0.730021
0.324802,1.1e-05,1,0,0,9.163023
0.324823,1e-06,1,0,0,0.063499
0.32486,1.600743,0,0,0,0
1.925607,2e-06,0,1,0,0.745553
1.925629,9e-06,0,1,0,10.883045
