start,duration,direction,throughput
0.430984,2e-06,0,0.250169
0.431275,6e-06,0,5.297717
0.43129,1e-06,0,0.061632
0.763154,1e-06,1,0.255608
0.763204,4e-06,1,9.471409
