start,duration,direction,throughput
0.324743,2e-06,0,0.730021
0.324802,1.1e-05,0,9.163023
0.324823,1e-06,0,0.063499
1.925607,2e-06,1,0.745553
1.925629,9e-06,1,10.883045
