start,duration,direction,throughput
0.337928,8e-06,1,8.081986
0.341088,2e-06,1,1.986821
0.341446,1e-06,1,2.591506
