start,duration,H2D,D2H,D2D,Throughput
0.335726,3.4e-05,0,0,0,0
0.337836,5e-06,0,0,0,0
0.337848,2.7e-05,0,0,0,0
0.337876,2.7e-05,0,0,0,0
0.337928,8e-06,0,1,0,8.081986
0.341065,8e-06,0,0,0,0
0.341088,2e-06,0,1,0,1.986821
0.341423,9e-06,0,0,0,0
0.341446,1e-06,0,1,0,2.591506
