start,duration,H2D,D2H,D2D,Throughput
0.327743,3.2e-05,1,0,0,10.088232
0.327821,3e-06,0,0,0,0
0.327854,1.4e-05,0,1,0,11.340284
