start,duration,direction,throughput
0.331117,0.029703,0,8.416646
0.361897,0.04855,1,2.574639
