start,duration,H2D,D2H,D2D,Throughput
0.331117,0.029703,1,0,0,8.416646
0.360883,0.000953,0,0,0,0
0.361897,0.04855,0,1,0,2.574639
