start,duration,direction,throughput
0.327743,3.2e-05,0,10.088232
0.327854,1.4e-05,1,11.340284
