start,duration,H2D,D2H,D2D,Throughput
0.32959,4.7e-05,1,0,0,10.430017
0.329682,4e-06,0,0,0,0
0.329716,2.2e-05,0,1,0,11.353794
