start,duration,direction,throughput
0.32959,4.7e-05,0,10.430017
0.329716,2.2e-05,1,11.353794
