start,duration,H2D,D2H,D2D,Throughput
0.337206,9.2e-05,1,0,0,10.58547
0.337342,5e-06,0,0,0,0
0.337378,4.1e-05,0,1,0,11.774041
