start,duration,direction,throughput
0.337206,9.2e-05,0,10.58547
0.337378,4.1e-05,1,11.774041
