start,duration,H2D,D2H,D2D,Throughput
0.328051,0.000528,1,0,0,7.403655
0.328625,1.8e-05,0,0,0,0
0.328674,0.000164,0,1,0,11.918674
