start,duration,direction,throughput
0.328051,0.000528,0,7.403655
0.328674,0.000164,1,11.918674
