start,duration,H2D,D2H,D2D,Throughput
0.331189,0.001123,1,0,0,6.95623
0.332359,3.3e-05,0,0,0,0
0.332426,0.001382,0,1,0,2.82625
