start,duration,direction,throughput
0.331189,0.001123,0,6.95623
0.332426,0.001382,1,2.82625
