start,duration,H2D,D2H,D2D,Throughput
0.331475,0.00233,1,0,0,6.705747
0.333856,6.3e-05,0,0,0,0
0.333952,0.002849,0,1,0,2.742592
