start,duration,direction,throughput
0.331475,0.00233,0,6.705747
0.333952,0.002849,1,2.742592
