start,duration,H2D,D2H,D2D,Throughput
0.33407,0.004727,1,0,0,6.611365
0.338848,0.000123,0,0,0,0
0.33901,0.006212,0,1,0,2.515174
