start,duration,direction,throughput
0.33407,0.004727,0,6.611365
0.33901,0.006212,1,2.515174
