start,duration,H2D,D2H,D2D,Throughput
0.337516,0.009534,1,0,0,6.555759
0.347118,0.000242,0,0,0,0
0.347407,0.010485,0,1,0,2.980507
