start,duration,direction,throughput
0.337516,0.009534,0,6.555759
0.347407,0.010485,1,2.980507
