start,duration,H2D,D2H,D2D,Throughput
0.337809,0.014992,1,0,0,8.33767
0.352868,0.000479,0,0,0,0
0.353407,0.024558,0,1,0,2.545033
