start,duration,direction,throughput
0.337809,0.014992,0,8.33767
0.353407,0.024558,1,2.545033
