start,duration,direction,throughput
1.00203,0.12427,0,8.047994
1.126426,0.124161,0,8.055015
1.290264,0.36112,1,2.769502
