start,duration,direction,throughput
0.366434,0.004519,0,7.78458
0.371076,0.004374,0,8.041914
0.379175,0.014297,1,2.460518
