start,duration,direction,throughput
0.367728,0.007662,0,8.160801
0.375517,0.007377,0,8.476166
0.387989,0.025017,1,2.499535
