start,duration,direction,throughput
0.392403,0.0118,0,8.27909
0.404325,0.01162,0,8.407103
0.423009,0.035017,1,2.789901
