start,duration,direction,throughput
0.434931,0.017736,0,7.931542
0.452791,0.017687,0,7.953556
0.479018,0.057073,1,2.464731
