start,duration,direction,throughput
0.453441,0.022981,0,8.331334
0.476541,0.022782,0,8.404029
0.509673,0.077242,1,2.478692
