start,duration,direction,throughput
0.485729,0.030368,0,8.234492
0.516216,0.029764,0,8.401387
0.558986,0.08965,1,2.789309
