start,duration,direction,throughput
0.5553,0.039433,0,8.025558
0.594861,0.040066,0,7.89883
0.650491,0.131278,1,2.410732
