start,duration,direction,throughput
0.600289,0.049783,0,7.848141
0.650203,0.049047,0,7.965899
0.71703,0.145047,1,2.693626
