start,duration,direction,throughput
0.625189,0.055076,0,8.583491
0.680381,0.05584,0,8.466023
0.756958,0.164895,1,2.866923
