start,duration,direction,throughput
0.33139,5.7e-05,0,10.673654
0.331456,1e-06,0,0.446259
0.331469,3e-06,0,4.393031
0.331482,3e-06,0,4.351975
0.331496,3e-06,0,4.351975
0.33151,3e-06,0,4.351975
0.344165,3e-06,1,4.800632
0.344189,2e-06,1,6.127122
0.344211,2e-06,1,6.208817
