start,duration,direction,throughput
0.342243,1.6e-05,0,9.672153
0.34227,1e-06,0,0.459009
0.342283,3e-06,0,3.970114
0.342297,3e-06,0,4.014321
0.34231,3e-06,0,3.968704
0.342324,3e-06,0,3.968704
0.35202,3e-06,1,3.715383
0.352046,2e-06,1,4.918957
0.352065,2e-06,1,5.212626
