start,duration,direction,throughput
0.338629,5.7e-05,0,10.709425
0.338695,1e-06,0,0.459009
0.338705,2e-06,0,2.282653
0.338715,2e-06,0,2.282653
0.338725,2e-06,0,2.238756
0.338735,2e-06,0,2.238756
0.343333,2e-06,1,1.639652
0.343349,2e-06,1,2.155839
0.343362,2e-06,1,2.007161
