start,duration,direction,throughput
0.334017,0.000261,0,9.34871
0.334289,1e-06,0,0.459009
0.334304,5e-06,0,4.884559
0.334321,5e-06,0,4.884559
0.334337,5e-06,0,4.884559
0.334354,5e-06,0,4.884559
0.352595,4e-06,1,6.29272
0.352627,3e-06,1,7.127469
0.352653,3e-06,1,7.127469
