start,duration,direction,throughput
0.368482,0.000416,0,5.862057
0.368917,5e-06,0,0.095061
0.368944,6e-06,0,1.245084
0.368971,6e-06,0,1.158361
0.368996,5e-06,0,1.552204
0.369022,6e-06,0,1.245084
0.37659,3e-06,1,2.351825
0.376614,2e-06,1,3.816896
0.376631,2e-06,1,3.58201
