start,duration,direction,throughput
0.339844,1.6e-05,0,9.731371
0.33987,1e-06,0,0.446259
0.339884,3e-06,0,4.393031
0.339898,3e-06,0,4.351975
0.339912,3e-06,0,4.351975
0.339927,3e-06,0,4.351975
0.352967,3e-06,1,5.007111
0.352992,3e-06,1,5.543587
0.353017,3e-06,1,5.820766
