start,duration,direction,throughput
0.343106,0.000258,0,9.462301
0.343375,1e-06,0,0.459009
0.343392,6e-06,0,5.174014
0.343412,6e-06,0,5.174014
0.343431,6e-06,0,5.145429
0.343452,6e-06,0,5.145429
0.366793,4e-06,1,6.84796
0.366833,3e-06,1,8.544244
0.366868,3e-06,1,8.703949
