start,duration,direction,throughput
0.322987,1.5e-05,0,9.892887
0.323012,1e-06,0,0.446259
0.323022,2e-06,0,2.282653
0.323031,2e-06,0,1.877666
0.323041,2e-06,0,2.282653
0.323051,2e-06,0,2.282653
0.327904,2e-06,1,1.59473
0.32792,2e-06,1,2.155839
0.327932,2e-06,1,2.238756
