start,duration,direction,throughput
0.329963,5.8e-05,0,10.503021
0.330031,1e-06,0,0.459009
0.330042,2e-06,0,3.374357
0.330053,2e-06,0,3.326152
0.330064,2e-06,0,3.326152
0.330076,2e-06,0,3.326152
0.337138,3e-06,1,2.805188
0.33716,2e-06,1,3.946282
0.337177,2e-06,1,3.637979
