start,duration,direction,throughput
0.329505,1.6e-05,0,9.405072
0.329531,1e-06,0,0.446259
0.329541,2e-06,0,3.374357
0.329552,2e-06,0,3.375886
0.329563,2e-06,0,3.374357
0.329574,2e-06,0,3.374357
0.337034,3e-06,1,2.645803
0.337058,2e-06,1,3.755333
0.337076,2e-06,1,3.880511
