start,duration,direction,throughput
0.365066,0.000302,0,8.080354
0.365379,1e-06,0,0.446259
0.365393,3e-06,0,4.351975
0.365408,3e-06,0,4.351975
0.365423,4e-06,0,3.980011
0.36544,3e-06,0,4.353246
0.377319,3e-06,1,4.953843
0.377348,2e-06,1,6.378922
0.377372,2e-06,1,6.047549
