start,duration,H2D,D2H,D2D,Throughput
2.136987,0.000153,1,0,0,9.758327
2.137639,0.035385,1,0,0,8.380075
2.173041,0.000129,0,0,0,0
2.173172,0.000125,0,0,0,0
2.173298,0.000125,0,0,0,0
2.173424,0.000125,0,0,0,0
2.173551,0.000124,0,0,0,0
2.173676,0.000126,0,0,0,0
2.173803,0.000126,0,0,0,0
2.17393,0.000126,0,0,0,0
2.174058,0.000126,0,0,0,0
2.174185,0.000118,0,0,0,0
2.174309,0.000127,0,1,0,11.774176
