start,duration,threads_x,threads_y,threads_z
2.368702,0.0002,522496.0,1.0,1.0
2.368903,0.000198,522496.0,1.0,1.0
2.369102,0.000198,522496.0,1.0,1.0
2.369301,0.000198,522496.0,1.0,1.0
2.3695,0.000197,522496.0,1.0,1.0
2.369698,0.000198,522496.0,1.0,1.0
2.369898,0.000119,522496.0,1.0,1.0
