start,duration,threads_x,threads_y,threads_z
2.173041,0.000129,474112.0,1.0,1.0
2.173172,0.000125,474112.0,1.0,1.0
2.173298,0.000125,474112.0,1.0,1.0
2.173424,0.000125,474112.0,1.0,1.0
2.173551,0.000124,474112.0,1.0,1.0
2.173676,0.000126,474112.0,1.0,1.0
2.173803,0.000126,474112.0,1.0,1.0
2.17393,0.000126,474112.0,1.0,1.0
2.174058,0.000126,474112.0,1.0,1.0
2.174185,0.000118,474112.0,1.0,1.0
