start,duration,H2D,D2H,D2D,Throughput
1.651344,0.000111,1,0,0,10.053227
1.651868,0.026296,1,0,0,8.457661
1.678176,0.000106,0,0,0,0
1.678283,0.000106,0,0,0,0
1.67839,0.000106,0,0,0,0
1.678497,0.000106,0,0,0,0
1.678604,0.000107,0,0,0,0
1.678712,0.000106,0,0,0,0
1.678819,0.000104,0,0,0,0
1.678924,0.000103,0,0,0,0
1.679028,0.000104,0,0,0,0
1.679133,9.9e-05,0,0,0,0
1.679237,9.6e-05,0,1,0,11.680589
