start,duration,threads_x,threads_y,threads_z
0.550402,4.3e-05,118528.0,1.0,1.0
0.550446,4.1e-05,118528.0,1.0,1.0
0.550488,4.2e-05,118528.0,1.0,1.0
0.550531,4.1e-05,118528.0,1.0,1.0
0.550573,3.9e-05,118528.0,1.0,1.0
