start,duration,threads_x,threads_y,threads_z
1.006205,0.000107,355584.0,1.0,1.0
1.006313,0.000104,355584.0,1.0,1.0
1.006419,0.000104,355584.0,1.0,1.0
1.006524,0.000104,355584.0,1.0,1.0
1.006629,9.9e-05,355584.0,1.0,1.0
