start,duration,direction,throughput
1.212763,0.00014,0,10.643839
1.213276,0.017395,0,8.480691
1.231359,0.000126,1,11.870219
