start,duration,direction,throughput
2.136987,0.000153,0,9.758327
2.137639,0.035385,0,8.380075
2.174309,0.000127,1,11.774176
