start,duration,H2D,D2H,D2D,Throughput
1.212763,0.00014,1,0,0,10.643839
1.213276,0.017395,1,0,0,8.480691
1.23068,0.000138,0,0,0,0
1.230819,0.000136,0,0,0,0
1.230956,0.000135,0,0,0,0
1.231093,0.000136,0,0,0,0
1.23123,0.000127,0,0,0,0
1.231359,0.000126,0,1,0,11.870219
