start,duration,direction,throughput
0.992273,0.000108,0,10.335874
0.992715,0.013477,0,8.209612
1.006729,9.5e-05,1,11.735539
