start,duration,direction,throughput
0.766344,7e-05,0,10.646272
0.76671,0.008972,0,8.221228
0.776069,6.3e-05,1,11.903597
