start,duration,direction,throughput
1.217952,7.1e-05,0,10.530707
1.218397,0.01801,0,8.232667
1.237174,6.3e-05,1,11.777153
