start,duration,direction,throughput
1.651344,0.000111,0,10.053227
1.651868,0.026296,0,8.457661
1.679237,9.6e-05,1,11.680589
