start,duration,direction,throughput
1.209332,0.000142,0,10.47386
1.209862,0.017647,0,8.359611
1.228178,0.000126,1,11.855015
