start,duration,H2D,D2H,D2D,Throughput
1.209332,0.000142,1,0,0,10.47386
1.209862,0.017647,1,0,0,8.359611
1.227516,0.000201,0,0,0,0
1.227718,0.000198,0,0,0,0
1.227916,0.000198,0,0,0,0
1.228115,6.1e-05,0,0,0,0
1.228178,0.000126,0,1,0,11.855015
