start,duration,threads_x,threads_y,threads_z
0.775689,7.6e-05,237056.0,1.0,1.0
0.775766,7.4e-05,237056.0,1.0,1.0
0.775841,7.4e-05,237056.0,1.0,1.0
0.775915,7.4e-05,237056.0,1.0,1.0
0.77599,7.1e-05,237056.0,1.0,1.0
