start,duration,threads_x,threads_y,threads_z
1.678176,0.000106,355584.0,1.0,1.0
1.678283,0.000106,355584.0,1.0,1.0
1.67839,0.000106,355584.0,1.0,1.0
1.678497,0.000106,355584.0,1.0,1.0
1.678604,0.000107,355584.0,1.0,1.0
1.678712,0.000106,355584.0,1.0,1.0
1.678819,0.000104,355584.0,1.0,1.0
1.678924,0.000103,355584.0,1.0,1.0
1.679028,0.000104,355584.0,1.0,1.0
1.679133,9.9e-05,355584.0,1.0,1.0
