start,duration,H2D,D2H,D2D,Throughput
2.330364,0.000165,1,0,0,9.033306
2.331087,0.037591,1,0,0,7.888431
2.368702,0.0002,0,0,0,0
2.368903,0.000198,0,0,0,0
2.369102,0.000198,0,0,0,0
2.369301,0.000198,0,0,0,0
2.3695,0.000197,0,0,0,0
2.369698,0.000198,0,0,0,0
2.369898,0.000119,0,0,0,0
2.370018,0.000126,0,1,0,11.804022
