start,duration,threads_x,threads_y,threads_z
1.236417,7.9e-05,237056.0,1.0,1.0
1.236497,7.5e-05,237056.0,1.0,1.0
1.236573,7.3e-05,237056.0,1.0,1.0
1.236647,7.4e-05,237056.0,1.0,1.0
1.236722,7.3e-05,237056.0,1.0,1.0
1.236796,7.2e-05,237056.0,1.0,1.0
1.23687,7.4e-05,237056.0,1.0,1.0
1.236945,7.5e-05,237056.0,1.0,1.0
1.237021,7.6e-05,237056.0,1.0,1.0
1.237098,6.9e-05,237056.0,1.0,1.0
