start,duration,H2D,D2H,D2D,Throughput
0.545619,3.7e-05,1,0,0,10.194265
0.545961,0.004434,1,0,0,8.317995
0.550402,4.3e-05,0,0,0,0
0.550446,4.1e-05,0,0,0,0
0.550488,4.2e-05,0,0,0,0
0.550531,4.1e-05,0,0,0,0
0.550573,3.9e-05,0,0,0,0
0.550613,3.2e-05,0,1,0,11.771013
