start,duration,threads_x,threads_y,threads_z
0.787409,4.8e-05,118528.0,1.0,1.0
0.787458,4.4e-05,118528.0,1.0,1.0
0.787504,4.4e-05,118528.0,1.0,1.0
0.787549,4.4e-05,118528.0,1.0,1.0
0.787594,4.4e-05,118528.0,1.0,1.0
0.787639,4.5e-05,118528.0,1.0,1.0
0.787686,4.5e-05,118528.0,1.0,1.0
0.787731,4.4e-05,118528.0,1.0,1.0
0.787776,4.5e-05,118528.0,1.0,1.0
0.787823,4.2e-05,118528.0,1.0,1.0
