start,duration,direction,throughput
0.545619,3.7e-05,0,10.194265
0.545961,0.004434,0,8.317995
0.550613,3.2e-05,1,11.771013
