start,duration,threads_x,threads_y,threads_z
1.23068,0.000138,474112.0,1.0,1.0
1.230819,0.000136,474112.0,1.0,1.0
1.230956,0.000135,474112.0,1.0,1.0
1.231093,0.000136,474112.0,1.0,1.0
1.23123,0.000127,474112.0,1.0,1.0
