start,duration,direction,throughput
2.330364,0.000165,0,9.033306
2.331087,0.037591,0,7.888431
2.370018,0.000126,1,11.804022
