start,duration,H2D,D2H,D2D,Throughput
1.217952,7.1e-05,1,0,0,10.530707
1.218397,0.01801,1,0,0,8.232667
1.236417,7.9e-05,0,0,0,0
1.236497,7.5e-05,0,0,0,0
1.236573,7.3e-05,0,0,0,0
1.236647,7.4e-05,0,0,0,0
1.236722,7.3e-05,0,0,0,0
1.236796,7.2e-05,0,0,0,0
1.23687,7.4e-05,0,0,0,0
1.236945,7.5e-05,0,0,0,0
1.237021,7.6e-05,0,0,0,0
1.237098,6.9e-05,0,0,0,0
1.237174,6.3e-05,0,1,0,11.777153
