start,duration,direction,throughput
0.778143,3.7e-05,0,10.176164
0.77853,0.008871,0,8.356934
0.787867,3.2e-05,1,11.5721
