start,duration,H2D,D2H,D2D,Throughput
0.778143,3.7e-05,1,0,0,10.176164
0.77853,0.008871,1,0,0,8.356934
0.787409,4.8e-05,0,0,0,0
0.787458,4.4e-05,0,0,0,0
0.787504,4.4e-05,0,0,0,0
0.787549,4.4e-05,0,0,0,0
0.787594,4.4e-05,0,0,0,0
0.787639,4.5e-05,0,0,0,0
0.787686,4.5e-05,0,0,0,0
0.787731,4.4e-05,0,0,0,0
0.787776,4.5e-05,0,0,0,0
0.787823,4.2e-05,0,0,0,0
0.787867,3.2e-05,0,1,0,11.5721
