start,duration,threads_x,threads_y,threads_z
1.227516,0.000201,522496.0,1.0,1.0
1.227718,0.000198,522496.0,1.0,1.0
1.227916,0.000198,522496.0,1.0,1.0
1.228115,6.1e-05,522496.0,1.0,1.0
