start,duration,H2D,D2H,D2D,Throughput
0.426255,2e-06,0,0,0,0
0.426305,7e-06,0,1,0,9.258974
