start,duration,direction,throughput
0.33952,2e-06,0,0.230354
0.343313,0.01155,1,2.536506
0.35854,0.004101,1,7.14359
