start,duration,direction,throughput
0.328491,2e-06,0,0.212287
0.330823,0.006442,1,2.728682
0.339815,0.0023,1,7.641889
