start,duration,direction,throughput
0.327209,2e-06,0,0.193333
0.340222,0.03595,1,2.607766
0.386995,0.012461,1,7.523383
