start,duration,direction,throughput
0.326898,2e-06,0,0.193441
0.352754,0.065256,1,2.873317
0.438807,0.01561,1,12.01126
