start,duration,direction,throughput
0.328014,2e-06,0,0.230354
0.331388,0.008865,1,2.643815
0.343613,0.003169,1,7.396706
