start,duration,direction,throughput
0.324076,2e-06,0,0.189941
0.370525,0.130747,1,2.868136
0.538119,0.031221,1,12.011147
