start,duration,direction,throughput
0.324914,2e-06,0,0.212287
0.36362,0.09744,1,2.886383
0.491853,0.023457,1,11.990198
