start,duration,direction,throughput
0.327373,2e-06,0,0.204276
0.332362,0.011755,1,2.990819
0.348616,0.002927,1,12.010981
