start,duration,direction,throughput
0.343844,2e-06,0,0.230354
0.345628,0.004673,1,2.507951
0.352163,0.00098,1,11.961118
