start,duration,direction,throughput
0.337581,2e-06,0,0.193333
0.344162,0.016801,1,2.78999
0.366794,0.003916,1,11.970541
