start,duration,direction,throughput
0.329665,0.00057,0,7.620433
1.010506,0.001412,1,3.076943
