start,duration,direction,throughput
0.331816,9.1e-05,0,10.72309
0.603408,8.1e-05,1,11.991337
