start,duration,direction,throughput
0.370352,0.000589,0,7.372995
1.125221,0.0021,1,2.069411
