start,duration,direction,throughput
0.471224,0.000543,0,7.194652
1.349745,0.001152,1,3.390412
