start,duration,direction,throughput
0.325726,9.2e-05,0,10.644545
0.590907,8.1e-05,1,12.048146
