start,duration,direction,throughput
0.33115,0.001101,0,7.017701
1.582405,0.003174,1,2.433388
