start,duration,direction,throughput
0.361967,9.2e-05,0,10.55983
0.664711,9.8e-05,1,10.005866
