start,duration,direction,throughput
0.329444,0.001112,0,6.943818
1.483656,0.002316,1,3.335016
