start,duration,direction,throughput
0.330328,9.2e-05,0,10.578131
0.609436,8.2e-05,1,11.911768
