start,duration,direction,throughput
0.329625,0.000571,0,7.605494
1.014237,0.001599,1,2.71827
