start,duration,direction,throughput
0.330634,0.000562,0,7.727551
0.992435,0.001948,1,2.230172
