start,duration,direction,throughput
0.330078,9.2e-05,0,10.58547
0.595338,8e-05,1,12.139203
