start,duration,direction,throughput
0.326108,0.001102,0,7.007718
1.314598,0.002921,1,2.644832
