start,duration,direction,throughput
0.32736,0.00053,0,7.365697
0.957249,0.001754,1,2.22714
