start,duration,direction,throughput
1.061446,0.014004,0,7.980766
1.075466,1e-06,0,0.372529
1.108328,2e-06,1,0.001687
