start,duration,direction,throughput
1.386045,0.022105,0,8.426224
1.408167,2e-06,0,0.266092
1.460674,3e-06,1,0.001279
