start,duration,direction,throughput
0.826741,0.011766,0,6.332193
0.838524,1e-06,0,0.372529
0.861808,2e-06,1,0.001687
