start,duration,direction,throughput
0.864465,0.01111,0,8.382591
0.87559,2e-06,0,0.255657
0.90404,2e-06,1,0.001512
