start,duration,direction,throughput
1.299093,0.018753,0,7.945993
1.317861,1e-06,0,0.372529
1.360876,3e-06,1,0.001403
