start,duration,direction,throughput
0.742724,0.007894,0,7.917002
0.750633,2e-06,0,0.266092
0.770927,2e-06,1,0.002117
