start,duration,direction,throughput
1.410595,0.022666,0,8.415022
1.433275,1e-06,0,0.372529
1.486391,3e-06,1,0.001403
