start,duration,direction,throughput
1.088167,0.015471,0,8.427937
1.103652,1e-06,0,0.372529
1.141862,3e-06,1,0.001403
