start,duration,direction,throughput
1.192761,0.015965,0,7.829756
1.208742,2e-06,0,0.266092
1.245057,2e-06,1,0.001712
