start,duration,threads_x,threads_y,threads_z
0.326501,0.000327,2684.0,36.0,1.0
0.326855,3.2e-05,352.0,36.0,1.0
0.326889,2e-05,352.0,9.0,1.0
