start,duration,direction,throughput
0.326172,9e-06,0,5.52515
0.326911,0.003224,1,2.570416
