start,duration,H2D,D2H,D2D,Throughput
0.326172,9e-06,1,0,0,5.52515
0.326202,7e-06,0,0,0,0
0.326415,1e-06,0,0,0,0
0.326501,0.000327,0,0,0,0
0.326855,3.2e-05,0,0,0,0
0.326889,2e-05,0,0,0,0
0.326911,0.003224,0,1,0,2.570416
