start,duration,direction,throughput
1.501489,0.014931,0,8.371586
1.516541,0.014673,0,8.519105
1.531997,5e-06,1,6.577064
