start,duration,direction,throughput
0.90935,0.00758,0,8.245624
0.917046,0.007222,0,8.654123
0.924707,3e-06,1,5.239969
