start,duration,direction,throughput
1.187573,0.010773,0,8.498083
1.198463,0.010529,0,8.695406
1.209596,4e-06,1,5.971611
