start,duration,H2D,D2H,D2D,Throughput
0.90935,0.00758,1,0,0,8.245624
0.917046,0.007222,1,0,0,8.654123
0.924333,0.000344,0,0,0,0
0.924707,3e-06,0,1,0,5.239969
