start,duration,H2D,D2H,D2D,Throughput
1.501489,0.014931,1,0,0,8.371586
1.516541,0.014673,1,0,0,8.519105
1.531277,0.000689,0,0,0,0
1.531997,5e-06,0,1,0,6.577064
