start,duration,H2D,D2H,D2D,Throughput
0.400361,0.00074,1,0,0,10.552513
0.401178,0.000737,1,0,0,10.594183
0.401965,5.3e-05,0,0,0,0
0.402039,2e-06,0,1,0,0.889622
