start,duration,H2D,D2H,D2D,Throughput
1.044001,0.009108,1,0,0,8.376483
1.053227,0.008857,1,0,0,8.613587
1.062154,0.000426,0,0,0,0
1.06261,4e-06,0,1,0,4.8914
