start,duration,direction,throughput
1.510923,0.013781,0,7.936548
1.524836,0.013646,0,8.015199
1.539177,4e-06,1,6.046848
