start,duration,direction,throughput
0.620087,0.003586,0,8.7156
0.623796,0.003743,0,8.3495
0.627809,2e-06,1,3.178914
