start,duration,direction,throughput
1.044001,0.009108,0,8.376483
1.053227,0.008857,0,8.613587
1.06261,4e-06,1,4.8914
