start,duration,direction,throughput
0.474911,0.001449,0,10.781818
0.476461,0.001476,0,10.588002
0.478111,2e-06,1,1.727671
