start,duration,H2D,D2H,D2D,Throughput
1.187573,0.010773,1,0,0,8.498083
1.198463,0.010529,1,0,0,8.695406
1.209059,0.000508,0,0,0,0
1.209596,4e-06,0,1,0,5.971611
