start,duration,H2D,D2H,D2D,Throughput
1.217023,0.011438,1,0,0,8.196569
1.228577,0.011087,1,0,0,8.455607
1.239727,0.000522,0,0,0,0
1.240281,4e-06,0,1,0,6.113297
