start,duration,H2D,D2H,D2D,Throughput
0.474911,0.001449,1,0,0,10.781818
0.476461,0.001476,1,0,0,10.588002
0.477993,9.7e-05,0,0,0,0
0.478111,2e-06,0,1,0,1.727671
