start,duration,direction,throughput
0.400361,0.00074,0,10.552513
0.401178,0.000737,0,10.594183
0.402039,2e-06,1,0.889622
