start,duration,direction,throughput
2.660413,0.029536,0,8.412655
2.690266,0.02898,0,8.574133
2.720818,9e-06,1,7.126718
