start,duration,H2D,D2H,D2D,Throughput
1.510923,0.013781,1,0,0,7.936548
1.524836,0.013646,1,0,0,8.015199
1.538549,0.000595,0,0,0,0
1.539177,4e-06,0,1,0,6.046848
