start,duration,direction,throughput
1.217023,0.011438,0,8.196569
1.228577,0.011087,0,8.455607
1.240281,4e-06,1,6.113297
