start,duration,H2D,D2H,D2D,Throughput
0.620087,0.003586,1,0,0,8.7156
0.623796,0.003743,1,0,0,8.3495
0.627604,0.000178,0,0,0,0
0.627809,2e-06,0,1,0,3.178914
