start,duration,direction,throughput
0.37599,0.00052,0,8.811366
0.376634,0.002196,0,8.328682
0.378953,0.002196,0,8.330862
0.390667,3e-06,1,0.001323
0.394573,2e-06,1,0.002156
0.394588,0.000562,1,8.141393
