start,duration,H2D,D2H,D2D,Throughput
0.332439,0.000528,1,0,0,7.388373
0.333121,0.000541,1,0,0,7.210162
0.333674,0.000513,0,0,0,0
0.334188,0.000333,0,1,0,11.717195
