start,duration,direction,throughput
0.428467,0.000424,0,8.932473
0.429014,0.000415,0,9.114925
0.42995,0.000321,1,11.797395
