start,duration,direction,throughput
0.332439,0.000528,0,7.388373
0.333121,0.000541,0,7.210162
0.334188,0.000333,1,11.717195
