start,duration,H2D,D2H,D2D,Throughput
0.428467,0.000424,1,0,0,8.932473
0.429014,0.000415,1,0,0,9.114925
0.429509,0.000439,0,0,0,0
0.42995,0.000321,0,1,0,11.797395
