start,duration,threads_x,threads_y,threads_z
0.335441,5e-06,65536.0,1.0,1.0
0.335451,2e-06,256.0,1.0,1.0
0.335459,3e-06,65280.0,1.0,1.0
0.340154,3.4e-05,129600.0,1.0,1.0
0.341824,0.00014,1920.0,8.0,1.0
