start,duration,threads_x,threads_y,threads_z
0.333993,1e-05,199936.0,1.0,1.0
0.334005,2e-06,1024.0,1.0,1.0
0.334013,5e-06,199680.0,1.0,1.0
0.339533,3.4e-05,129600.0,1.0,1.0
0.341346,0.000136,1920.0,8.0,1.0
