start,duration,threads_x,threads_y,threads_z
0.335389,1.9e-05,399872.0,1.0,1.0
0.335409,3e-06,1792.0,1.0,1.0
0.335414,8e-06,399616.0,1.0,1.0
0.34094,3.3e-05,129600.0,1.0,1.0
0.342587,0.000138,1920.0,8.0,1.0
