start,duration,H2D,D2H,D2D,Throughput
0.329379,3e-06,0,0,0,0
0.330474,0.000226,1,0,0,11.518225
0.33075,2.9e-05,0,0,0,0
0.33078,2e-06,0,0,0,0
0.330784,1.1e-05,0,0,0,0
0.330841,0.000213,0,1,0,12.25436
0.331066,2e-06,0,1,0,5.13354
0.336838,1e-06,0,0,0,0
0.336864,1e-06,0,0,0,0
0.336892,3.3e-05,0,0,0,0
0.336947,0.000634,0,1,0,12.178443
0.338179,0.000137,0,0,0,0
0.338335,0.000634,0,1,0,12.185205
