start,duration,threads_x,threads_y,threads_z
0.331811,2.1e-05,499968.0,1.0,1.0
0.331833,2e-06,2048.0,1.0,1.0
0.331837,8e-06,499712.0,1.0,1.0
0.337963,3.3e-05,129600.0,1.0,1.0
0.339701,0.000135,1920.0,8.0,1.0
