start,duration,H2D,D2H,D2D,Throughput
0.336389,2e-06,0,0,0,0
0.337408,0.000181,1,0,0,10.787527
0.337638,2.5e-05,0,0,0,0
0.337664,2e-06,0,0,0,0
0.337668,9e-06,0,0,0,0
0.337695,0.00016,0,1,0,12.238929
0.337869,2e-06,0,1,0,4.040993
0.343243,2e-06,0,0,0,0
0.343269,1e-06,0,0,0,0
0.343296,3.4e-05,0,0,0,0
0.343354,0.000634,0,1,0,12.191975
0.344964,0.000138,0,0,0,0
0.34512,0.000632,0,1,0,12.220984
