start,duration,direction,throughput
0.334928,0.000208,0,10.761033
0.335246,0.000196,1,11.417115
0.335456,2e-06,1,4.546018
0.341414,0.000634,1,12.179672
0.34333,0.000634,1,12.185205
