start,duration,direction,throughput
0.33159,0.000173,0,10.745492
0.331864,0.000166,1,11.241476
0.332044,2e-06,1,3.919985
0.338023,0.000642,1,12.035151
0.339855,0.00066,1,11.711673
