start,duration,direction,throughput
0.335163,3.5e-05,0,10.749337
0.335283,3.2e-05,1,11.806828
0.335327,2e-06,1,0.890235
0.340616,0.000635,1,12.171631
0.342035,0.000634,1,12.1747
