start,duration,H2D,D2H,D2D,Throughput
0.333884,2e-06,0,0,0,0
0.334928,0.000208,1,0,0,10.761033
0.335185,2.6e-05,0,0,0,0
0.335212,2e-06,0,0,0,0
0.335216,1e-05,0,0,0,0
0.335246,0.000196,0,1,0,11.417115
0.335456,2e-06,0,1,0,4.546018
0.34129,1e-06,0,0,0,0
0.341316,1e-06,0,0,0,0
0.341343,3.3e-05,0,0,0,0
0.341414,0.000634,0,1,0,12.179672
0.343174,0.000137,0,0,0,0
0.34333,0.000634,0,1,0,12.185205
