start,duration,threads_x,threads_y,threads_z
0.335185,2.6e-05,599808.0,1.0,1.0
0.335212,2e-06,2560.0,1.0,1.0
0.335216,1e-05,599552.0,1.0,1.0
0.341343,3.3e-05,129600.0,1.0,1.0
0.343174,0.000137,1920.0,8.0,1.0
