start,duration,H2D,D2H,D2D,Throughput
0.334177,2e-06,0,0,0,0
0.335201,0.000139,1,0,0,10.695176
0.335389,1.9e-05,0,0,0,0
0.335409,3e-06,0,0,0,0
0.335414,8e-06,0,0,0,0
0.33544,0.000122,0,1,0,12.215769
0.335575,2e-06,0,1,0,3.247156
0.340886,1e-06,0,0,0,0
0.340913,1e-06,0,0,0,0
0.34094,3.3e-05,0,0,0,0
0.340996,0.000632,0,1,0,12.229652
0.342587,0.000138,0,0,0,0
0.342746,0.000631,0,1,0,12.241435
