start,duration,direction,throughput
0.330474,0.000226,0,11.518225
0.330841,0.000213,1,12.25436
0.331066,2e-06,1,5.13354
0.336947,0.000634,1,12.178443
0.338335,0.000634,1,12.185205
