start,duration,direction,throughput
0.335189,0.000275,0,10.84332
0.335585,0.000244,1,12.199767
0.335842,2e-06,1,4.786814
0.341834,0.000635,1,12.159407
0.343692,0.000635,1,12.171688
