start,duration,threads_x,threads_y,threads_z
0.332689,1.4e-05,262144.0,1.0,1.0
0.332704,2e-06,1024.0,1.0,1.0
0.332708,6e-06,261888.0,1.0,1.0
0.338043,3.4e-05,129600.0,1.0,1.0
0.339357,0.000139,1920.0,8.0,1.0
