start,duration,direction,throughput
0.334459,0.000104,0,10.775974
0.334655,9.2e-05,1,12.194342
0.334759,2e-06,1,2.524488
0.34057,0.000636,1,12.148412
0.342354,0.000634,1,12.180901
