start,duration,threads_x,threads_y,threads_z
0.33075,2.9e-05,699904.0,1.0,1.0
0.33078,2e-06,2816.0,1.0,1.0
0.330784,1.1e-05,699648.0,1.0,1.0
0.336892,3.3e-05,129600.0,1.0,1.0
0.338179,0.000137,1920.0,8.0,1.0
