start,duration,threads_x,threads_y,threads_z
0.334611,1.4e-05,299776.0,1.0,1.0
0.334627,2e-06,1280.0,1.0,1.0
0.334631,6e-06,299520.0,1.0,1.0
0.340512,3.3e-05,129600.0,1.0,1.0
0.342199,0.000136,1920.0,8.0,1.0
