start,duration,threads_x,threads_y,threads_z
0.337638,2.5e-05,524288.0,1.0,1.0
0.337664,2e-06,2048.0,1.0,1.0
0.337668,9e-06,524032.0,1.0,1.0
0.343296,3.4e-05,129600.0,1.0,1.0
0.344964,0.000138,1920.0,8.0,1.0
