start,duration,threads_x,threads_y,threads_z
0.335245,6e-06,99840.0,1.0,1.0
0.335256,3e-06,512.0,1.0,1.0
0.335263,4e-06,99584.0,1.0,1.0
0.34056,3.3e-05,129600.0,1.0,1.0
0.341879,0.000138,1920.0,8.0,1.0
