start,duration,H2D,D2H,D2D,Throughput
0.334146,3e-06,0,0,0,0
0.335189,0.000275,1,0,0,10.84332
0.335512,3.3e-05,0,0,0,0
0.335546,3e-06,0,0,0,0
0.33555,1.6e-05,0,0,0,0
0.335585,0.000244,0,1,0,12.199767
0.335842,2e-06,0,1,0,4.786814
0.341726,1e-06,0,0,0,0
0.341752,1e-06,0,0,0,0
0.341779,3.3e-05,0,0,0,0
0.341834,0.000635,0,1,0,12.159407
0.34354,0.000134,0,0,0,0
0.343692,0.000635,0,1,0,12.171688
