start,duration,H2D,D2H,D2D,Throughput
0.330682,2e-06,0,0,0,0
0.331701,4.5e-05,1,0,0,10.930609
0.331794,7e-06,0,0,0,0
0.331804,2e-06,0,0,0,0
0.331811,4e-06,0,0,0,0
0.331833,4.1e-05,0,1,0,11.949227
0.331884,2e-06,0,1,0,1.192093
0.336388,1e-06,0,0,0,0
0.336414,1e-06,0,0,0,0
0.336441,3.3e-05,0,0,0,0
0.336497,0.000634,0,1,0,12.179057
0.337724,0.000135,0,0,0,0
0.337876,0.000633,0,1,0,12.206154
