start,duration,H2D,D2H,D2D,Throughput
0.334136,2e-06,0,0,0,0
0.335163,3.5e-05,1,0,0,10.749337
0.335245,6e-06,0,0,0,0
0.335256,3e-06,0,0,0,0
0.335263,4e-06,0,0,0,0
0.335283,3.2e-05,0,1,0,11.806828
0.335327,2e-06,0,1,0,0.890235
0.340507,1e-06,0,0,0,0
0.340533,1e-06,0,0,0,0
0.34056,3.3e-05,0,0,0,0
0.340616,0.000635,0,1,0,12.171631
0.341879,0.000138,0,0,0,0
0.342035,0.000634,0,1,0,12.1747
