start,duration,direction,throughput
0.332555,8.7e-05,0,11.269546
0.332731,8.1e-05,1,12.115108
0.332823,2e-06,1,2.207579
0.338105,0.000634,1,12.1766
0.339513,0.000634,1,12.18213
