start,duration,H2D,D2H,D2D,Throughput
0.333397,3e-06,0,0,0,0
0.334459,0.000104,1,0,0,10.775974
0.334611,1.4e-05,0,0,0,0
0.334627,2e-06,0,0,0,0
0.334631,6e-06,0,0,0,0
0.334655,9.2e-05,0,1,0,12.194342
0.334759,2e-06,0,1,0,2.524488
0.340459,1e-06,0,0,0,0
0.340485,1e-06,0,0,0,0
0.340512,3.3e-05,0,0,0,0
0.34057,0.000636,0,1,0,12.148412
0.342199,0.000136,0,0,0,0
0.342354,0.000634,0,1,0,12.180901
