start,duration,direction,throughput
0.33537,2.5e-05,0,9.768751
0.335486,2.1e-05,1,11.438373
0.335518,2e-06,1,0.608211
0.340211,0.000633,1,12.198116
0.341982,0.000633,1,12.195035
