start,duration,H2D,D2H,D2D,Throughput
0.334344,2e-06,0,0,0,0
0.33537,2.5e-05,1,0,0,9.768751
0.335441,5e-06,0,0,0,0
0.335451,2e-06,0,0,0,0
0.335459,3e-06,0,0,0,0
0.335486,2.1e-05,0,1,0,11.438373
0.335518,2e-06,0,1,0,0.608211
0.3401,2e-06,0,0,0,0
0.340127,1e-06,0,0,0,0
0.340154,3.4e-05,0,0,0,0
0.340211,0.000633,0,1,0,12.198116
0.341824,0.00014,0,0,0,0
0.341982,0.000633,0,1,0,12.195035
