start,duration,H2D,D2H,D2D,Throughput
0.332826,2e-06,0,0,0,0
0.333876,7.1e-05,1,0,0,10.540242
0.333993,1e-05,0,0,0,0
0.334005,2e-06,0,0,0,0
0.334013,5e-06,0,0,0,0
0.334035,6.2e-05,0,1,0,12.101581
0.334108,2e-06,0,1,0,1.748469
0.339479,1e-06,0,0,0,0
0.339506,1e-06,0,0,0,0
0.339533,3.4e-05,0,0,0,0
0.339591,0.000635,0,1,0,12.160632
0.341346,0.000136,0,0,0,0
0.341501,0.000635,0,1,0,12.171055
