start,duration,threads_x,threads_y,threads_z
0.335512,3.3e-05,800000.0,1.0,1.0
0.335546,3e-06,3328.0,1.0,1.0
0.33555,1.6e-05,799744.0,1.0,1.0
0.341779,3.3e-05,129600.0,1.0,1.0
0.34354,0.000134,1920.0,8.0,1.0
