start,duration,direction,throughput
0.335201,0.000139,0,10.695176
0.33544,0.000122,1,12.215769
0.335575,2e-06,1,3.247156
0.340996,0.000632,1,12.229652
0.342746,0.000631,1,12.241435
