start,duration,direction,throughput
0.337408,0.000181,0,10.787527
0.337695,0.00016,1,12.238929
0.337869,2e-06,1,4.040993
0.343354,0.000634,1,12.191975
0.34512,0.000632,1,12.220984
