start,duration,H2D,D2H,D2D,Throughput
0.331539,2e-06,0,0,0,0
0.332555,8.7e-05,1,0,0,11.269546
0.332689,1.4e-05,0,0,0,0
0.332704,2e-06,0,0,0,0
0.332708,6e-06,0,0,0,0
0.332731,8.1e-05,0,1,0,12.115108
0.332823,2e-06,0,1,0,2.207579
0.337989,1e-06,0,0,0,0
0.338015,1e-06,0,0,0,0
0.338043,3.4e-05,0,0,0,0
0.338105,0.000634,0,1,0,12.1766
0.339357,0.000139,0,0,0,0
0.339513,0.000634,0,1,0,12.18213
