start,duration,threads_x,threads_y,threads_z
0.331794,7e-06,131072.0,1.0,1.0
0.331804,2e-06,512.0,1.0,1.0
0.331811,4e-06,130816.0,1.0,1.0
0.336441,3.3e-05,129600.0,1.0,1.0
0.337724,0.000135,1920.0,8.0,1.0
