start,duration,threads_x,threads_y,threads_z
0.402615,0.001354,107520.0,1.0,1.0
0.403992,0.000114,107520.0,1.0,1.0
0.40413,0.001356,107520.0,1.0,1.0
0.405504,0.000117,107520.0,1.0,1.0
0.405648,0.001355,107520.0,1.0,1.0
0.40702,0.000112,107520.0,1.0,1.0
0.407154,0.001354,107520.0,1.0,1.0
0.408524,0.000117,107520.0,1.0,1.0
0.408666,0.001353,107520.0,1.0,1.0
0.410036,0.000116,107520.0,1.0,1.0
0.410601,0.000107,107520.0,1.0,1.0
