start,duration,threads_x,threads_y,threads_z
0.341802,1.5e-05,107520.0,1.0,1.0
0.341841,7e-06,107520.0,1.0,1.0
0.34187,1.3e-05,107520.0,1.0,1.0
0.341898,6e-06,107520.0,1.0,1.0
0.341929,1.3e-05,107520.0,1.0,1.0
0.341956,6e-06,107520.0,1.0,1.0
0.341987,1.3e-05,107520.0,1.0,1.0
0.342013,6e-06,107520.0,1.0,1.0
0.342043,1.3e-05,107520.0,1.0,1.0
0.34207,6e-06,107520.0,1.0,1.0
0.342098,1.3e-05,107520.0,1.0,1.0
0.342125,6e-06,107520.0,1.0,1.0
0.342577,1.8e-05,107520.0,1.0,1.0
