start,duration,direction,throughput
0.34721,4e-06,0,4.502742
0.347225,4e-06,0,4.54224
0.347238,2e-06,0,2.453345
0.347249,2e-06,0,2.499635
0.347257,1e-06,0,0.067027
0.347266,1e-06,0,0.123263
0.347683,2e-06,1,2.703686
