start,duration,direction,throughput
59.860761,0.048686,0,10.269854
59.909531,0.00269,2,185.894821
60.278557,0.200492,1,2.49386
