start,duration,direction,throughput
1.320705,0.001114,0,7.012796
1.321826,4.6e-05,2,168.959104
1.330584,0.003033,1,2.575435
