start,duration,H2D,D2H,D2D,Throughput
0.459934,0.029258,1,0,0,8.5446
0.489314,0.029236,1,0,0,8.551231
0.519436,0.002156,0,0,0,0
0.519569,0.000847,0,0,0,0
0.520422,0.000959,0,0,0,0
0.521593,0.000717,0,0,0,0
0.522338,0.086602,0,1,0,2.886766
0.610098,0.086485,0,1,0,2.890677
