start,duration,direction,throughput
0.708985,0.029527,0,8.466886
0.73863,0.029331,0,8.52353
0.772149,0.183619,1,1.361513
0.956975,0.169313,1,1.476558
