start,duration,threads_x,threads_y,threads_z
0.52517,0.002154,524288.0,1.0,1.0
0.525304,0.000843,524288.0,1.0,1.0
0.52615,0.000875,524288.0,1.0,1.0
0.527325,0.000722,524288.0,1.0,1.0
