start,duration,threads_x,threads_y,threads_z
0.555325,0.002147,524288.0,1.0,1.0
0.555456,0.000849,524288.0,1.0,1.0
0.55631,0.000966,524288.0,1.0,1.0
0.557472,0.000721,524288.0,1.0,1.0
