start,duration,threads_x,threads_y,threads_z
0.519436,0.002156,524288.0,1.0,1.0
0.519569,0.000847,524288.0,1.0,1.0
0.520422,0.000959,524288.0,1.0,1.0
0.521593,0.000717,524288.0,1.0,1.0
