start,duration,threads_x,threads_y,threads_z
0.524951,0.00215,524288.0,1.0,1.0
0.525081,0.000853,524288.0,1.0,1.0
0.525937,0.000958,524288.0,1.0,1.0
0.527102,0.000721,524288.0,1.0,1.0
