start,duration,direction,throughput
0.568017,0.03577,0,6.98918
0.603925,0.035583,0,7.025899
0.6439,0.158106,1,1.581219
0.803207,0.15892,1,1.573114
