start,duration,direction,throughput
0.462615,0.029482,0,8.47981
0.492218,0.029847,0,8.375987
0.525825,0.08872,1,2.817865
0.615686,0.088578,1,2.822386
