start,duration,threads_x,threads_y,threads_z
0.528054,0.00216,524288.0,1.0,1.0
0.528187,0.000847,524288.0,1.0,1.0
0.529038,0.000967,524288.0,1.0,1.0
0.530215,0.000716,524288.0,1.0,1.0
