start,duration,direction,throughput
0.461379,0.02956,0,8.457302
0.491061,0.029265,0,8.542592
0.524097,0.086567,1,2.887939
0.611808,0.08649,1,2.890498
