start,duration,H2D,D2H,D2D,Throughput
0.464778,0.029796,1,0,0,8.390407
0.494693,0.029356,1,0,0,8.51623
0.524951,0.00215,0,0,0,0
0.525081,0.000853,0,0,0,0
0.525937,0.000958,0,0,0,0
0.527102,0.000721,0,0,0,0
0.527853,0.086912,0,1,0,2.876456
0.615875,0.086773,0,1,0,2.881083
