start,duration,threads_x,threads_y,threads_z
0.522918,0.002152,524288.0,1.0,1.0
0.52305,0.000843,524288.0,1.0,1.0
0.523897,0.000936,524288.0,1.0,1.0
0.525071,0.000725,524288.0,1.0,1.0
