start,duration,direction,throughput
0.465193,0.029646,0,8.432893
0.494961,0.029332,0,8.523237
0.528074,0.09981,1,2.504749
0.629064,0.099905,1,2.502369
