start,duration,threads_x,threads_y,threads_z
0.768905,0.002497,524288.0,1.0,1.0
0.76904,0.000845,524288.0,1.0,1.0
0.769891,0.000971,524288.0,1.0,1.0
0.771404,0.000717,524288.0,1.0,1.0
