start,duration,direction,throughput
0.480389,0.041188,0,6.069767
0.521716,0.032606,0,7.667417
0.55822,0.100236,1,2.494117
0.659735,0.100244,1,2.493906
