start,duration,threads_x,threads_y,threads_z
0.541249,0.002149,524288.0,1.0,1.0
0.541383,0.000844,524288.0,1.0,1.0
0.542234,0.000964,524288.0,1.0,1.0
0.543398,0.000717,524288.0,1.0,1.0
