start,duration,H2D,D2H,D2D,Throughput
0.461402,0.029301,1,0,0,8.532189
0.490822,0.029141,1,0,0,8.578875
0.520888,0.002157,0,0,0,0
0.521018,0.000844,0,0,0,0
0.521868,0.000919,0,0,0,0
0.523046,0.000721,0,0,0,0
0.523793,0.097712,0,1,0,2.558547
0.622674,0.09759,0,1,0,2.561735
