start,duration,direction,throughput
0.467556,0.029943,0,8.349197
0.497619,0.029543,0,8.462212
0.530958,0.100173,1,2.495693
0.632331,0.099868,1,2.503307
