start,duration,threads_x,threads_y,threads_z
0.520888,0.002157,524288.0,1.0,1.0
0.521018,0.000844,524288.0,1.0,1.0
0.521868,0.000919,524288.0,1.0,1.0
0.523046,0.000721,524288.0,1.0,1.0
