start,duration,direction,throughput
0.464778,0.029796,0,8.390407
0.494693,0.029356,0,8.51623
0.527853,0.086912,1,2.876456
0.615875,0.086773,1,2.881083
