start,duration,threads_x,threads_y,threads_z
0.640466,0.002689,524288.0,1.0,1.0
0.640606,0.000845,524288.0,1.0,1.0
0.641457,0.000974,524288.0,1.0,1.0
0.643157,0.000715,524288.0,1.0,1.0
