start,duration,H2D,D2H,D2D,Throughput
0.568017,0.03577,1,0,0,6.98918
0.603925,0.035583,1,0,0,7.025899
0.640466,0.002689,0,0,0,0
0.640606,0.000845,0,0,0,0
0.641457,0.000974,0,0,0,0
0.643157,0.000715,0,0,0,0
0.6439,0.158106,0,1,0,1.581219
0.803207,0.15892,0,1,0,1.573114
