start,duration,H2D,D2H,D2D,Throughput
0.462615,0.029482,1,0,0,8.47981
0.492218,0.029847,1,0,0,8.375987
0.522918,0.002152,0,0,0,0
0.52305,0.000843,0,0,0,0
0.523897,0.000936,0,0,0,0
0.525071,0.000725,0,0,0,0
0.525825,0.08872,0,1,0,2.817865
0.615686,0.088578,0,1,0,2.822386
