start,duration,H2D,D2H,D2D,Throughput
0.467556,0.029943,1,0,0,8.349197
0.497619,0.029543,1,0,0,8.462212
0.528054,0.00216,0,0,0,0
0.528187,0.000847,0,0,0,0
0.529038,0.000967,0,0,0,0
0.530215,0.000716,0,0,0,0
0.530958,0.100173,0,1,0,2.495693
0.632331,0.099868,0,1,0,2.503307
