start,duration,direction,throughput
0.478055,0.031203,0,8.012087
0.509384,0.030918,0,8.085855
0.544147,0.091514,1,2.731815
0.636936,0.091451,1,2.733702
