start,duration,H2D,D2H,D2D,Throughput
0.480389,0.041188,1,0,0,6.069767
0.521716,0.032606,1,0,0,7.667417
0.555325,0.002147,0,0,0,0
0.555456,0.000849,0,0,0,0
0.55631,0.000966,0,0,0,0
0.557472,0.000721,0,0,0,0
0.55822,0.100236,0,1,0,2.494117
0.659735,0.100244,0,1,0,2.493906
