start,duration,direction,throughput
0.461402,0.029301,0,8.532189
0.490822,0.029141,0,8.578875
0.523793,0.097712,1,2.558547
0.622674,0.09759,1,2.561735
