start,duration,direction,throughput
0.459934,0.029258,0,8.5446
0.489314,0.029236,0,8.551231
0.522338,0.086602,1,2.886766
0.610098,0.086485,1,2.890677
