start,duration,H2D,D2H,D2D,Throughput
0.461379,0.02956,1,0,0,8.457302
0.491061,0.029265,1,0,0,8.542592
0.521194,0.002158,0,0,0,0
0.521322,0.00085,0,0,0,0
0.522177,0.000968,0,0,0,0
0.523353,0.000717,0,0,0,0
0.524097,0.086567,0,1,0,2.887939
0.611808,0.08649,0,1,0,2.890498
