start,duration,threads_x,threads_y,threads_z
0.521194,0.002158,524288.0,1.0,1.0
0.521322,0.00085,524288.0,1.0,1.0
0.522177,0.000968,524288.0,1.0,1.0
0.523353,0.000717,524288.0,1.0,1.0
