start,duration,H2D,D2H,D2D,Throughput
0.478055,0.031203,1,0,0,8.012087
0.509384,0.030918,1,0,0,8.085855
0.541249,0.002149,0,0,0,0
0.541383,0.000844,0,0,0,0
0.542234,0.000964,0,0,0,0
0.543398,0.000717,0,0,0,0
0.544147,0.091514,0,1,0,2.731815
0.636936,0.091451,0,1,0,2.733702
