start,duration,H2D,D2H,D2D,Throughput
0.372251,0.015797,1,0,0,5.895655
0.388218,0.015844,1,0,0,5.878234
0.404228,0.015802,1,0,0,5.893578
0.420108,68.694054,0,0,0,0
69.114452,0.060025,0,1,0,1.551566
