start,duration,direction,throughput
0.329724,0.004039,0,8.30073
0.333885,0.003943,0,8.503855
0.337946,0.003913,0,8.569301
13.78099,0.013284,1,2.524003
