start,duration,H2D,D2H,D2D,Throughput
0.326431,0.008997,1,0,0,6.62525
0.335577,0.00901,1,0,0,6.615533
0.34475,0.009028,1,0,0,6.602026
0.353853,28.548314,0,0,0,0
28.902313,0.021533,0,1,0,2.76804
