start,duration,direction,throughput
0.349819,0.002405,0,6.496033
0.352383,0.002403,0,6.501134
0.354944,0.002425,0,6.442465
3.921401,0.005955,1,2.624015
