start,duration,direction,throughput
0.372251,0.015797,0,5.895655
0.388218,0.015844,0,5.878234
0.404228,0.015802,0,5.893578
69.114452,0.060025,1,1.551566
