start,duration,H2D,D2H,D2D,Throughput
0.407039,0.00045,1,0,0,8.681578
0.407611,0.000443,1,0,0,8.808772
0.408175,0.000453,1,0,0,8.617229
0.408674,0.181131,0,0,0,0
0.589826,0.001796,0,1,0,2.175036
