start,duration,direction,throughput
0.326603,0.007606,0,8.216662
0.33433,0.00726,0,8.608357
0.341712,0.007279,0,8.585993
35.59198,0.022521,1,2.775224
