start,duration,direction,throughput
0.407039,0.00045,0,8.681578
0.407611,0.000443,0,8.808772
0.408175,0.000453,0,8.617229
0.589826,0.001796,1,2.175036
