start,duration,H2D,D2H,D2D,Throughput
0.349819,0.002405,1,0,0,6.496033
0.352383,0.002403,1,0,0,6.501134
0.354944,0.002425,1,0,0,6.442465
0.357438,3.563778,0,0,0,0
3.921401,0.005955,0,1,0,2.624015
