start,duration,H2D,D2H,D2D,Throughput
0.346562,0.059289,1,0,0,6.28327
0.406015,0.059231,1,0,0,6.289391
0.465409,0.059295,1,0,0,6.282592
0.524779,589.272318,0,0,0,0
589.797293,0.135011,0,1,0,2.759248
