start,duration,direction,throughput
0.339621,0.037529,0,6.352951
0.377309,0.037595,0,6.341817
0.415064,0.037575,0,6.345166
294.288716,0.099565,1,2.394611
