start,duration,direction,throughput
0.388351,0.017076,0,7.853764
0.405554,0.01665,0,8.054791
0.422346,0.016727,0,8.017807
122.812409,0.053554,1,2.504216
