start,duration,direction,throughput
0.346562,0.059289,0,6.28327
0.406015,0.059231,0,6.289391
0.465409,0.059295,0,6.282592
589.797293,0.135011,1,2.759248
