start,duration,H2D,D2H,D2D,Throughput
0.327108,0.002178,1,0,0,6.842916
0.329438,0.002175,1,0,0,6.849861
0.331765,0.002182,1,0,0,6.827869
0.334004,2.967577,0,0,0,0
3.301684,0.005455,0,1,0,2.731763
