start,duration,H2D,D2H,D2D,Throughput
0.339621,0.037529,1,0,0,6.352951
0.377309,0.037595,1,0,0,6.341817
0.415064,0.037575,1,0,0,6.345166
0.452713,293.835804,0,0,0,0
294.288716,0.099565,0,1,0,2.394611
