start,duration,direction,throughput
0.326431,0.008997,0,6.62525
0.335577,0.00901,0,6.615533
0.34475,0.009028,0,6.602026
28.902313,0.021533,1,2.76804
