start,duration,direction,throughput
0.327108,0.002178,0,6.842916
0.329438,0.002175,0,6.849861
0.331765,0.002182,0,6.827869
3.301684,0.005455,1,2.731763
