start,duration,H2D,D2H,D2D,Throughput
0.388351,0.017076,1,0,0,7.853764
0.405554,0.01665,1,0,0,8.054791
0.422346,0.016727,1,0,0,8.017807
0.439135,122.37316,0,0,0,0
122.812409,0.053554,0,1,0,2.504216
