start,duration,direction,throughput
0.334044,0.004105,0,8.16794
0.338281,0.003912,0,8.571187
2.846605,0.013483,1,2.486622
