start,duration,H2D,D2H,D2D,Throughput
0.329784,0.000546,1,0,0,7.149577
0.330483,0.000531,1,0,0,7.354159
0.33106,0.034217,0,0,0,0
0.365298,0.000954,0,1,0,4.095954
