start,duration,direction,throughput
0.340524,0.011747,0,7.928506
0.352399,0.011512,0,8.089847
27.002125,0.033941,1,2.743919
