start,duration,H2D,D2H,D2D,Throughput
0.339311,0.001992,1,0,0,7.84284
0.341433,0.001959,1,0,0,7.977898
0.343451,0.462405,0,0,0,0
0.805921,0.005985,0,1,0,2.610674
