start,duration,direction,throughput
0.328404,0.007123,0,8.368013
0.335647,0.007043,0,8.463525
10.93399,0.020781,1,2.86816
