start,duration,H2D,D2H,D2D,Throughput
0.327149,0.015731,1,0,0,8.525356
0.342998,0.015896,1,0,0,8.436884
0.358956,42.668576,0,0,0,0
43.027613,0.052609,0,1,0,2.549208
