start,duration,H2D,D2H,D2D,Throughput
0.341263,0.007989,1,0,0,7.823741
0.349382,0.007915,1,0,0,7.896205
0.357368,11.460643,0,0,0,0
11.818144,0.023002,0,1,0,2.717112
