start,duration,H2D,D2H,D2D,Throughput
0.334044,0.004105,1,0,0,8.16794
0.338281,0.003912,1,0,0,8.571187
0.342251,2.504282,0,0,0,0
2.846605,0.013483,0,1,0,2.486622
