start,duration,direction,throughput
0.345217,0.030797,0,7.74163
0.376163,0.030162,0,7.904556
127.045792,0.098248,1,2.426708
