start,duration,direction,throughput
0.327149,0.015731,0,8.525356
0.342998,0.015896,0,8.436884
43.027613,0.052609,1,2.549208
