start,duration,direction,throughput
0.333224,0.056112,0,6.639081
0.389491,0.056246,0,6.623187
268.014028,0.164862,1,2.259642
