start,duration,H2D,D2H,D2D,Throughput
0.328404,0.007123,1,0,0,8.368013
0.335647,0.007043,1,0,0,8.463525
0.342756,10.591155,0,0,0,0
10.93399,0.020781,0,1,0,2.86816
