start,duration,direction,throughput
0.341263,0.007989,0,7.823741
0.349382,0.007915,0,7.896205
11.818144,0.023002,1,2.717112
