start,duration,direction,throughput
0.329784,0.000546,0,7.149577
0.330483,0.000531,0,7.354159
0.365298,0.000954,1,4.095954
