start,duration,H2D,D2H,D2D,Throughput
0.340524,0.011747,1,0,0,7.928506
0.352399,0.011512,1,0,0,8.089847
0.363982,26.638013,0,0,0,0
27.002125,0.033941,0,1,0,2.743919
