start,duration,direction,throughput
0.32887,0.002223,0,6.704395
0.331255,0.002199,0,6.777383
0.748596,0.006016,1,2.47698
