start,duration,direction,throughput
0.339311,0.001992,0,7.84284
0.341433,0.001959,0,7.977898
0.805921,0.005985,1,2.610674
