start,duration,H2D,D2H,D2D,Throughput
0.32887,0.002223,1,0,0,6.704395
0.331255,0.002199,1,0,0,6.777383
0.333503,0.415068,0,0,0,0
0.748596,0.006016,0,1,0,2.47698
