start,duration,H2D,D2H,D2D,Throughput
0.333224,0.056112,1,0,0,6.639081
0.389491,0.056246,1,0,0,6.623187
0.445813,267.568062,0,0,0,0
268.014028,0.164862,0,1,0,2.259642
