start,duration,direction,throughput
0.336885,2e-06,0,0.045273
0.337049,0.005672,0,8.078072
1.034417,2.6e-05,1,11.46155
