start,duration,direction,throughput
0.328815,2e-06,0,0.052015
0.328976,0.002755,0,6.713447
1.516669,4e-06,1,7.090751
