start,duration,direction,throughput
0.339806,1e-06,0,0.053146
0.33999,0.005705,0,6.450911
2.697867,7e-06,1,9.108789
