start,duration,direction,throughput
0.327529,1e-06,0,0.053146
0.327665,0.010954,0,8.366158
3.055067,2.7e-05,1,11.172939
