start,duration,H2D,D2H,D2D,Throughput
0.328033,2e-06,1,0,0,0.04289
0.328192,0.207404,1,0,0,6.623535
0.535612,196.458596,0,0,0,0
196.994209,7.7e-05,0,1,0,11.682566
