start,duration,direction,throughput
0.328687,2e-06,0,0.052015
0.328845,0.00131,0,7.058813
0.629531,4e-06,1,7.255653
