start,duration,H2D,D2H,D2D,Throughput
0.339806,1e-06,1,0,0,0.053146
0.33999,0.005705,1,0,0,6.450911
0.345703,2.352155,0,0,0,0
2.697867,7e-06,0,1,0,9.108789
