start,duration,direction,throughput
0.34631,2e-06,0,0.045273
0.346456,0.05763,0,7.951158
66.782919,2.6e-05,1,11.37758
