start,duration,H2D,D2H,D2D,Throughput
0.327477,1e-06,1,0,0,0.053146
0.327648,0.013915,1,0,0,6.612299
0.341579,14.647914,0,0,0,0
14.989494,7e-06,0,1,0,8.766675
