start,duration,direction,throughput
0.328033,2e-06,0,0.04289
0.328192,0.207404,0,6.623535
196.994209,7.7e-05,1,11.682566
