start,duration,H2D,D2H,D2D,Throughput
0.328687,2e-06,1,0,0,0.052015
0.328845,0.00131,1,0,0,7.058813
0.33016,0.299365,0,0,0,0
0.629531,4e-06,0,1,0,7.255653
