start,duration,direction,throughput
0.343058,2e-06,0,0.052015
0.343224,0.000651,0,7.10061
0.421457,5e-06,1,6.591403
