start,duration,H2D,D2H,D2D,Throughput
0.328815,2e-06,1,0,0,0.052015
0.328976,0.002755,1,0,0,6.713447
0.331738,1.184929,0,0,0,0
1.516669,4e-06,0,1,0,7.090751
