start,duration,H2D,D2H,D2D,Throughput
0.343058,2e-06,1,0,0,0.052015
0.343224,0.000651,1,0,0,7.10061
0.343886,0.077568,0,0,0,0
0.421457,5e-06,0,1,0,6.591403
