start,duration,H2D,D2H,D2D,Throughput
0.327529,1e-06,1,0,0,0.053146
0.327665,0.010954,1,0,0,8.366158
0.338632,2.716432,0,0,0,0
3.055067,2.7e-05,0,1,0,11.172939
