start,duration,H2D,D2H,D2D,Throughput
0.34631,2e-06,1,0,0,0.045273
0.346456,0.05763,1,0,0,7.951158
0.404099,66.378819,0,0,0,0
66.782919,2.6e-05,0,1,0,11.37758
