start,duration,direction,throughput
0.327477,1e-06,0,0.053146
0.327648,0.013915,0,6.612299
14.989494,7e-06,1,8.766675
