start,duration,direction,throughput
0.344311,0.000498,0,7.978879
0.344819,1e-06,0,0.194026
0.345449,0.001967,1,2.018892
