start,duration,direction,throughput
0.326394,2.5e-05,0,9.719793
0.326429,1e-06,0,0.146351
0.32657,2.1e-05,1,11.71187
