start,duration,H2D,D2H,D2D,Throughput
0.344311,0.000498,1,0,0,7.978879
0.344819,1e-06,1,0,0,0.194026
0.345078,1e-06,0,0,0,0
0.345132,0.00029,0,0,0,0
0.345449,0.001967,0,1,0,2.018892
