start,duration,H2D,D2H,D2D,Throughput
0.326394,2.5e-05,1,0,0,9.719793
0.326429,1e-06,1,0,0,0.146351
0.326479,1e-06,0,0,0,0
0.326527,2.2e-05,0,0,0,0
0.32657,2.1e-05,0,1,0,11.71187
