start,duration,H2D,D2H,D2D,Throughput
0.328132,2.5e-05,1,0,0,9.781861
0.328167,1e-06,1,0,0,0.199569
0.328216,1e-06,0,0,0,0
0.328261,2.7e-05,0,0,0,0
0.328309,2.1e-05,0,1,0,11.69343
