start,duration,direction,throughput
0.328132,2.5e-05,0,9.781861
0.328167,1e-06,0,0.199569
0.328309,2.1e-05,1,11.69343
