start,duration,direction,throughput
0.327238,2.5e-05,0,9.807397
0.327273,1e-06,0,0.142285
0.327436,2.1e-05,1,11.757441
