start,duration,H2D,D2H,D2D,Throughput
0.327238,2.5e-05,1,0,0,9.807397
0.327273,1e-06,1,0,0,0.142285
0.327331,1e-06,0,0,0,0
0.327389,2.5e-05,0,0,0,0
0.327436,2.1e-05,0,1,0,11.757441
