start,duration,H2D,D2H,D2D,Throughput
0.325204,2.5e-05,1,0,0,9.895752
0.325239,1e-06,1,0,0,0.194026
0.325299,1e-06,0,0,0,0
0.325344,2.7e-05,0,0,0,0
0.325393,2.1e-05,0,1,0,11.614802
