start,duration,direction,throughput
0.325204,2.5e-05,0,9.895752
0.325239,1e-06,0,0.194026
0.325393,2.1e-05,1,11.614802
