start,duration,direction,throughput
0.328931,2.5e-05,0,10.024771
0.328964,1e-06,0,0.142285
0.329101,2.1e-05,1,11.527735
