start,duration,direction,throughput
0.327117,2.5e-05,0,9.870346
0.327151,1e-06,0,0.199569
0.327292,2.1e-05,1,11.73893
