start,duration,H2D,D2H,D2D,Throughput
0.327117,2.5e-05,1,0,0,9.870346
0.327151,1e-06,1,0,0,0.199569
0.327198,1e-06,0,0,0,0
0.327242,2.8e-05,0,0,0,0
0.327292,2.1e-05,0,1,0,11.73893
