start,duration,direction,throughput
0.325522,6.8e-05,0,10.723422
0.325601,1e-06,0,0.146351
0.325768,6.1e-05,1,12.103264
