start,duration,H2D,D2H,D2D,Throughput
0.325522,6.8e-05,1,0,0,10.723422
0.325601,1e-06,1,0,0,0.146351
0.32565,1e-06,0,0,0,0
0.325692,5.4e-05,0,0,0,0
0.325768,6.1e-05,0,1,0,12.103264
