start,duration,direction,throughput
0.347214,6.9e-05,0,10.638906
0.347293,1e-06,0,0.194026
0.347489,6.1e-05,1,12.097083
