start,duration,H2D,D2H,D2D,Throughput
0.347214,6.9e-05,1,0,0,10.638906
0.347293,1e-06,1,0,0,0.194026
0.347344,1e-06,0,0,0,0
0.347394,6.9e-05,0,0,0,0
0.347489,6.1e-05,0,1,0,12.097083
