start,duration,direction,throughput
0.341882,0.000558,0,7.115774
0.34245,1e-06,0,0.142285
0.343021,0.00188,1,2.112809
