start,duration,H2D,D2H,D2D,Throughput
0.34227,2e-06,1,0,0,0.009701
0.342287,1e-06,1,0,0,0.03424
0.34233,0.009327,0,0,0,0
0.374778,2e-06,1,0,0,0.025611
0.374798,1e-06,1,0,0,0.013696
0.375035,1e-06,1,0,0,0.003424
0.3751,3e-06,0,1,0,0.004954
0.375792,0.002855,1,0,0,10.947009
0.378657,39.32129,0,0,0,0
39.699954,2e-06,0,1,0,0.001791
