start,duration,threads_x,threads_y,threads_z
0.337536,0.0096,16384.0,1.0,1.0
1.087153,39.308534,262144.0,1.0,1.0
