start,duration,direction,throughput
0.336382,2e-06,0,0.009701
0.336406,1e-06,0,0.03424
0.369646,2e-06,0,0.020654
0.369664,1e-06,0,0.013305
0.3699,1e-06,0,0.003424
0.369951,3e-06,1,0.004704
0.426313,0.002948,0,10.602004
42.556467,2e-06,1,0.001512
