start,duration,threads_x,threads_y,threads_z
0.347008,0.00958,16384.0,1.0,1.0
0.950144,209.444472,262144.0,1.0,1.0
210.424937,168.867446,262144.0,1.0,1.0
