start,duration,direction,throughput
0.348064,2e-06,0,0.008169
0.34808,1e-06,0,0.033262
0.381945,2e-06,0,0.026134
0.381967,1e-06,0,0.013696
0.382199,1e-06,0,0.003326
0.382257,3e-06,1,0.004954
0.387811,0.002855,0,10.945901
42.49156,2e-06,1,0.001532
