start,duration,H2D,D2H,D2D,Throughput
0.348064,2e-06,1,0,0,0.008169
0.34808,1e-06,1,0,0,0.033262
0.348124,0.00949,0,0,0,0
0.381945,2e-06,1,0,0,0.026134
0.381967,1e-06,1,0,0,0.013696
0.382199,1e-06,1,0,0,0.003326
0.382257,3e-06,0,1,0,0.004954
0.387811,0.002855,1,0,0,10.945901
0.390677,42.100879,0,0,0,0
42.49156,2e-06,0,1,0,0.001532
