start,duration,direction,throughput
0.346983,2e-06,0,0.009701
0.347,1e-06,0,0.033262
0.379946,2e-06,0,0.020326
0.379965,1e-06,0,0.013696
0.380202,1e-06,0,0.003424
0.380257,3e-06,1,0.004851
0.38583,0.002851,0,10.960278
42.512487,2e-06,1,0.001512
