start,duration,H2D,D2H,D2D,Throughput
0.337483,2e-06,1,0,0,0.008169
0.337498,1e-06,1,0,0,0.033262
0.337536,0.0096,0,0,0,0
0.379977,2e-06,1,0,0,0.025611
0.379995,1e-06,1,0,0,0.013696
0.380217,1e-06,1,0,0,0.003424
0.380268,3e-06,0,1,0,0.004704
1.084191,0.002952,1,0,0,10.584774
1.087153,39.308534,0,0,0,0
40.395692,2e-06,0,1,0,0.001532
