start,duration,threads_x,threads_y,threads_z
0.343998,0.00982,16384.0,1.0,1.0
0.385372,42.122306,262144.0,1.0,1.0
