start,duration,direction,throughput
0.333354,2e-06,0,0.008169
0.333368,1e-06,0,0.03424
0.364812,2e-06,0,0.026134
0.364831,1e-06,0,0.011358
0.365064,1e-06,0,0.003424
0.365123,3e-06,1,0.004954
0.369915,0.002913,0,10.728262
42.478948,3e-06,1,0.001437
