start,duration,H2D,D2H,D2D,Throughput
0.33465,2e-06,1,0,0,0.009701
0.334666,1e-06,1,0,0,0.033262
0.334706,0.009602,0,0,0,0
0.367678,2e-06,1,0,0,0.022867
0.367697,1e-06,1,0,0,0.013696
0.367911,1e-06,1,0,0,0.003424
0.367967,3e-06,0,1,0,0.005062
0.397832,0.002874,1,0,0,10.872647
0.400716,209.707662,0,0,0,0
210.108383,3e-06,0,1,0,0.001455
210.131074,0.002827,1,0,0,11.053304
210.13391,168.796512,0,0,0,0
378.930427,1e-06,0,1,0,0.002531
