start,duration,direction,throughput
0.328947,2e-06,0,0.008169
0.328961,1e-06,0,0.03424
0.359334,2e-06,0,0.026134
0.35936,1e-06,0,0.013696
0.359584,1e-06,0,0.003326
0.359636,3e-06,1,0.004801
0.389872,0.002911,0,10.734612
210.242361,2e-06,1,0.001532
210.266819,0.002908,0,10.745482
379.111079,1e-06,1,0.002531
