start,duration,threads_x,threads_y,threads_z
0.347042,0.009618,16384.0,1.0,1.0
0.388692,42.123784,262144.0,1.0,1.0
