start,duration,H2D,D2H,D2D,Throughput
0.346942,2e-06,1,0,0,0.007761
0.34696,1e-06,1,0,0,0.033262
0.347008,0.00958,0,0,0,0
0.380877,2e-06,1,0,0,0.025611
0.380898,1e-06,1,0,0,0.013696
0.381139,1e-06,1,0,0,0.003424
0.381196,3e-06,0,1,0,0.004752
0.947227,0.002907,1,0,0,10.750328
0.950144,209.444472,0,0,0,0
210.394622,2e-06,0,1,0,0.001532
210.422061,0.002868,1,0,0,10.897402
210.424937,168.867446,0,0,0,0
379.292391,1e-06,0,1,0,0.002531
