start,duration,H2D,D2H,D2D,Throughput
0.380298,2e-06,1,0,0,0.008029
0.380314,1e-06,1,0,0,0.033262
0.38036,0.009393,0,0,0,0
0.419375,2e-06,1,0,0,0.026134
0.419397,1e-06,1,0,0,0.013696
0.419635,1e-06,1,0,0,0.003424
0.419705,3e-06,0,1,0,0.004752
0.454758,0.002863,1,0,0,10.916771
0.457631,209.505956,0,0,0,0
209.963598,2e-06,0,1,0,0.001512
209.989953,0.002861,1,0,0,10.924343
209.992822,168.940835,0,0,0,0
378.933665,1e-06,0,1,0,0.002531
