start,duration,H2D,D2H,D2D,Throughput
0.410259,2e-06,1,0,0,0.008029
0.410277,1e-06,1,0,0,0.033262
0.410341,0.009326,0,0,0,0
0.588089,2e-06,1,0,0,0.025109
0.588107,1e-06,1,0,0,0.013305
0.588531,2e-06,1,0,0,0.002042
0.588585,4e-06,0,1,0,0.004121
0.658377,0.023333,1,0,0,10.714658
0.681721,51.4129,0,0,0,0
52.09463,2e-06,0,1,0,0.001512
