start,duration,threads_x,threads_y,threads_z
0.336861,0.009479,16384.0,1.0,1.0
0.546396,40.963519,262144.0,1.0,1.0
