start,duration,threads_x,threads_y,threads_z
0.38036,0.009393,16384.0,1.0,1.0
0.457631,209.505956,262144.0,1.0,1.0
209.992822,168.940835,262144.0,1.0,1.0
