start,duration,threads_x,threads_y,threads_z
0.348124,0.00949,16384.0,1.0,1.0
0.390677,42.100879,262144.0,1.0,1.0
