start,duration,H2D,D2H,D2D,Throughput
0.352549,2e-06,1,0,0,0.009503
0.352567,1e-06,1,0,0,0.03424
0.352616,0.00936,0,0,0,0
0.386761,2e-06,1,0,0,0.019403
0.386784,1e-06,1,0,0,0.013696
0.387032,1e-06,1,0,0,0.003424
0.387091,3e-06,0,1,0,0.004752
0.420805,0.002903,1,0,0,10.764908
0.423719,209.479826,0,0,0,0
209.90355,3e-06,0,1,0,0.00142
