start,duration,threads_x,threads_y,threads_z
0.346157,0.009848,16384.0,1.0,1.0
0.384961,39.311191,262144.0,1.0,1.0
