start,duration,threads_x,threads_y,threads_z
0.361959,0.009384,16384.0,1.0,1.0
0.574816,48.32534,262144.0,1.0,1.0
