start,duration,direction,throughput
0.380298,2e-06,0,0.008029
0.380314,1e-06,0,0.033262
0.419375,2e-06,0,0.026134
0.419397,1e-06,0,0.013696
0.419635,1e-06,0,0.003424
0.419705,3e-06,1,0.004752
0.454758,0.002863,0,10.916771
209.963598,2e-06,1,0.001512
209.989953,0.002861,0,10.924343
378.933665,1e-06,1,0.002531
