start,duration,threads_x,threads_y,threads_z
0.333418,0.00948,16384.0,1.0,1.0
0.372838,42.106105,262144.0,1.0,1.0
