start,duration,H2D,D2H,D2D,Throughput
0.344207,2e-06,1,0,0,0.009908
0.344221,1e-06,1,0,0,0.033262
0.344267,0.009401,0,0,0,0
0.510059,2e-06,1,0,0,0.020326
0.510076,1e-06,1,0,0,0.013696
0.510476,1e-06,1,0,0,0.002646
0.510527,3e-06,0,1,0,0.005117
0.514273,0.023301,1,0,0,10.729224
0.537585,53.869261,0,0,0,0
54.406854,4e-06,0,1,0,0.001021
