start,duration,H2D,D2H,D2D,Throughput
1.205425,2e-06,1,0,0,0.006559
1.205445,1e-06,1,0,0,0.03424
1.205503,0.00954,0,0,0,0
1.240214,2e-06,1,0,0,0.026134
1.240246,1e-06,1,0,0,0.013696
1.240489,1e-06,1,0,0,0.003424
1.240546,3e-06,0,1,0,0.004801
1.241229,0.002906,1,0,0,10.755075
1.244144,39.309699,0,0,0,0
40.553852,3e-06,0,1,0,0.001455
