start,duration,direction,throughput
0.34227,2e-06,0,0.009701
0.342287,1e-06,0,0.03424
0.374778,2e-06,0,0.025611
0.374798,1e-06,0,0.013696
0.375035,1e-06,0,0.003424
0.3751,3e-06,1,0.004954
0.375792,0.002855,0,10.947009
39.699954,2e-06,1,0.001791
