start,duration,threads_x,threads_y,threads_z
0.457205,0.009612,16384.0,1.0,1.0
0.697533,39.283468,262144.0,1.0,1.0
