start,duration,threads_x,threads_y,threads_z
1.205503,0.00954,16384.0,1.0,1.0
1.244144,39.309699,262144.0,1.0,1.0
