start,duration,threads_x,threads_y,threads_z
0.352616,0.00936,16384.0,1.0,1.0
0.423719,209.479826,262144.0,1.0,1.0
