start,duration,H2D,D2H,D2D,Throughput
0.336382,2e-06,1,0,0,0.009701
0.336406,1e-06,1,0,0,0.03424
0.336453,0.009376,0,0,0,0
0.369646,2e-06,1,0,0,0.020654
0.369664,1e-06,1,0,0,0.013305
0.3699,1e-06,1,0,0,0.003424
0.369951,3e-06,0,1,0,0.004704
0.426313,0.002948,1,0,0,10.602004
0.429271,42.127188,0,0,0,0
42.556467,2e-06,0,1,0,0.001512
