start,duration,H2D,D2H,D2D,Throughput
0.361886,2e-06,1,0,0,0.008169
0.361905,1e-06,1,0,0,0.03424
0.361959,0.009384,0,0,0,0
0.546535,2e-06,1,0,0,0.017786
0.546556,1e-06,1,0,0,0.013696
0.547004,1e-06,1,0,0,0.002646
0.547078,4e-06,0,1,0,0.004121
0.551335,0.023469,1,0,0,10.652334
0.574816,48.32534,0,0,0,0
48.900164,2e-06,0,1,0,0.001532
