start,duration,direction,throughput
0.457145,2e-06,0,0.008623
0.457162,1e-06,0,0.03424
0.633269,2e-06,0,0.018036
0.633291,1e-06,0,0.013696
0.633728,2e-06,0,0.002239
0.633783,4e-06,1,0.004121
0.674529,0.022993,0,10.873051
39.981009,2e-06,1,0.001532
