start,duration,direction,throughput
0.33465,2e-06,0,0.009701
0.334666,1e-06,0,0.033262
0.367678,2e-06,0,0.022867
0.367697,1e-06,0,0.013696
0.367911,1e-06,0,0.003424
0.367967,3e-06,1,0.005062
0.397832,0.002874,0,10.872647
210.108383,3e-06,1,0.001455
210.131074,0.002827,0,11.053304
378.930427,1e-06,1,0.002531
