start,duration,direction,throughput
0.336805,2e-06,0,0.009503
0.33682,1e-06,0,0.033262
0.518208,2e-06,0,0.020326
0.518229,1e-06,0,0.013305
0.51868,2e-06,0,0.002283
0.518747,4e-06,1,0.004085
0.522985,0.0234,0,10.683769
41.509927,2e-06,1,0.001532
