start,duration,H2D,D2H,D2D,Throughput
0.353786,2e-06,1,0,0,0.009908
0.353803,1e-06,1,0,0,0.03424
0.353851,0.009465,0,0,0,0
0.389244,2e-06,1,0,0,0.024626
0.389265,1e-06,1,0,0,0.013305
0.389504,1e-06,1,0,0,0.003424
0.389561,3e-06,0,1,0,0.005007
0.390312,0.002906,1,0,0,10.753543
0.393228,39.314773,0,0,0,0
39.708012,2e-06,0,1,0,0.001764
