start,duration,threads_x,threads_y,threads_z
0.34233,0.009327,16384.0,1.0,1.0
0.378657,39.32129,262144.0,1.0,1.0
