start,duration,threads_x,threads_y,threads_z
0.336453,0.009376,16384.0,1.0,1.0
0.429271,42.127188,262144.0,1.0,1.0
