start,duration,threads_x,threads_y,threads_z
0.329006,0.009382,16384.0,1.0,1.0
0.392793,209.849562,262144.0,1.0,1.0
210.269735,168.841338,262144.0,1.0,1.0
