start,duration,threads_x,threads_y,threads_z
0.410341,0.009326,16384.0,1.0,1.0
0.681721,51.4129,262144.0,1.0,1.0
