start,duration,threads_x,threads_y,threads_z
0.353851,0.009465,16384.0,1.0,1.0
0.393228,39.314773,262144.0,1.0,1.0
