start,duration,direction,throughput
0.337483,2e-06,0,0.008169
0.337498,1e-06,0,0.033262
0.379977,2e-06,0,0.025611
0.379995,1e-06,0,0.013696
0.380217,1e-06,0,0.003424
0.380268,3e-06,1,0.004704
1.084191,0.002952,0,10.584774
40.395692,2e-06,1,0.001532
