start,duration,H2D,D2H,D2D,Throughput
0.457145,2e-06,1,0,0,0.008623
0.457162,1e-06,1,0,0,0.03424
0.457205,0.009612,0,0,0,0
0.633269,2e-06,1,0,0,0.018036
0.633291,1e-06,1,0,0,0.013696
0.633728,2e-06,1,0,0,0.002239
0.633783,4e-06,0,1,0,0.004121
0.674529,0.022993,1,0,0,10.873051
0.697533,39.283468,0,0,0,0
39.981009,2e-06,0,1,0,0.001532
