start,duration,threads_x,threads_y,threads_z
0.334706,0.009602,16384.0,1.0,1.0
0.400716,209.707662,262144.0,1.0,1.0
210.13391,168.796512,262144.0,1.0,1.0
