start,duration,threads_x,threads_y,threads_z
0.344267,0.009401,16384.0,1.0,1.0
0.537585,53.869261,262144.0,1.0,1.0
