start,duration,direction,throughput
0.346094,2e-06,0,0.009701
0.34611,1e-06,0,0.03424
0.381033,2e-06,0,0.020326
0.381054,1e-06,0,0.013696
0.381292,1e-06,0,0.003424
0.381346,3e-06,1,0.004435
0.382043,0.002908,0,10.747855
39.696164,3e-06,1,0.00142
