start,duration,direction,throughput
0.344207,2e-06,0,0.009908
0.344221,1e-06,0,0.033262
0.510059,2e-06,0,0.020326
0.510076,1e-06,0,0.013696
0.510476,1e-06,0,0.002646
0.510527,3e-06,1,0.005117
0.514273,0.023301,0,10.729224
54.406854,4e-06,1,0.001021
