start,duration,direction,throughput
0.341268,2e-06,0,39.736429
0.341279,1e-06,0,163.487025
0.341288,1e-06,0,88.555471
0.341512,1e-06,0,108.99135
0.341573,1e-06,1,45.413062
