start,duration,H2D,D2H,D2D,Throughput
0.343471,2e-06,1,0,0,40.581885
0.343482,1e-06,1,0,0,163.487025
0.343492,1e-06,1,0,0,91.160045
0.343705,1e-06,0,0,0,0
0.343731,1e-06,1,0,0,108.99135
0.343773,1.3e-05,0,0,0,0
0.343792,1e-06,0,1,0,45.413062
