start,duration,direction,throughput
0.32247,2e-06,0,39.736429
0.32248,1e-06,0,163.487025
0.322491,1e-06,0,88.555471
0.322719,1e-06,0,105.963813
0.322773,1e-06,1,45.413062
