start,duration,H2D,D2H,D2D,Throughput
0.32247,2e-06,1,0,0,39.736429
0.32248,1e-06,1,0,0,163.487025
0.322491,1e-06,1,0,0,88.555471
0.322703,1e-06,0,0,0,0
0.322719,1e-06,1,0,0,105.963813
0.322756,1.2e-05,0,0,0,0
0.322773,1e-06,0,1,0,45.413062
