start,duration,direction,throughput
0.327304,2e-06,0,39.736429
0.327315,1e-06,0,163.487025
0.327325,1e-06,0,88.555471
0.327542,1e-06,0,108.99135
0.327596,1e-06,1,45.413062
