start,duration,direction,throughput
0.325353,2e-06,0,39.736429
0.325363,1e-06,0,163.487025
0.325372,1e-06,0,81.56425
0.325581,1e-06,0,108.99135
0.325633,1e-06,1,45.413062
