start,duration,direction,throughput
0.344139,2e-06,0,40.581885
0.344152,1e-06,0,163.487025
0.344162,1e-06,0,88.555471
0.344397,1e-06,0,108.99135
0.344459,1e-06,1,45.413062
