start,duration,H2D,D2H,D2D,Throughput
0.342837,2e-06,1,0,0,39.736429
0.342849,1e-06,1,0,0,163.487025
0.342859,1e-06,1,0,0,88.555471
0.343088,1e-06,0,0,0,0
0.343107,1e-06,1,0,0,108.99135
0.343151,1.3e-05,0,0,0,0
0.343169,1e-06,0,1,0,45.413062
