start,duration,H2D,D2H,D2D,Throughput
0.344139,2e-06,1,0,0,40.581885
0.344152,1e-06,1,0,0,163.487025
0.344162,1e-06,1,0,0,88.555471
0.344377,1e-06,0,0,0,0
0.344397,1e-06,1,0,0,108.99135
0.344439,1.3e-05,0,0,0,0
0.344459,1e-06,0,1,0,45.413062
