start,duration,H2D,D2H,D2D,Throughput
0.341824,2e-06,1,0,0,39.736429
0.341835,1e-06,1,0,0,163.487025
0.341845,1e-06,1,0,0,88.555471
0.342054,1e-06,0,0,0,0
0.342072,1e-06,1,0,0,108.99135
0.342114,1.2e-05,0,0,0,0
0.342133,2e-06,0,1,0,40.581885
