start,duration,direction,throughput
0.330611,2e-06,0,35.98771
0.33062,1e-06,0,163.487025
0.330629,1e-06,0,91.160045
0.330833,1e-06,0,108.99135
0.330884,1e-06,1,45.413062
