start,duration,H2D,D2H,D2D,Throughput
0.327304,2e-06,1,0,0,39.736429
0.327315,1e-06,1,0,0,163.487025
0.327325,1e-06,1,0,0,88.555471
0.327525,1e-06,0,0,0,0
0.327542,1e-06,1,0,0,108.99135
0.327579,1.3e-05,0,0,0,0
0.327596,1e-06,0,1,0,45.413062
