start,duration,H2D,D2H,D2D,Throughput
0.325353,2e-06,1,0,0,39.736429
0.325363,1e-06,1,0,0,163.487025
0.325372,1e-06,1,0,0,81.56425
0.325565,1e-06,0,0,0,0
0.325581,1e-06,1,0,0,108.99135
0.325616,1.3e-05,0,0,0,0
0.325633,1e-06,0,1,0,45.413062
