start,duration,direction,throughput
0.343471,2e-06,0,40.581885
0.343482,1e-06,0,163.487025
0.343492,1e-06,0,91.160045
0.343731,1e-06,0,108.99135
0.343792,1e-06,1,45.413062
