start,duration,direction,throughput
0.323115,2e-06,0,62.088171
0.323124,1e-06,0,8.765388
0.323322,1e-06,0,6.773254
0.826277,2e-06,1,4.257474
