start,duration,H2D,D2H,D2D,Throughput
0.323115,2e-06,1,0,0,62.088171
0.323124,1e-06,1,0,0,8.765388
0.323322,1e-06,1,0,0,6.773254
0.323358,0.502901,0,0,0,0
0.826277,2e-06,0,1,0,4.257474
