start,duration,H2D,D2H,D2D,Throughput
0.537236,2e-06,1,0,0,143.95084
0.537279,0.000228,0,0,0,0
0.537285,0.000146,0,0,0,0
