start,duration,H2D,D2H,D2D,Throughput
0.32352,9e-06,1,0,0,5.48333
0.323552,4.3e-05,0,0,0,0
