start,duration,H2D,D2H,D2D,Throughput
0.327087,9e-06,1,0,0,5.523355
0.327124,4.3e-05,0,0,0,0
