start,duration,H2D,D2H,D2D,Throughput
0.386375,2e-06,1,0,0,158.945719
0.386424,0.0002,0,0,0,0
0.386429,0.000122,0,0,0,0
