start,duration,H2D,D2H,D2D,Throughput
0.363745,2e-06,1,0,0,138.716264
0.363787,0.000249,0,0,0,0
0.363792,0.000168,0,0,0,0
