start,duration,H2D,D2H,D2D,Throughput
0.338006,9e-06,1,0,0,5.523355
0.338041,4.1e-05,0,0,0,0
