start,duration,H2D,D2H,D2D,Throughput
0.363799,2e-06,1,0,0,158.945719
0.363847,0.000424,0,0,0,0
0.363852,0.000345,0,0,0,0
