start,duration,H2D,D2H,D2D,Throughput
0.330092,9e-06,1,0,0,5.32887
0.330127,4e-05,0,0,0,0
