start,duration,H2D,D2H,D2D,Throughput
0.341235,9e-06,1,0,0,5.523355
0.341275,4.1e-05,0,0,0,0
