start,duration,H2D,D2H,D2D,Throughput
0.326734,9e-06,1,0,0,5.523355
0.326783,4.3e-05,0,0,0,0
