start,duration,H2D,D2H,D2D,Throughput
0.399288,2e-06,1,0,0,155.701929
0.399345,0.001113,0,0,0,0
0.39935,0.001032,0,0,0,0
