start,duration,H2D,D2H,D2D,Throughput
0.685353,2e-06,1,0,0,141.285084
0.685407,0.000239,0,0,0,0
0.685415,0.000158,0,0,0,0
