start,duration,H2D,D2H,D2D,Throughput
0.344797,9e-06,1,0,0,5.523355
0.344845,4.3e-05,0,0,0,0
