start,duration,H2D,D2H,D2D,Throughput
0.432466,2e-06,1,0,0,155.701929
0.432519,0.000284,0,0,0,0
0.432524,0.000195,0,0,0,0
