start,duration,H2D,D2H,D2D,Throughput
0.367949,2e-06,1,0,0,158.945719
0.367996,0.00025,0,0,0,0
0.368001,0.000172,0,0,0,0
