start,duration,H2D,D2H,D2D,Throughput
0.387003,2e-06,1,0,0,158.945719
0.387052,0.000213,0,0,0,0
0.387057,0.000135,0,0,0,0
