start,duration,H2D,D2H,D2D,Throughput
0.374866,2e-06,1,0,0,158.945719
0.374916,0.000198,0,0,0,0
0.374921,0.000116,0,0,0,0
