start,duration,H2D,D2H,D2D,Throughput
0.328968,9e-06,1,0,0,5.523355
0.329,4.4e-05,0,0,0,0
