start,duration,H2D,D2H,D2D,Throughput
0.375744,2e-06,1,0,0,155.701929
0.375786,0.000232,0,0,0,0
0.375791,0.000155,0,0,0,0
