start,duration,direction,throughput
0.322959,2e-06,0,1.862645
0.322969,1e-06,0,6.135772
6.968897,2e-06,1,7.690922
