start,duration,H2D,D2H,D2D,Throughput
0.322959,2e-06,1,0,0,1.862645
0.322969,1e-06,1,0,0,6.135772
0.323009,6.645818,0,0,0,0
6.968897,2e-06,0,1,0,7.690922
