start,duration,direction,throughput
0.328065,2e-06,0,2.483526
0.328075,1e-06,0,6.135772
49.075958,3e-06,1,5.960464
