start,duration,H2D,D2H,D2D,Throughput
0.328065,2e-06,1,0,0,2.483526
0.328075,1e-06,1,0,0,6.135772
0.328113,48.747763,0,0,0,0
49.075958,3e-06,0,1,0,5.960464
