start,duration,direction,throughput
0.348129,2e-06,0,2.536367
0.348139,1e-06,0,5.960464
49.591115,2e-06,1,7.568843
