start,duration,H2D,D2H,D2D,Throughput
0.348129,2e-06,1,0,0,2.536367
0.348139,1e-06,1,0,0,5.960464
0.348186,49.242719,0,0,0,0
49.591115,2e-06,0,1,0,7.568843
