start,duration,direction,throughput
0.326373,2e-06,0,1.753078
0.326383,1e-06,0,5.960464
6.987938,2e-06,1,7.690922
