start,duration,H2D,D2H,D2D,Throughput
0.340496,2e-06,1,0,0,2.483526
0.340506,1e-06,1,0,0,5.960464
0.340551,48.759949,0,0,0,0
49.100638,2e-06,0,1,0,6.274173
