start,duration,direction,throughput
0.340496,2e-06,0,2.483526
0.340506,1e-06,0,5.960464
49.100638,2e-06,1,6.274173
