start,duration,direction,throughput
0.349388,2e-06,0,2.483526
0.349399,1e-06,0,5.960464
49.589251,2e-06,1,6.274173
