start,duration,H2D,D2H,D2D,Throughput
0.349388,2e-06,1,0,0,2.483526
0.349399,1e-06,1,0,0,5.960464
0.349443,49.239459,0,0,0,0
49.589251,2e-06,0,1,0,6.274173
