start,duration,direction,throughput
0.325306,2e-06,0,2.483526
0.325316,1e-06,0,6.135772
49.093124,2e-06,1,7.568843
