start,duration,H2D,D2H,D2D,Throughput
0.325306,2e-06,1,0,0,2.483526
0.325316,1e-06,1,0,0,6.135772
0.325356,48.76766,0,0,0,0
49.093124,2e-06,0,1,0,7.568843
