start,duration,direction,throughput
0.342767,2e-06,0,2.483526
0.342777,1e-06,0,6.135772
49.444837,2e-06,1,7.690922
