start,duration,H2D,D2H,D2D,Throughput
0.342767,2e-06,1,0,0,2.483526
0.342777,1e-06,1,0,0,6.135772
0.342824,49.101737,0,0,0,0
49.444837,2e-06,0,1,0,7.690922
