start,duration,direction,throughput
0.324178,2e-06,0,2.483526
0.324187,1e-06,0,6.135772
49.073724,3e-06,1,5.745026
