start,duration,H2D,D2H,D2D,Throughput
0.324178,2e-06,1,0,0,2.483526
0.324187,1e-06,1,0,0,6.135772
0.324226,48.749417,0,0,0,0
49.073724,3e-06,0,1,0,5.745026
