start,duration,direction,throughput
0.378507,2e-06,0,2.483526
0.378517,1e-06,0,5.960464
49.183393,2e-06,1,7.690922
