start,duration,H2D,D2H,D2D,Throughput
0.378507,2e-06,1,0,0,2.483526
0.378517,1e-06,1,0,0,5.960464
0.378563,48.804684,0,0,0,0
49.183393,2e-06,0,1,0,7.690922
