start,duration,H2D,D2H,D2D,Throughput
0.32921,0.000116,1,0,0,10.647535
0.329528,0.043162,0,0,0,0
0.372734,2e-06,0,1,0,0.004851
