start,duration,direction,throughput
0.332896,0.000901,0,7.232883
0.506565,2e-06,1,0.003696
