start,duration,direction,throughput
0.339706,8.8e-05,0,10.55646
0.375281,2e-06,1,0.003755
