start,duration,direction,throughput
0.341443,0.000681,0,8.200247
0.493837,2e-06,1,0.004851
