start,duration,threads_x,threads_y,threads_z
0.536581,0.301186,75264.0,1.0,1.0
0.837825,2.5e-05,128.0,1.0,1.0
0.837885,2.2e-05,768.0,1.0,1.0
0.837943,2.3e-05,17664.0,1.0,1.0
0.838,0.000555,457088.0,1.0,1.0
0.83859,0.012451,1310720.0,1.0,1.0
