start,duration,threads_x,threads_y,threads_z
0.536853,0.295196,75264.0,1.0,1.0
0.832105,2.5e-05,128.0,1.0,1.0
0.832163,2.1e-05,768.0,1.0,1.0
0.832217,2.3e-05,17664.0,1.0,1.0
0.832273,0.000559,457088.0,1.0,1.0
0.832866,0.012498,1310720.0,1.0,1.0
