start,duration,H2D,D2H,D2D,Throughput
0.332896,0.000901,1,0,0,7.232883
0.3342,0.172318,0,0,0,0
0.506565,2e-06,0,1,0,0.003696
