start,duration,direction,throughput
0.530856,2e-06,0,0.008169
0.530868,1e-06,0,0.931323
0.530878,1e-06,0,0.022256
0.531032,0.005448,0,8.223933
0.536483,2e-06,0,0.028222
0.837784,3e-06,1,0.022715
0.83786,1e-06,1,0.046566
0.837916,1e-06,1,0.046566
0.837975,1e-06,1,0.04543
0.838564,1e-06,1,0.040492
0.851051,2e-06,1,0.037253
