start,duration,direction,throughput
0.351011,0.000918,0,8.119701
0.530909,2e-06,1,0.004954
