start,duration,direction,throughput
0.590577,2e-06,0,0.009908
0.590587,1e-06,0,0.931323
0.590596,1e-06,0,0.022256
0.590765,0.006244,0,7.17473
0.597012,2e-06,0,0.028222
0.893946,3e-06,1,0.022996
0.894071,1e-06,1,0.040492
0.894137,1e-06,1,0.046566
0.8942,1e-06,1,0.046566
0.8948,1e-06,1,0.040492
0.907298,2e-06,1,0.032115
