start,duration,direction,throughput
0.340812,0.000523,0,8.897057
0.470222,2e-06,1,0.003755
