start,duration,H2D,D2H,D2D,Throughput
0.340812,0.000523,1,0,0,8.897057
0.341661,0.128517,0,0,0,0
0.470222,2e-06,0,1,0,0.003755
