start,duration,threads_x,threads_y,threads_z
1.174614,0.298023,75264.0,1.0,1.0
1.472755,2.3e-05,128.0,1.0,1.0
1.472816,2.2e-05,768.0,1.0,1.0
1.472874,2.4e-05,17664.0,1.0,1.0
1.472932,0.000558,457088.0,1.0,1.0
1.473527,0.012498,1310720.0,1.0,1.0
