start,duration,direction,throughput
0.354815,0.000988,0,6.601165
0.52492,2e-06,1,0.003755
