start,duration,H2D,D2H,D2D,Throughput
0.326553,0.000354,1,0,0,7.890135
0.327182,0.073798,0,0,0,0
0.401027,2e-06,0,1,0,0.003696
