start,duration,threads_x,threads_y,threads_z
0.5971,0.296762,75264.0,1.0,1.0
0.894034,2.5e-05,128.0,1.0,1.0
0.894104,2.1e-05,768.0,1.0,1.0
0.894167,2.3e-05,17664.0,1.0,1.0
0.894229,0.000559,457088.0,1.0,1.0
0.894831,0.012447,1310720.0,1.0,1.0
