start,duration,direction,throughput
0.330898,0.000216,0,8.620883
0.389595,2e-06,1,0.004233
