start,duration,direction,throughput
0.536871,2e-06,0,0.009503
0.536883,1e-06,0,0.931323
0.536893,1e-06,0,0.02162
0.537058,0.00515,0,8.69914
0.542211,2e-06,0,0.024508
0.836418,3e-06,1,0.022174
0.836499,1e-06,1,0.046566
0.836558,1e-06,1,0.046566
0.836619,1e-06,1,0.04543
0.837209,1e-06,1,0.040492
0.849764,2e-06,1,0.037253
