start,duration,direction,throughput
0.578299,2e-06,0,0.008315
0.578311,1e-06,0,0.931323
0.57832,1e-06,0,0.022256
0.578496,0.005546,0,8.078684
0.584044,2e-06,0,0.028656
0.87747,3e-06,1,0.022442
0.877584,1e-06,1,0.046566
0.877644,1e-06,1,0.046566
0.877705,1e-06,1,0.04543
0.878293,2e-06,1,0.036522
0.89084,1e-06,1,0.040492
