start,duration,H2D,D2H,D2D,Throughput
0.351011,0.000918,1,0,0,8.119701
0.352383,0.178482,0,0,0,0
0.530909,2e-06,0,1,0,0.004954
