start,duration,H2D,D2H,D2D,Throughput
0.330898,0.000216,1,0,0,8.620883
0.331346,0.058206,0,0,0,0
0.389595,2e-06,0,1,0,0.004233
