start,duration,H2D,D2H,D2D,Throughput
0.354815,0.000988,1,0,0,6.601165
0.356242,0.168589,0,0,0,0
0.52492,2e-06,0,1,0,0.003755
