start,duration,threads_x,threads_y,threads_z
0.542303,0.294093,75264.0,1.0,1.0
0.836462,2.5e-05,128.0,1.0,1.0
0.836526,2.1e-05,768.0,1.0,1.0
0.836585,2.3e-05,17664.0,1.0,1.0
0.836646,0.000552,457088.0,1.0,1.0
0.837237,0.012516,1310720.0,1.0,1.0
