start,duration,threads_x,threads_y,threads_z
0.575906,0.29469,75264.0,1.0,1.0
0.870728,2.5e-05,128.0,1.0,1.0
0.870792,2.1e-05,768.0,1.0,1.0
0.870854,2.3e-05,17664.0,1.0,1.0
0.870911,0.000557,457088.0,1.0,1.0
0.871503,0.008764,1310720.0,1.0,1.0
