start,duration,threads_x,threads_y,threads_z
0.535707,0.293191,75264.0,1.0,1.0
0.828954,2.5e-05,128.0,1.0,1.0
0.829014,1.8e-05,768.0,1.0,1.0
0.829066,2.3e-05,17664.0,1.0,1.0
0.829122,0.000554,457088.0,1.0,1.0
0.829712,0.012556,1310720.0,1.0,1.0
