start,duration,direction,throughput
0.32921,0.000116,0,10.647535
0.372734,2e-06,1,0.004851
