start,duration,H2D,D2H,D2D,Throughput
0.339706,8.8e-05,1,0,0,10.55646
0.340032,0.035206,0,0,0,0
0.375281,2e-06,0,1,0,0.003755
