start,duration,direction,throughput
0.377924,0.000447,0,8.332715
0.484397,2e-06,1,0.004851
