start,duration,H2D,D2H,D2D,Throughput
0.341443,0.000681,1,0,0,8.200247
0.342532,0.151261,0,0,0,0
0.493837,2e-06,0,1,0,0.004851
