start,duration,H2D,D2H,D2D,Throughput
0.377924,0.000447,1,0,0,8.332715
0.378707,0.105592,0,0,0,0
0.484397,2e-06,0,1,0,0.004851
