start,duration,direction,throughput
0.686491,2e-06,0,0.008623
0.686502,1e-06,0,0.931323
0.686513,1e-06,0,0.022256
0.686705,0.006919,0,6.475224
0.693626,2e-06,0,0.028656
0.987263,3e-06,1,0.022715
0.98737,1e-06,1,0.04543
0.98743,1e-06,1,0.04543
0.987491,1e-06,1,0.046566
0.988086,1e-06,1,0.040492
1.000782,2e-06,1,0.03582
