start,duration,direction,throughput
0.326553,0.000354,0,7.890135
0.401027,2e-06,1,0.003696
