start,duration,H2D,D2H,D2D,Throughput
0.337434,2e-06,0,0,0,0
0.337445,1e-06,0,0,0,0
0.337466,1e-06,1,0,0,27.247837
0.337479,1e-06,1,0,0,6.811959
0.337488,1e-06,1,0,0,3.506155
0.337497,1e-06,1,0,0,1.70299
0.337505,1e-06,1,0,0,1.753078
0.342142,0.527209,0,0,0,0
0.869412,3e-06,0,1,0,1.324547
