start,duration,threads_x,threads_y,threads_z
0.69371,0.293502,75264.0,1.0,1.0
0.987334,2.5e-05,128.0,1.0,1.0
0.987398,2.1e-05,768.0,1.0,1.0
0.987458,2.3e-05,17664.0,1.0,1.0
0.987517,0.000558,457088.0,1.0,1.0
0.988113,0.012656,1310720.0,1.0,1.0
