start,duration,direction,throughput
0.531316,2e-06,0,0.009701
0.531327,1e-06,0,0.931323
0.531336,1e-06,0,0.02162
0.53149,0.005287,0,8.473341
0.53678,2e-06,0,0.028222
0.832067,3e-06,1,0.021659
0.832138,1e-06,1,0.04543
0.832193,1e-06,1,0.046566
0.832248,1e-06,1,0.046566
0.832841,1e-06,1,0.040492
0.845373,2e-06,1,0.037253
