start,duration,H2D,D2H,D2D,Throughput
0.328034,3.3e-05,1,0,0,4.298794
0.32807,4.1e-05,1,0,0,3.464774
0.328114,2e-05,1,0,0,0.036648
0.328136,1.3e-05,1,0,0,1.827368
