start,duration,threads_x,threads_y,threads_z
0.357113,0.000148,458752.0,1.0,1.0
0.365658,0.00015,458752.0,1.0,1.0
0.374221,0.000146,458752.0,1.0,1.0
0.382789,0.000144,458752.0,1.0,1.0
0.391205,0.000149,458752.0,1.0,1.0
