start,duration,direction,throughput
0.344064,2e-06,0,425.747462
0.344479,2e-06,1,189.221094
