start,duration,direction,throughput
0.323986,2e-06,0,2.116642
0.324445,2e-06,1,0.881934
