start,duration,H2D,D2H,D2D,Throughput
0.326752,0.000914,1,0,0,8.153261
0.327824,0.276781,0,0,0,0
0.60462,0.001356,0,1,0,2.746509
