start,duration,H2D,D2H,D2D,Throughput
0.342864,9e-06,1,0,0,7.947286
0.343139,0.002857,0,0,0,0
0.346012,5e-06,0,1,0,8.084397
