start,duration,direction,throughput
0.328593,0.000419,0,8.882661
0.467822,0.000156,1,11.964653
