start,duration,H2D,D2H,D2D,Throughput
0.372243,3.6e-05,1,0,0,10.265901
0.372492,0.013218,0,0,0,0
0.385743,1.7e-05,0,1,0,11.129572
