start,duration,H2D,D2H,D2D,Throughput
0.344064,2e-06,1,0,0,425.747462
0.344116,0.000349,0,0,0,0
0.344479,2e-06,0,1,0,189.221094
