start,duration,H2D,D2H,D2D,Throughput
0.331691,7.1e-05,1,0,0,10.559213
0.331774,0.028356,0,0,0,0
0.360145,3.2e-05,0,1,0,11.629902
