start,duration,direction,throughput
0.343817,2e-06,0,3.279305
0.344667,2e-06,1,1.663076
