start,duration,H2D,D2H,D2D,Throughput
0.343817,2e-06,1,0,0,3.279305
0.344076,0.000574,0,0,0,0
0.344667,2e-06,0,1,0,1.663076
