start,duration,H2D,D2H,D2D,Throughput
0.323986,2e-06,1,0,0,2.116642
0.324034,0.000399,0,0,0,0
0.324445,2e-06,0,1,0,0.881934
