start,duration,H2D,D2H,D2D,Throughput
0.342297,7e-06,1,0,0,5.340918
0.34235,0.001565,0,0,0,0
0.34393,3e-06,0,1,0,6.32692
