start,duration,direction,throughput
0.342297,7e-06,0,5.340918
0.34393,3e-06,1,6.32692
