start,duration,direction,throughput
0.331691,7.1e-05,0,10.559213
0.360145,3.2e-05,1,11.629902
