start,duration,direction,throughput
0.326752,0.000914,0,8.153261
0.60462,0.001356,1,2.746509
