start,duration,direction,throughput
0.342864,9e-06,0,7.947286
0.346012,5e-06,1,8.084397
