start,duration,H2D,D2H,D2D,Throughput
0.328593,0.000419,1,0,0,8.882661
0.329168,0.138636,0,0,0,0
0.467822,0.000156,0,1,0,11.964653
