start,duration,direction,throughput
0.372243,3.6e-05,0,10.265901
0.385743,1.7e-05,1,11.129572
