start,duration,direction,throughput
0.579796,0.033561,0,4.440078
0.725317,0.056515,1,2.636653
1.028554,0.031283,1,4.763271
1.237033,0.031357,1,4.752057
1.41828,0.031747,1,4.69366
1.567222,0.031436,1,4.740196
1.693821,0.031475,1,4.734259
1.831275,0.031495,1,4.731219
2.024445,0.031637,1,4.710076
2.191063,0.03152,1,4.727516
2.319819,0.031481,1,4.733392
2.422451,0.031466,1,4.735669
2.542173,0.031647,1,4.708548
