start,duration,direction,throughput
0.498822,0.009957,0,4.676812
0.543473,0.017197,1,2.707753
0.637737,0.009184,1,5.070255
0.703718,0.009151,1,5.088481
0.760538,0.009158,1,5.084569
0.80682,0.009294,1,5.010273
0.847052,0.009185,1,5.069637
0.890852,0.009184,1,5.070432
0.951308,0.009189,1,5.067642
1.003546,0.009216,1,5.052598
1.045125,0.00923,1,5.044908
1.079044,0.009198,1,5.062793
1.11679,0.009212,1,5.055125
