start,duration,direction,throughput
0.471462,0.001709,0,5.448326
0.480215,0.003164,1,2.943472
0.498895,0.00134,1,6.950842
0.511792,0.001229,1,7.577552
0.522768,0.0012,1,7.757722
0.531816,0.00119,1,7.827199
0.539331,0.001206,1,7.723137
0.547376,0.001187,1,7.844287
0.55898,0.001185,1,7.860382
0.568897,0.001177,1,7.911888
0.576438,0.001171,1,7.951873
0.582329,0.001184,1,7.86463
0.589324,0.001188,1,7.842596
