start,duration,direction,throughput
0.535374,0.020814,0,4.474421
0.626064,0.034575,1,2.693648
0.814133,0.019557,1,4.761973
0.945229,0.019629,1,4.74463
1.058911,0.019672,1,4.734234
1.152571,0.019521,1,4.770825
1.231597,0.01961,1,4.74916
1.318198,0.019558,1,4.761763
1.439591,0.019589,1,4.754225
1.54368,0.019534,1,4.767753
1.628626,0.019848,1,4.692179
1.694641,0.019611,1,4.749028
1.770422,0.019585,1,4.755328
