start,duration,direction,throughput
0.480351,0.003612,0,5.156669
0.498026,0.00664,1,2.805053
0.535806,0.003166,1,5.883806
0.561252,0.003031,1,6.145971
0.583085,0.00296,1,6.292948
0.60094,0.002951,1,6.310889
0.615962,0.00292,1,6.378382
0.632243,0.003012,1,6.183381
0.655673,0.002952,1,6.310821
0.675562,0.002938,1,6.340242
0.690878,0.002919,1,6.381041
0.702876,0.002908,1,6.406251
0.717027,0.002921,1,6.377266
