start,duration,direction,throughput
0.494003,0.007748,0,4.808296
0.529639,0.013588,1,2.741514
0.604056,0.007367,1,5.056685
0.655791,0.00738,1,5.047783
0.701127,0.007537,1,4.942895
0.738487,0.00745,1,5.000602
0.769938,0.00745,1,5.000452
0.803839,0.007424,1,5.01817
0.852498,0.007567,1,4.922974
0.893856,0.007403,1,5.031834
0.925919,0.007454,1,4.998005
0.951641,0.007433,1,5.012099
0.981774,0.007421,1,5.019945
