start,duration,direction,throughput
0.609935,0.042453,0,4.387545
0.792783,0.069431,1,2.682741
1.170246,0.039589,1,4.705011
1.432565,0.039798,1,4.680292
1.65905,0.039359,1,4.732422
1.844475,0.039399,1,4.727629
2.002398,0.039335,1,4.735306
2.174677,0.039442,1,4.722493
2.416784,0.039407,1,4.726646
2.62437,0.039439,1,4.722877
2.782848,0.039428,1,4.724141
2.910995,0.039364,1,4.73186
3.060658,0.0394,1,4.727522
