start,duration,direction,throughput
0.5214,0.008719,0,7.477409
0.579853,0.024536,1,2.657049
0.712202,0.013301,1,4.901361
0.803418,0.013324,1,4.892686
0.883049,0.013389,1,4.869054
0.948105,0.013352,1,4.882461
1.003281,0.013253,1,4.919148
1.062942,0.013443,1,4.849674
1.147262,0.013299,1,4.902151
1.219835,0.013356,1,4.881315
1.275968,0.013321,1,4.894132
1.320739,0.013309,1,4.898344
1.373865,0.013308,1,4.898815
