start,duration,direction,throughput
0.484797,0.005631,0,4.961439
0.511475,0.010423,1,2.68044
0.568279,0.005124,1,5.452424
0.606842,0.005094,1,5.484344
0.64036,0.005088,1,5.490931
0.667774,0.005088,1,5.490863
0.691008,0.005095,1,5.483724
0.716208,0.005064,1,5.517371
0.751688,0.005041,1,5.542413
0.782175,0.005084,1,5.495735
0.805724,0.00504,1,5.543117
0.82425,0.005037,1,5.546849
0.845634,0.00503,1,5.554507
