start,duration,threads_x,threads_y,threads_z
0.46619,0.000226,1024.0,1.0,1.0
0.466417,0.000203,1024.0,1.0,1.0
