start,duration,H2D,D2H,D2D,Throughput
0.459283,0.003449,1,0,0,4.529993
0.462746,2e-06,1,0,0,4.040993
0.462759,2e-06,1,0,0,4.040993
0.462771,2e-06,1,0,0,4.040993
0.462799,0.000452,0,0,0,0
0.463252,0.000714,0,0,0,0
0.463972,2e-06,0,1,0,5.072736
