start,duration,direction,throughput
0.465342,0.000788,0,4.955026
0.466143,1e-06,0,2.591506
0.466152,1e-06,0,2.591506
0.466162,1e-06,0,2.591506
0.466626,1e-06,1,2.649095
