start,duration,threads_x,threads_y,threads_z
0.532864,0.002574,10240.0,1.0,1.0
0.535439,0.003673,10240.0,1.0,1.0
