start,duration,H2D,D2H,D2D,Throughput
0.466365,0.022156,1,0,0,6.347108
0.488545,4e-06,1,0,0,6.329697
0.488567,4e-06,1,0,0,6.329697
0.488589,4e-06,1,0,0,6.329697
0.488618,0.001453,0,0,0,0
0.490073,0.002139,0,0,0,0
0.492212,2e-06,0,1,0,9.41126
