start,duration,H2D,D2H,D2D,Throughput
0.479059,0.005625,1,0,0,6.249668
0.484702,2e-06,1,0,0,4.967054
0.484718,2e-06,1,0,0,4.899012
0.484734,2e-06,1,0,0,4.899012
0.48476,0.000728,0,0,0,0
0.485489,0.001058,0,0,0,0
0.486548,2e-06,0,1,0,7.012311
