start,duration,direction,throughput
0.461213,0.043962,0,4.353921
0.505196,4e-06,0,6.622738
0.505221,4e-06,0,6.622738
0.505244,4e-06,0,6.67572
0.509602,3e-06,1,7.655642
