start,duration,direction,throughput
0.461218,0.072681,0,4.353345
0.533924,5e-06,0,6.705523
0.533951,5e-06,0,7.012311
0.533978,5e-06,0,7.058445
0.53948,4e-06,1,8.316927
