start,duration,threads_x,threads_y,threads_z
0.502813,0.001825,8192.0,1.0,1.0
0.504639,0.002887,8192.0,1.0,1.0
