start,duration,direction,throughput
0.479059,0.005625,0,6.249668
0.484702,2e-06,0,4.967054
0.484718,2e-06,0,4.899012
0.484734,2e-06,0,4.899012
0.486548,2e-06,1,7.012311
