start,duration,H2D,D2H,D2D,Throughput
0.461671,0.014298,1,0,0,4.371177
0.475986,3e-06,1,0,0,5.544618
0.476004,3e-06,1,0,0,5.544618
0.47602,3e-06,1,0,0,5.544618
0.476045,0.000898,0,0,0,0
0.476945,0.001437,0,0,0,0
0.478385,2e-06,0,1,0,8.22133
