start,duration,direction,throughput
0.459283,0.003449,0,4.529993
0.462746,2e-06,0,4.040993
0.462759,2e-06,0,4.040993
0.462771,2e-06,0,4.040993
0.463972,2e-06,1,5.072736
