start,duration,direction,throughput
0.459639,0.022353,0,4.368732
0.482011,3e-06,0,6.020671
0.482031,3e-06,0,6.020671
0.482049,3e-06,0,6.020671
0.485192,3e-06,1,6.622738
