start,duration,H2D,D2H,D2D,Throughput
0.461213,0.043962,1,0,0,4.353921
0.505196,4e-06,1,0,0,6.622738
0.505221,4e-06,1,0,0,6.622738
0.505244,4e-06,1,0,0,6.67572
0.505269,0.001783,0,0,0,0
0.507054,0.002546,0,0,0,0
0.509602,3e-06,0,1,0,7.655642
