start,duration,threads_x,threads_y,threads_z
0.534003,0.002223,9216.0,1.0,1.0
0.536227,0.003244,9216.0,1.0,1.0
