start,duration,threads_x,threads_y,threads_z
0.505269,0.001783,7168.0,1.0,1.0
0.507054,0.002546,7168.0,1.0,1.0
