start,duration,H2D,D2H,D2D,Throughput
0.471041,0.061709,1,0,0,6.330111
0.532777,5e-06,1,0,0,7.224805
0.532808,5e-06,1,0,0,7.181283
0.532838,5e-06,1,0,0,7.224805
0.532864,0.002574,0,0,0,0
0.535439,0.003673,0,0,0,0
0.53912,5e-06,0,1,0,7.450581
