start,duration,H2D,D2H,D2D,Throughput
0.465342,0.000788,1,0,0,4.955026
0.466143,1e-06,1,0,0,2.591506
0.466152,1e-06,1,0,0,2.591506
0.466162,1e-06,1,0,0,2.591506
0.46619,0.000226,0,0,0,0
0.466417,0.000203,0,0,0,0
0.466626,1e-06,0,1,0,2.649095
