start,duration,direction,throughput
0.466365,0.022156,0,6.347108
0.488545,4e-06,0,6.329697
0.488567,4e-06,0,6.329697
0.488589,4e-06,0,6.329697
0.492212,2e-06,1,9.41126
