start,duration,direction,throughput
0.461671,0.014298,0,4.371177
0.475986,3e-06,0,5.544618
0.476004,3e-06,0,5.544618
0.47602,3e-06,0,5.544618
0.478385,2e-06,1,8.22133
