start,duration,threads_x,threads_y,threads_z
0.476045,0.000898,4096.0,1.0,1.0
0.476945,0.001437,4096.0,1.0,1.0
