start,duration,threads_x,threads_y,threads_z
0.482077,0.001288,5120.0,1.0,1.0
0.483366,0.001823,5120.0,1.0,1.0
