start,duration,threads_x,threads_y,threads_z
0.488618,0.001453,6144.0,1.0,1.0
0.490073,0.002139,6144.0,1.0,1.0
