start,duration,H2D,D2H,D2D,Throughput
0.461218,0.072681,1,0,0,4.353345
0.533924,5e-06,1,0,0,6.705523
0.533951,5e-06,1,0,0,7.012311
0.533978,5e-06,1,0,0,7.058445
0.534003,0.002223,0,0,0,0
0.536227,0.003244,0,0,0,0
0.53948,4e-06,0,1,0,8.316927
