start,duration,threads_x,threads_y,threads_z
0.48476,0.000728,3072.0,1.0,1.0
0.485489,0.001058,3072.0,1.0,1.0
