start,duration,direction,throughput
0.463198,0.039509,0,6.327663
0.50273,4e-06,0,6.860966
0.502758,4e-06,0,6.860966
0.502785,4e-06,0,6.860966
0.507535,3e-06,1,8.830318
