start,duration,direction,throughput
0.471041,0.061709,0,6.330111
0.532777,5e-06,0,7.224805
0.532808,5e-06,0,7.181283
0.532838,5e-06,0,7.224805
0.53912,5e-06,1,7.450581
