start,duration,H2D,D2H,D2D,Throughput
0.459639,0.022353,1,0,0,4.368732
0.482011,3e-06,1,0,0,6.020671
0.482031,3e-06,1,0,0,6.020671
0.482049,3e-06,1,0,0,6.020671
0.482077,0.001288,0,0,0,0
0.483366,0.001823,0,0,0,0
0.485192,3e-06,0,1,0,6.622738
