start,duration,threads_x,threads_y,threads_z
0.462799,0.000452,2048.0,1.0,1.0
0.463252,0.000714,2048.0,1.0,1.0
