start,duration,threads_x,threads_y,threads_z
1.423112,6.2e-05,1536000.0,1.0,1.0
1.431394,6.1e-05,2560000.0,1.0,1.0
