start,duration,threads_x,threads_y,threads_z
1.867084,6.3e-05,1536000.0,1.0,1.0
1.87683,6.2e-05,2560000.0,1.0,1.0
