start,duration,threads_x,threads_y,threads_z
2.668463,6.5e-05,1536000.0,1.0,1.0
2.679397,6.3e-05,2560000.0,1.0,1.0
