start,duration,threads_x,threads_y,threads_z
2.545221,6.4e-05,1536000.0,1.0,1.0
2.55566,6.4e-05,2560000.0,1.0,1.0
