start,duration,threads_x,threads_y,threads_z
3.366299,6.3e-05,1536000.0,1.0,1.0
3.375992,6.3e-05,2560000.0,1.0,1.0
