start,duration,threads_x,threads_y,threads_z
1.394197,6.2e-05,1536000.0,1.0,1.0
1.401986,6.1e-05,2560000.0,1.0,1.0
