start,duration,threads_x,threads_y,threads_z
1.904085,6.3e-05,1536000.0,1.0,1.0
1.913267,6.3e-05,2560000.0,1.0,1.0
