start,duration,threads_x,threads_y,threads_z
1.322553,6.1e-05,1536000.0,1.0,1.0
1.329959,6.1e-05,2560000.0,1.0,1.0
