start,duration,threads_x,threads_y,threads_z
1.858648,6.3e-05,1536000.0,1.0,1.0
1.867803,6.2e-05,2560000.0,1.0,1.0
