start,duration,direction,throughput
0.601241,0.000183,0,8.129671
0.601698,0.006326,0,4.004154
0.608146,0.000124,1,12.01106
0.610454,1e-06,0,0.058208
0.610719,0.006325,0,4.00537
0.6173,0.006347,0,3.991375
0.623843,0.000125,1,11.924966
0.62407,0.002381,1,10.64057
