start,duration,direction,throughput
0.48768,0.000322,0,6.058167
0.488225,0.007556,0,4.394286
0.495932,0.000162,1,12.036267
0.49818,1e-06,0,0.043023
0.49841,0.007536,0,4.405742
0.506172,0.007439,0,4.463221
0.51385,0.000293,1,6.661876
0.514361,0.006923,1,4.795776
