start,duration,threads_x,threads_y,threads_z
0.47704,7.4e-05,16.0,262144.0,1.0
0.486265,9.7e-05,16.0,262144.0,1.0
