start,duration,threads_x,threads_y,threads_z
0.495789,0.000141,16.0,524288.0,1.0
0.513644,0.000188,16.0,524288.0,1.0
