start,duration,H2D,D2H,D2D,Throughput
0.505999,0.000543,1,0,0,5.490405
0.506783,0.011566,1,0,0,4.380591
0.518359,0.000211,0,0,0,0
0.518574,0.001284,0,1,0,2.320507
0.522999,1e-06,1,0,0,0.058208
0.523227,0.011506,1,0,0,4.403092
0.534958,0.011523,1,0,0,4.396746
0.546517,0.000284,0,0,0,0
0.546817,0.000513,0,1,0,5.807785
0.547563,0.010707,0,1,0,4.731851
