start,duration,direction,throughput
0.473011,9e-05,0,10.891519
0.473321,0.003714,0,4.469553
0.477116,8e-05,1,12.14902
0.478445,1e-06,0,0.058208
0.478673,0.003678,0,4.513924
0.482574,0.00366,0,4.535786
0.486381,8.3e-05,1,11.80597
0.48668,0.002846,1,5.833561
