start,duration,H2D,D2H,D2D,Throughput
0.476818,0.00011,1,0,0,10.925733
0.477161,0.004551,1,0,0,4.480644
0.481722,8.9e-05,0,0,0,0
0.481818,0.0001,0,1,0,11.961106
0.483539,1e-06,1,0,0,0.058208
0.483771,0.004508,1,0,0,4.523516
0.488505,0.004499,1,0,0,4.532364
0.493039,0.000118,0,0,0,0
0.493174,0.000101,0,1,0,11.885413
0.493368,0.004062,0,1,0,5.020194
