start,duration,H2D,D2H,D2D,Throughput
0.473011,9e-05,1,0,0,10.891519
0.473321,0.003714,1,0,0,4.469553
0.47704,7.4e-05,0,0,0,0
0.477116,8e-05,0,1,0,12.14902
0.478445,1e-06,1,0,0,0.058208
0.478673,0.003678,1,0,0,4.513924
0.482574,0.00366,1,0,0,4.535786
0.486265,9.7e-05,0,0,0,0
0.486381,8.3e-05,0,1,0,11.80597
0.48668,0.002846,0,1,0,5.833561
