start,duration,direction,throughput
0.46649,4.5e-05,0,10.837291
0.466784,0.00175,0,4.743532
0.468582,4.1e-05,1,11.967678
0.469324,2e-06,0,0.042108
0.469563,0.001736,0,4.78113
0.471527,0.001739,0,4.772243
0.473369,5.1e-05,1,9.548939
0.473535,0.000866,1,9.583445
