start,duration,H2D,D2H,D2D,Throughput
0.50435,0.000422,1,0,0,5.782988
0.505042,0.010319,1,0,0,4.02198
0.515367,0.000174,0,0,0,0
0.515549,0.000777,0,1,0,3.140484
0.51875,1e-06,1,0,0,0.058208
0.519011,0.010264,1,0,0,4.043471
0.529528,0.010428,1,0,0,3.980091
0.539991,0.000234,0,0,0,0
0.540243,0.000216,0,1,0,11.299633
0.540571,0.003878,0,1,0,10.702775
