start,duration,direction,throughput
0.502764,0.000272,0,8.227366
0.503218,0.006924,0,5.487873
0.510313,0.000756,1,2.958372
0.513829,1e-06,0,0.043979
0.514011,0.00691,0,5.498878
0.521121,0.007502,0,5.064984
0.528888,0.000358,1,6.245555
0.52956,0.003925,1,9.681418
