start,duration,H2D,D2H,D2D,Throughput
0.483056,0.000282,1,0,0,6.593634
0.483581,0.007096,1,0,0,4.462461
0.490682,0.000134,0,0,0,0
0.490823,0.000154,0,1,0,12.056424
0.493688,1e-06,1,0,0,0.058208
0.493921,0.007095,1,0,0,4.462823
0.501241,0.007094,1,0,0,4.463869
0.508368,0.00018,0,0,0,0
0.508567,0.000155,0,1,0,12.029119
0.509072,0.00659,0,1,0,4.804858
