start,duration,direction,throughput
0.476818,0.00011,0,10.925733
0.477161,0.004551,0,4.480644
0.481818,0.0001,1,11.961106
0.483539,1e-06,0,0.058208
0.483771,0.004508,0,4.523516
0.488505,0.004499,0,4.532364
0.493174,0.000101,1,11.885413
0.493368,0.004062,1,5.020194
