start,duration,threads_x,threads_y,threads_z
0.60803,0.000108,16.0,400000.0,1.0
0.62368,0.000145,16.0,400000.0,1.0
