start,duration,threads_x,threads_y,threads_z
0.518359,0.000211,16.0,800000.0,1.0
0.546517,0.000284,16.0,800000.0,1.0
