start,duration,H2D,D2H,D2D,Throughput
0.601241,0.000183,1,0,0,8.129671
0.601698,0.006326,1,0,0,4.004154
0.60803,0.000108,0,0,0,0
0.608146,0.000124,0,1,0,12.01106
0.610454,1e-06,1,0,0,0.058208
0.610719,0.006325,1,0,0,4.00537
0.6173,0.006347,1,0,0,3.991375
0.62368,0.000145,0,0,0,0
0.623843,0.000125,0,1,0,11.924966
0.62407,0.002381,0,1,0,10.64057
