start,duration,threads_x,threads_y,threads_z
0.490682,0.000134,16.0,500000.0,1.0
0.508368,0.00018,16.0,500000.0,1.0
