start,duration,direction,throughput
0.50435,0.000422,0,5.782988
0.505042,0.010319,0,4.02198
0.515549,0.000777,1,3.140484
0.51875,1e-06,0,0.058208
0.519011,0.010264,0,4.043471
0.529528,0.010428,0,3.980091
0.540243,0.000216,1,11.299633
0.540571,0.003878,1,10.702775
