start,duration,H2D,D2H,D2D,Throughput
0.48768,0.000322,1,0,0,6.058167
0.488225,0.007556,1,0,0,4.394286
0.495789,0.000141,0,0,0,0
0.495932,0.000162,0,1,0,12.036267
0.49818,1e-06,1,0,0,0.043023
0.49841,0.007536,1,0,0,4.405742
0.506172,0.007439,1,0,0,4.463221
0.513644,0.000188,0,0,0,0
0.51385,0.000293,0,1,0,6.661876
0.514361,0.006923,0,1,0,4.795776
