start,duration,H2D,D2H,D2D,Throughput
0.505972,0.000506,1,0,0,5.560705
0.506709,0.011086,1,0,0,4.315184
0.517803,0.0002,0,0,0,0
0.518008,0.000767,0,1,0,3.671067
0.522243,1e-06,1,0,0,0.056545
0.522475,0.010836,1,0,0,4.414748
0.533536,0.010834,1,0,0,4.415296
0.544405,0.000268,0,0,0,0
0.544691,0.000384,0,1,0,7.323789
0.545409,0.010063,0,1,0,4.753676
