start,duration,H2D,D2H,D2D,Throughput
0.502764,0.000272,1,0,0,8.227366
0.503218,0.006924,1,0,0,5.487873
0.51015,0.000159,0,0,0,0
0.510313,0.000756,0,1,0,2.958372
0.513829,1e-06,1,0,0,0.043979
0.514011,0.00691,1,0,0,5.498878
0.521121,0.007502,1,0,0,5.064984
0.528654,0.000215,0,0,0,0
0.528888,0.000358,0,1,0,6.245555
0.52956,0.003925,0,1,0,9.681418
