start,duration,threads_x,threads_y,threads_z
0.481722,8.9e-05,16.0,322000.0,1.0
0.493039,0.000118,16.0,322000.0,1.0
