start,duration,threads_x,threads_y,threads_z
0.515367,0.000174,16.0,655360.0,1.0
0.539991,0.000234,16.0,655360.0,1.0
