start,duration,direction,throughput
0.505999,0.000543,0,5.490405
0.506783,0.011566,0,4.380591
0.518574,0.001284,1,2.320507
0.522999,1e-06,0,0.058208
0.523227,0.011506,0,4.403092
0.534958,0.011523,0,4.396746
0.546817,0.000513,1,5.807785
0.547563,0.010707,1,4.731851
