start,duration,direction,throughput
0.483056,0.000282,0,6.593634
0.483581,0.007096,0,4.462461
0.490823,0.000154,1,12.056424
0.493688,1e-06,0,0.058208
0.493921,0.007095,0,4.462823
0.501241,0.007094,0,4.463869
0.508567,0.000155,1,12.029119
0.509072,0.00659,1,4.804858
