start,duration,threads_x,threads_y,threads_z
0.51015,0.000159,16.0,600000.0,1.0
0.528654,0.000215,16.0,600000.0,1.0
