start,duration,threads_x,threads_y,threads_z
0.517803,0.0002,16.0,755360.0,1.0
0.544405,0.000268,16.0,755360.0,1.0
