start,duration,direction,throughput
0.459554,0.032052,0,4.387422
0.491626,4e-06,0,6.386212
0.491648,4e-06,0,6.329697
0.491667,4e-06,0,6.386212
0.491688,4e-06,0,6.387994
0.495335,3e-06,1,8.830318
0.495364,2e-06,1,9.669702
