start,duration,threads_x,threads_y,threads_z
0.475543,0.001457,4096.0,1.0,1.0
0.477019,0.000899,4096.0,1.0,1.0
