start,duration,H2D,D2H,D2D,Throughput
0.460245,0.014343,1,0,0,4.357613
0.474605,3e-06,1,0,0,5.544618
0.474623,3e-06,1,0,0,5.544618
0.474638,3e-06,1,0,0,5.544618
0.474655,3e-06,1,0,0,5.544618
0.474681,0.001451,0,0,0,0
0.47615,0.000901,0,0,0,0
0.477066,2e-06,0,1,0,7.568844
0.477089,2e-06,0,1,0,8.22133
