start,duration,H2D,D2H,D2D,Throughput
0.461073,0.014375,1,0,0,4.347831
0.475466,3e-06,1,0,0,5.544618
0.475483,3e-06,1,0,0,5.609849
0.475498,3e-06,1,0,0,5.544618
0.475515,3e-06,1,0,0,5.609849
0.475543,0.001457,0,0,0,0
0.477019,0.000899,0,0,0,0
0.477934,2e-06,0,1,0,7.690922
0.477956,2e-06,0,1,0,8.996928
