start,duration,H2D,D2H,D2D,Throughput
0.467661,0.000786,1,0,0,4.971169
0.468459,1e-06,1,0,0,2.591506
0.468469,2e-06,1,0,0,2.536368
0.468478,2e-06,1,0,0,2.536368
0.468487,1e-06,1,0,0,2.591506
0.468513,0.000201,0,0,0,0
0.468732,0.000225,0,0,0,0
0.468971,1e-06,0,1,0,2.709302
0.468985,1e-06,0,1,0,2.774325
