start,duration,threads_x,threads_y,threads_z
0.484477,0.001835,5120.0,1.0,1.0
0.486331,0.001286,5120.0,1.0,1.0
