start,duration,direction,throughput
0.468939,0.015433,0,6.32778
0.484391,3e-06,0,5.960464
0.484412,3e-06,0,6.020671
0.48443,3e-06,0,6.020671
0.484449,3e-06,0,6.020671
0.487633,2e-06,1,8.39502
0.487658,2e-06,1,9.313226
