start,duration,direction,throughput
0.467661,0.000786,0,4.971169
0.468459,1e-06,0,2.591506
0.468469,2e-06,0,2.536368
0.468478,2e-06,0,2.536368
0.468487,1e-06,0,2.591506
0.468971,1e-06,1,2.709302
0.468985,1e-06,1,2.774325
