start,duration,H2D,D2H,D2D,Throughput
0.464872,0.030218,1,0,0,6.334236
0.495112,4e-06,1,0,0,6.622738
0.495137,4e-06,1,0,0,6.622738
0.495158,4e-06,1,0,0,6.622738
0.495181,4e-06,1,0,0,6.622738
0.495207,0.002562,0,0,0,0
0.497789,0.001753,0,0,0,0
0.499559,3e-06,0,1,0,8.023702
0.499591,3e-06,0,1,0,8.783842
