start,duration,threads_x,threads_y,threads_z
0.468513,0.000201,1024.0,1.0,1.0
0.468732,0.000225,1024.0,1.0,1.0
