start,duration,threads_x,threads_y,threads_z
0.474681,0.001451,4096.0,1.0,1.0
0.47615,0.000901,4096.0,1.0,1.0
