start,duration,threads_x,threads_y,threads_z
0.495207,0.002562,7168.0,1.0,1.0
0.497789,0.001753,7168.0,1.0,1.0
