start,duration,direction,throughput
0.464872,0.030218,0,6.334236
0.495112,4e-06,0,6.622738
0.495137,4e-06,0,6.622738
0.495158,4e-06,0,6.622738
0.495181,4e-06,0,6.622738
0.499559,3e-06,1,8.023702
0.499591,3e-06,1,8.783842
