start,duration,H2D,D2H,D2D,Throughput
0.459554,0.032052,1,0,0,4.387422
0.491626,4e-06,1,0,0,6.386212
0.491648,4e-06,1,0,0,6.329697
0.491667,4e-06,1,0,0,6.386212
0.491688,4e-06,1,0,0,6.387994
0.491713,0.002155,0,0,0,0
0.493887,0.001433,0,0,0,0
0.495335,3e-06,0,1,0,8.830318
0.495364,2e-06,0,1,0,9.669702
