start,duration,direction,throughput
0.461073,0.014375,0,4.347831
0.475466,3e-06,0,5.544618
0.475483,3e-06,0,5.609849
0.475498,3e-06,0,5.544618
0.475515,3e-06,0,5.609849
0.477934,2e-06,1,7.690922
0.477956,2e-06,1,8.996928
