start,duration,direction,throughput
0.466604,0.005538,0,6.348288
0.472157,2e-06,0,4.899012
0.472173,2e-06,0,4.967054
0.472187,2e-06,0,4.899012
0.472202,2e-06,0,4.967054
0.474076,2e-06,1,5.259233
0.474098,2e-06,1,5.862752
