start,duration,H2D,D2H,D2D,Throughput
0.467843,0.002452,1,0,0,6.3731
0.47031,2e-06,1,0,0,4.040993
0.470325,2e-06,1,0,0,4.040993
0.470337,2e-06,1,0,0,4.043134
0.470349,2e-06,1,0,0,4.040993
0.470377,0.00074,0,0,0,0
0.471137,0.00045,0,0,0,0
0.471603,2e-06,0,1,0,4.334883
0.471621,1e-06,0,1,0,5.183013
