start,duration,H2D,D2H,D2D,Throughput
0.468612,0.039405,1,0,0,6.344395
0.508041,4e-06,1,0,0,6.860966
0.508069,4e-06,1,0,0,6.860966
0.508093,4e-06,1,0,0,6.860966
0.508119,4e-06,1,0,0,6.81348
0.508145,0.002903,0,0,0,0
0.511069,0.001829,0,0,0,0
0.512916,4e-06,0,1,0,7.75345
0.512949,3e-06,0,1,0,8.996928
