start,duration,threads_x,threads_y,threads_z
0.515101,0.003258,9216.0,1.0,1.0
0.518377,0.002211,9216.0,1.0,1.0
