start,duration,direction,throughput
0.468612,0.039405,0,6.344395
0.508041,4e-06,0,6.860966
0.508069,4e-06,0,6.860966
0.508093,4e-06,0,6.860966
0.508119,4e-06,0,6.81348
0.512916,4e-06,1,7.75345
0.512949,3e-06,1,8.996928
