start,duration,threads_x,threads_y,threads_z
0.47223,0.00108,3072.0,1.0,1.0
0.473328,0.000731,3072.0,1.0,1.0
