start,duration,threads_x,threads_y,threads_z
0.491713,0.002155,6144.0,1.0,1.0
0.493887,0.001433,6144.0,1.0,1.0
