start,duration,threads_x,threads_y,threads_z
0.508145,0.002903,8192.0,1.0,1.0
0.511069,0.001829,8192.0,1.0,1.0
