start,duration,H2D,D2H,D2D,Throughput
0.468939,0.015433,1,0,0,6.32778
0.484391,3e-06,1,0,0,5.960464
0.484412,3e-06,1,0,0,6.020671
0.48443,3e-06,1,0,0,6.020671
0.484449,3e-06,1,0,0,6.020671
0.484477,0.001835,0,0,0,0
0.486331,0.001286,0,0,0,0
0.487633,2e-06,0,1,0,8.39502
0.487658,2e-06,0,1,0,9.313226
