start,duration,direction,throughput
0.460708,0.089525,0,4.363282
0.55026,5e-06,0,7.181283
0.55029,5e-06,0,7.181283
0.550317,5e-06,0,7.181283
0.550346,5e-06,0,7.181283
0.556601,5e-06,1,7.268859
0.556641,4e-06,1,9.691812
