start,duration,H2D,D2H,D2D,Throughput
0.460708,0.089525,1,0,0,4.363282
0.55026,5e-06,1,0,0,7.181283
0.55029,5e-06,1,0,0,7.181283
0.550317,5e-06,1,0,0,7.181283
0.550346,5e-06,1,0,0,7.181283
0.550372,0.00369,0,0,0,0
0.554081,0.002505,0,0,0,0
0.556601,5e-06,0,1,0,7.268859
0.556641,4e-06,0,1,0,9.691812
