start,duration,H2D,D2H,D2D,Throughput
0.464604,0.05036,1,0,0,6.282862
0.514991,5e-06,1,0,0,7.012311
0.51502,5e-06,1,0,0,7.058445
0.515046,5e-06,1,0,0,7.012311
0.515074,5e-06,1,0,0,7.012311
0.515101,0.003258,0,0,0,0
0.518377,0.002211,0,0,0,0
0.520604,4e-06,0,1,0,8.006594
0.520644,4e-06,0,1,0,9.248997
