start,duration,threads_x,threads_y,threads_z
0.470377,0.00074,2048.0,1.0,1.0
0.471137,0.00045,2048.0,1.0,1.0
