start,duration,threads_x,threads_y,threads_z
0.550372,0.00369,10240.0,1.0,1.0
0.554081,0.002505,10240.0,1.0,1.0
