start,duration,direction,throughput
0.467843,0.002452,0,6.3731
0.47031,2e-06,0,4.040993
0.470325,2e-06,0,4.040993
0.470337,2e-06,0,4.043134
0.470349,2e-06,0,4.040993
0.471603,2e-06,1,4.334883
0.471621,1e-06,1,5.183013
