start,duration,direction,throughput
0.464604,0.05036,0,6.282862
0.514991,5e-06,0,7.012311
0.51502,5e-06,0,7.058445
0.515046,5e-06,0,7.012311
0.515074,5e-06,0,7.012311
0.520604,4e-06,1,8.006594
0.520644,4e-06,1,9.248997
