start,duration,H2D,D2H,D2D,Throughput
0.467078,6e-06,1,0,0,7.462521
0.467091,0.002608,0,0,0,0
0.469706,2e-06,0,1,0,4.850638
