start,duration,direction,throughput
0.46795,3e-06,0,6.082107
0.469199,2e-06,1,2.207579
