start,duration,H2D,D2H,D2D,Throughput
0.46795,3e-06,1,0,0,6.082107
0.467973,0.001223,0,0,0,0
0.469199,2e-06,0,1,0,2.207579
