start,duration,direction,throughput
0.461147,5e-06,0,7.181283
0.463183,2e-06,1,3.973643
