start,duration,H2D,D2H,D2D,Throughput
0.468879,3e-06,1,0,0,6.00079
0.468901,0.001171,0,0,0,0
0.470075,2e-06,0,1,0,2.042374
