start,duration,H2D,D2H,D2D,Throughput
0.459844,8e-06,1,0,0,7.389006
0.459859,0.002972,0,0,0,0
0.462838,2e-06,0,1,0,5.501967
