start,duration,direction,throughput
0.462438,6e-06,0,7.430765
0.464761,2e-06,1,4.989228
