start,duration,direction,throughput
0.459007,5e-06,0,7.142044
0.461035,2e-06,1,4.233284
