start,duration,H2D,D2H,D2D,Throughput
0.470791,8e-06,1,0,0,7.761021
0.470806,0.003023,0,0,0,0
0.47383,2e-06,0,1,0,5.731216
