start,duration,H2D,D2H,D2D,Throughput
0.462438,6e-06,1,0,0,7.430765
0.462452,0.002308,0,0,0,0
0.464761,2e-06,0,1,0,4.989228
