start,duration,direction,throughput
0.460719,4e-06,0,6.29272
0.462016,2e-06,1,2.635819
