start,duration,H2D,D2H,D2D,Throughput
0.459331,7e-06,1,0,0,7.692642
0.459345,0.002864,0,0,0,0
0.462212,2e-06,0,1,0,5.632999
