start,duration,direction,throughput
0.467078,6e-06,0,7.462521
0.469706,2e-06,1,4.850638
