start,duration,H2D,D2H,D2D,Throughput
0.460719,4e-06,1,0,0,6.29272
0.460735,0.001275,0,0,0,0
0.462016,2e-06,0,1,0,2.635819
