start,duration,direction,throughput
0.470791,8e-06,0,7.761021
0.47383,2e-06,1,5.731216
