start,duration,H2D,D2H,D2D,Throughput
0.461147,5e-06,1,0,0,7.181283
0.461162,0.00202,0,0,0,0
0.463183,2e-06,0,1,0,3.973643
