start,duration,direction,throughput
0.468879,3e-06,0,6.00079
0.470075,2e-06,1,2.042374
