start,duration,H2D,D2H,D2D,Throughput
0.459007,5e-06,1,0,0,7.142044
0.459022,0.002012,0,0,0,0
0.461035,2e-06,0,1,0,4.233284
