start,duration,direction,throughput
0.459844,8e-06,0,7.389006
0.462838,2e-06,1,5.501967
