start,duration,direction,throughput
0.459331,7e-06,0,7.692642
0.462212,2e-06,1,5.632999
