start,duration,direction,throughput
0.620461,0.003181,0,4.684835
0.623867,0.003094,0,4.816289
0.627193,0.003162,0,4.712426
0.669319,0.005377,1,2.771057
0.674929,0.00492,1,3.028813
