start,duration,direction,throughput
0.567076,0.003152,0,4.726966
0.57045,0.002886,0,5.1633
0.573558,0.003009,0,4.9517
0.603311,0.005341,1,2.789782
0.608885,0.004947,1,3.012412
