start,duration,direction,throughput
0.669521,0.002096,0,7.110303
0.671789,0.001916,0,7.776039
0.673886,0.002023,0,7.364202
0.724577,0.005058,1,2.946222
0.729747,0.005162,1,2.886557
