start,duration,direction,throughput
0.654178,0.003103,0,4.80164
0.657501,0.003076,0,4.844501
0.6608,0.003148,0,4.733358
0.710142,0.005309,1,2.806936
0.71567,0.004902,1,3.039845
