start,duration,direction,throughput
0.589722,0.003109,0,4.792941
0.593054,0.003043,0,4.897126
0.596319,0.003036,0,4.908224
0.631038,0.005014,1,2.971734
0.636311,0.005221,1,2.854335
