start,duration,direction,throughput
0.642952,0.003153,0,4.725625
0.646326,0.003085,0,4.829578
0.649634,0.003113,0,4.785995
0.6965,0.005373,1,2.773367
0.702105,0.004915,1,3.031494
