start,duration,direction,throughput
0.618863,0.002104,0,7.083476
0.621159,0.00189,0,7.88599
0.623224,0.001836,0,8.11664
0.661553,0.005022,1,2.967303
0.666685,0.005219,1,2.855053
