start,duration,direction,throughput
0.630072,0.003067,0,4.858755
0.63336,0.003162,0,4.712572
0.636749,0.003144,0,4.740057
0.68167,0.005322,1,2.799915
0.687251,0.005268,1,2.828487
