start,duration,direction,throughput
0.579637,0.003157,0,4.719727
0.583013,0.002946,0,5.057312
0.586182,0.002982,0,4.99659
0.618444,0.004998,1,2.981243
0.623704,0.005245,1,2.841011
