start,duration,direction,throughput
0.673236,0.003158,0,4.718396
0.67662,0.003048,0,4.888749
0.679893,0.003122,0,4.772507
0.73417,0.005338,1,2.791774
0.739739,0.004915,1,3.031988
