start,duration,direction,throughput
0.601168,0.003234,0,4.608017
0.604642,0.003031,0,4.915529
0.607896,0.003069,0,4.854752
0.644947,0.004965,1,3.001249
0.650174,0.005269,1,2.82828
