start,duration,threads_x,threads_y,threads_z
0.474703,0.000565,2048.0,1.0,1.0
0.475269,0.113079,1.0,1.0,1.0
