start,duration,direction,throughput
0.466044,0.000496,0,6.054311
0.542055,2e-06,1,0.002377
