start,duration,direction,throughput
0.47369,0.000786,0,5.763686
0.588355,1e-06,1,0.002707
