start,duration,direction,throughput
0.46574,9.7e-05,0,10.810108
0.492302,1e-06,1,0.002772
