start,duration,direction,throughput
0.464052,8.6e-05,0,11.097157
0.488223,1e-06,1,0.002839
