start,duration,threads_x,threads_y,threads_z
0.466726,0.000388,2048.0,1.0,1.0
0.467115,0.074937,1.0,1.0,1.0
