start,duration,direction,throughput
0.478471,0.000749,0,5.85409
0.58941,1e-06,1,0.002839
