start,duration,threads_x,threads_y,threads_z
0.479454,0.000524,2048.0,1.0,1.0
0.479979,0.109425,1.0,1.0,1.0
