start,duration,H2D,D2H,D2D,Throughput
0.47369,0.000786,1,0,0,5.763686
0.474671,1e-06,0,0,0,0
0.474703,0.000565,0,0,0,0
0.475269,0.113079,0,0,0,0
0.588355,1e-06,0,1,0,0.002707
