start,duration,direction,throughput
0.475433,6.8e-05,0,10.964671
0.494474,1e-06,1,0.002772
