start,duration,H2D,D2H,D2D,Throughput
0.478471,0.000749,1,0,0,5.85409
0.479423,1e-06,0,0,0,0
0.479454,0.000524,0,0,0,0
0.479979,0.109425,0,0,0,0
0.58941,1e-06,0,1,0,0.002839
