start,duration,direction,throughput
0.467762,0.000709,0,5.565951
0.567615,1e-06,1,0.002839
