start,duration,H2D,D2H,D2D,Throughput
0.478644,9.7e-05,1,0,0,10.761852
0.478936,1e-06,0,0,0,0
0.478965,0.000134,0,0,0,0
0.4791,0.025977,0,0,0,0
0.505085,1e-06,0,1,0,0.002839
