start,duration,threads_x,threads_y,threads_z
0.468667,0.000493,2048.0,1.0,1.0
0.469161,0.098452,1.0,1.0,1.0
