start,duration,H2D,D2H,D2D,Throughput
0.466044,0.000496,1,0,0,6.054311
0.466694,1e-06,0,0,0,0
0.466726,0.000388,0,0,0,0
0.467115,0.074937,0,0,0,0
0.542055,2e-06,0,1,0,0.002377
