start,duration,H2D,D2H,D2D,Throughput
0.464052,8.6e-05,1,0,0,11.097157
0.464273,1e-06,0,0,0,0
0.464316,0.000112,0,0,0,0
0.464429,0.023793,0,0,0,0
0.488223,1e-06,0,1,0,0.002839
