start,duration,direction,throughput
0.468637,0.000109,0,10.905073
0.498783,1e-06,1,0.002839
