start,duration,H2D,D2H,D2D,Throughput
0.475433,6.8e-05,1,0,0,10.964671
0.47564,1e-06,0,0,0,0
0.475669,9.8e-05,0,0,0,0
0.475768,0.018705,0,0,0,0
0.494474,1e-06,0,1,0,0.002772
