start,duration,threads_x,threads_y,threads_z
0.468952,0.000154,2048.0,1.0,1.0
0.469108,0.029672,1.0,1.0,1.0
