start,duration,direction,throughput
0.478644,9.7e-05,0,10.761852
0.505085,1e-06,1,0.002839
