start,duration,threads_x,threads_y,threads_z
0.464316,0.000112,2048.0,1.0,1.0
0.464429,0.023793,1.0,1.0,1.0
