start,duration,H2D,D2H,D2D,Throughput
0.468637,0.000109,1,0,0,10.905073
0.468921,1e-06,0,0,0,0
0.468952,0.000154,0,0,0,0
0.469108,0.029672,0,0,0,0
0.498783,1e-06,0,1,0,0.002839
