start,duration,threads_x,threads_y,threads_z
0.466026,0.00012,2048.0,1.0,1.0
0.466147,0.026151,1.0,1.0,1.0
