start,duration,H2D,D2H,D2D,Throughput
0.464912,6.2e-05,1,0,0,10.934497
0.465154,1e-06,0,0,0,0
0.465198,8.9e-05,0,0,0,0
0.465288,0.017037,0,0,0,0
0.48233,1e-06,0,1,0,0.002985
