start,duration,direction,throughput
0.464912,6.2e-05,0,10.934497
0.48233,1e-06,1,0.002985
