start,duration,direction,throughput
0.474,3e-06,0,5.939557
0.474443,1e-06,0,0.023283
0.4749,2e-06,1,0.015785
0.475265,4e-06,1,5.197113
