start,duration,direction,throughput
0.588409,0.001344,0,5.543665
0.59016,1e-06,0,0.020696
0.598606,3e-06,1,0.010957
0.598959,0.001056,1,7.057065
