start,duration,H2D,D2H,D2D,Throughput
0.713469,0.002861,1,0,0,5.208113
0.716595,1e-06,0,0,0,0
0.716778,1e-06,1,0,0,0.021166
0.730628,3e-06,0,1,0,0.010957
0.730979,0.002288,0,1,0,6.513932
