start,duration,direction,throughput
0.531691,0.000621,0,5.995613
0.532726,1e-06,0,0.023283
0.537201,3e-06,1,0.010829
0.53756,0.000462,1,8.066018
