start,duration,H2D,D2H,D2D,Throughput
0.70654,0.002861,1,0,0,5.208055
0.709662,1e-06,0,0,0,0
0.709847,1e-06,1,0,0,0.021166
0.727469,3e-06,0,1,0,0.010957
0.727821,0.002103,0,1,0,7.08423
