start,duration,H2D,D2H,D2D,Throughput
0.474,3e-06,1,0,0,5.939557
0.474278,2e-06,0,0,0,0
0.474443,1e-06,1,0,0,0.023283
0.4749,2e-06,0,1,0,0.015785
0.475265,4e-06,0,1,0,5.197113
