start,duration,H2D,D2H,D2D,Throughput
0.531691,0.000621,1,0,0,5.995613
0.532538,1e-06,0,0,0,0
0.532726,1e-06,1,0,0,0.023283
0.537201,3e-06,0,1,0,0.010829
0.53756,0.000462,0,1,0,8.066018
