start,duration,direction,throughput
0.600908,0.000699,0,10.652102
0.60202,1e-06,0,0.020696
0.610291,3e-06,1,0.010464
0.610642,0.001194,1,6.239014
