start,duration,H2D,D2H,D2D,Throughput
0.600908,0.000699,1,0,0,10.652102
0.601839,1e-06,0,0,0,0
0.60202,1e-06,1,0,0,0.020696
0.610291,3e-06,0,1,0,0.010464
0.610642,0.001194,0,1,0,6.239014
