start,duration,direction,throughput
0.666243,0.002103,0,5.315515
0.668813,2e-06,0,0.019007
0.679307,3e-06,1,0.010957
0.679679,0.001952,1,5.726734
