start,duration,H2D,D2H,D2D,Throughput
0.65116,0.002048,1,0,0,5.457131
0.653461,1e-06,0,0,0,0
0.653642,1e-06,1,0,0,0.021166
0.664408,3e-06,0,1,0,0.010464
0.664761,0.001545,0,1,0,7.233864
