start,duration,H2D,D2H,D2D,Throughput
0.666243,0.002103,1,0,0,5.315515
0.66862,1e-06,0,0,0,0
0.668813,2e-06,1,0,0,0.019007
0.679307,3e-06,0,1,0,0.010957
0.679679,0.001952,0,1,0,5.726734
