start,duration,direction,throughput
0.713469,0.002861,0,5.208113
0.716778,1e-06,0,0.021166
0.730628,3e-06,1,0.010957
0.730979,0.002288,1,6.513932
