start,duration,H2D,D2H,D2D,Throughput
0.533276,0.000623,1,0,0,5.979916
0.534114,1e-06,0,0,0,0
0.534285,1e-06,1,0,0,0.02388
0.538676,3e-06,0,1,0,0.010957
0.539021,0.000446,0,1,0,8.347092
