start,duration,H2D,D2H,D2D,Throughput
0.588409,0.001344,1,0,0,5.543665
0.589987,1e-06,0,0,0,0
0.59016,1e-06,1,0,0,0.020696
0.598606,3e-06,0,1,0,0.010957
0.598959,0.001056,0,1,0,7.057065
