start,duration,direction,throughput
0.533276,0.000623,0,5.979916
0.534285,1e-06,0,0.02388
0.538676,3e-06,1,0.010957
0.539021,0.000446,1,8.347092
