start,duration,direction,throughput
0.70654,0.002861,0,5.208055
0.709847,1e-06,0,0.021166
0.727469,3e-06,1,0.010957
0.727821,0.002103,1,7.08423
