start,duration,H2D,D2H,D2D,Throughput
0.589709,0.001341,1,0,0,5.557957
0.591282,1e-06,0,0,0,0
0.591455,1e-06,1,0,0,0.020246
0.601389,3e-06,0,1,0,0.010468
0.601754,0.001015,0,1,0,7.341674
