start,duration,H2D,D2H,D2D,Throughput
0.818417,0.0016,1,0,0,4.881308
0.820025,0.001855,1,0,0,4.210975
0.821886,9.1e-05,1,0,0,0.0417
0.82198,7e-06,1,0,0,0.000501
0.82201,4e-06,1,0,0,0.023056
1.303408,0.001649,1,0,0,4.737599
1.305668,1.2e-05,0,0,0,0
