start,duration,H2D,D2H,D2D,Throughput
0.817439,0.001666,1,0,0,4.690074
0.819111,0.001852,1,0,0,4.219543
0.820969,9.2e-05,1,0,0,0.041575
0.821063,7e-06,1,0,0,0.000527
0.821092,4e-06,1,0,0,0.021899
1.302291,0.001704,1,0,0,4.585075
1.304204,1e-05,0,0,0,0
