start,duration,direction,throughput
0.826409,0.000766,0,10.200484
0.827181,0.001199,0,6.518086
0.828386,9.1e-05,0,0.041772
0.82848,7e-06,0,0.000502
0.828509,5e-06,0,0.021372
1.317131,0.000799,0,9.77463
