start,duration,direction,throughput
0.961153,0.000756,0,10.329896
0.961916,0.001186,0,6.58889
0.963107,9.1e-05,0,0.041793
0.963201,7e-06,0,0.000504
0.963232,4e-06,0,0.022871
1.43979,0.000936,0,8.345939
