start,duration,direction,throughput
0.821494,0.001621,0,4.818206
0.823121,0.001887,0,4.140837
0.825014,9.2e-05,0,0.041602
0.825109,7e-06,0,0.000558
0.825136,4e-06,0,0.023078
1.289453,0.001704,0,4.584265
