start,duration,direction,throughput
0.82834,0.001626,0,4.805273
0.829973,0.001884,0,4.145688
0.831863,9.2e-05,0,0.041645
0.831957,7e-06,0,0.000502
0.831985,5e-06,0,0.018172
1.309555,0.001742,0,4.484628
