start,duration,direction,throughput
0.818417,0.0016,0,4.881308
0.820025,0.001855,0,4.210975
0.821886,9.1e-05,0,0.0417
0.82198,7e-06,0,0.000501
0.82201,4e-06,0,0.023056
1.303408,0.001649,0,4.737599
