start,duration,direction,throughput
0.823788,0.001638,0,4.770914
0.825431,0.001873,0,4.17023
0.827311,9.1e-05,0,0.041872
0.827405,7e-06,0,0.000504
0.827433,4e-06,0,0.022104
1.30564,0.001706,0,4.578368
