start,duration,H2D,D2H,D2D,Throughput
0.823359,0.001612,1,0,0,4.846187
0.824978,0.001856,1,0,0,4.209693
0.826839,9.2e-05,1,0,0,0.041467
0.826933,7e-06,1,0,0,0.000505
0.826962,4e-06,1,0,0,0.023775
1.292217,0.0017,1,0,0,4.595745
1.294129,1.1e-05,0,0,0,0
