start,duration,H2D,D2H,D2D,Throughput
0.961153,0.000756,1,0,0,10.329896
0.961916,0.001186,1,0,0,6.58889
0.963107,9.1e-05,1,0,0,0.041793
0.963201,7e-06,1,0,0,0.000504
0.963232,4e-06,1,0,0,0.022871
1.43979,0.000936,1,0,0,8.345939
1.440955,3.6e-05,0,0,0,0
