start,duration,H2D,D2H,D2D,Throughput
0.821494,0.001621,1,0,0,4.818206
0.823121,0.001887,1,0,0,4.140837
0.825014,9.2e-05,1,0,0,0.041602
0.825109,7e-06,1,0,0,0.000558
0.825136,4e-06,1,0,0,0.023078
1.289453,0.001704,1,0,0,4.584265
1.291364,1.2e-05,0,0,0,0
