start,duration,H2D,D2H,D2D,Throughput
0.82834,0.001626,1,0,0,4.805273
0.829973,0.001884,1,0,0,4.145688
0.831863,9.2e-05,1,0,0,0.041645
0.831957,7e-06,1,0,0,0.000502
0.831985,5e-06,1,0,0,0.018172
1.309555,0.001742,1,0,0,4.484628
1.311513,1.1e-05,0,0,0,0
