start,duration,direction,throughput
0.821453,0.000725,0,10.770069
0.822186,0.001206,0,6.480563
0.823397,9.2e-05,0,0.041358
0.823492,8e-06,0,0.000452
0.823521,5e-06,0,0.021074
1.284362,0.000991,0,7.88665
