start,duration,H2D,D2H,D2D,Throughput
0.819515,0.001613,1,0,0,4.84412
0.821134,0.001915,1,0,0,4.07871
0.823056,9.1e-05,1,0,0,0.041714
0.82315,7e-06,1,0,0,0.000538
0.823179,4e-06,1,0,0,0.022251
1.301353,0.001709,1,0,0,4.571812
1.303273,1.2e-05,0,0,0,0
