start,duration,direction,throughput
0.822466,0.001604,0,4.869804
0.824077,0.001858,0,4.20481
0.82594,9.2e-05,0,0.041561
0.826034,7e-06,0,0.000519
0.826063,4e-06,0,0.023992
1.287803,0.001726,0,4.525292
