start,duration,H2D,D2H,D2D,Throughput
0.474022,1e-06,1,0,0,0.02388
0.474195,2e-06,1,0,0,0.018626
0.474795,5e-06,0,1,0,6.443745
0.474835,3e-06,0,1,0,8.749306
0.47516,5.4e-05,0,1,0,12.102986
