start,duration,direction,throughput
0.470577,1e-06,0,0.023283
0.470735,1e-06,0,0.02388
0.471348,3e-06,1,4.768372
0.471377,2e-06,1,6.910683
0.471693,5.4e-05,1,12.131855
