start,duration,direction,throughput
0.479845,1e-06,0,0.023283
0.480003,1e-06,0,0.023283
0.480644,4e-06,1,6.181222
0.480685,3e-06,1,8.26203
0.480996,5.4e-05,1,12.095791
