start,duration,H2D,D2H,D2D,Throughput
0.469716,1e-06,1,0,0,0.023283
0.469878,1e-06,1,0,0,0.023283
0.470421,4e-06,0,1,0,5.138331
0.470454,3e-06,0,1,0,7.358598
0.47078,5.4e-05,0,1,0,12.117178
