start,duration,H2D,D2H,D2D,Throughput
0.470719,1e-06,1,0,0,0.02388
0.47089,1e-06,1,0,0,0.023283
0.471182,3e-06,0,1,0,1.490116
0.471202,2e-06,0,1,0,2.249232
0.471491,5.4e-05,0,1,0,12.117403
