start,duration,direction,throughput
0.47087,1e-06,0,0.023283
0.471032,1e-06,0,0.023283
0.471444,3e-06,1,2.804924
0.471467,2e-06,1,4.257475
0.471788,5.4e-05,1,12.124625
