start,duration,H2D,D2H,D2D,Throughput
0.479845,1e-06,1,0,0,0.023283
0.480003,1e-06,1,0,0,0.023283
0.480644,4e-06,0,1,0,6.181222
0.480685,3e-06,0,1,0,8.26203
0.480996,5.4e-05,0,1,0,12.095791
