start,duration,direction,throughput
0.470695,1e-06,0,0.023283
0.47086,1e-06,0,0.023283
0.471296,3e-06,1,3.887259
0.471322,2e-06,1,5.960464
0.471646,5.4e-05,1,12.124625
