start,duration,H2D,D2H,D2D,Throughput
0.490984,1e-06,1,0,0,0.023283
0.491142,1e-06,1,0,0,0.023283
0.491713,4e-06,0,1,0,5.676633
0.491748,3e-06,0,1,0,8.036581
0.492077,5.4e-05,0,1,0,12.109965
