start,duration,H2D,D2H,D2D,Throughput
0.473126,1e-06,1,0,0,0.023283
0.473303,1e-06,1,0,0,0.023283
0.473963,5e-06,0,1,0,6.92183
0.474007,4e-06,0,1,0,9.015829
0.474333,5.4e-05,0,1,0,12.081425
