start,duration,H2D,D2H,D2D,Throughput
0.470695,1e-06,1,0,0,0.023283
0.47086,1e-06,1,0,0,0.023283
0.471296,3e-06,0,1,0,3.887259
0.471322,2e-06,0,1,0,5.960464
0.471646,5.4e-05,0,1,0,12.124625
