start,duration,direction,throughput
0.490984,1e-06,0,0.023283
0.491142,1e-06,0,0.023283
0.491713,4e-06,1,5.676633
0.491748,3e-06,1,8.036581
0.492077,5.4e-05,1,12.109965
