start,duration,direction,throughput
0.470615,1e-06,0,0.023283
0.470776,1e-06,0,0.02388
0.471428,5e-06,1,7.268859
0.471474,4e-06,1,9.169945
0.471796,5.4e-05,1,12.045659
