start,duration,direction,throughput
0.473126,1e-06,0,0.023283
0.473303,1e-06,0,0.023283
0.473963,5e-06,1,6.92183
0.474007,4e-06,1,9.015829
0.474333,5.4e-05,1,12.081425
