start,duration,H2D,D2H,D2D,Throughput
0.47087,1e-06,1,0,0,0.023283
0.471032,1e-06,1,0,0,0.023283
0.471444,3e-06,0,1,0,2.804924
0.471467,2e-06,0,1,0,4.257475
0.471788,5.4e-05,0,1,0,12.124625
