start,duration,direction,throughput
0.469716,1e-06,0,0.023283
0.469878,1e-06,0,0.023283
0.470421,4e-06,1,5.138331
0.470454,3e-06,1,7.358598
0.47078,5.4e-05,1,12.117178
