start,duration,direction,throughput
2.245488,1e-06,0,0.043023
2.245727,0.089956,0,4.342422
2.37703,0.148953,1,2.622472
