start,duration,direction,throughput
1.605973,1e-06,0,0.043023
1.606161,0.04574,0,5.465692
1.677922,0.095843,1,2.60843
