start,duration,direction,throughput
0.950041,2e-06,0,0.099785
0.950225,0.002369,0,6.291254
0.9534,0.005866,1,2.663806
1.032727,0.001461,0,10.200567
1.034199,1e-06,0,0.12537
1.034997,0.005803,1,2.692448
1.111507,0.003467,0,4.298151
1.114989,1e-06,0,0.12867
1.115773,0.003492,1,4.474066
