start,duration,direction,throughput
2.066366,2e-06,0,0.078862
2.06655,0.008184,0,7.283147
2.077517,0.0244,1,2.561456
2.382947,0.007394,0,8.060938
2.390354,1e-06,0,0.12537
2.393153,0.024775,1,2.52273
2.695441,0.007248,0,8.223577
2.702702,1e-06,0,0.132147
2.704923,0.024698,1,2.530526
