start,duration,direction,throughput
1.096923,2e-06,0,0.038805
1.097161,0.032442,0,4.334593
1.144346,0.052751,1,2.665819
