start,duration,direction,throughput
0.752625,1e-06,0,0.049477
0.752793,0.00993,0,6.293835
0.769289,0.023361,1,2.675439
