start,duration,direction,throughput
7.544114,2e-06,0,0.039581
7.544354,0.360511,0,4.334128
8.074353,0.601053,1,2.599606
