start,duration,direction,throughput
0.902117,1e-06,0,0.049477
0.902358,0.022238,0,4.391423
0.934932,0.035927,1,2.718176
