start,duration,direction,throughput
1.326095,2e-06,0,0.038805
1.326324,0.044319,0,4.318838
1.390685,0.071715,1,2.668968
