start,duration,direction,throughput
0.619718,1e-06,0,0.049477
0.619948,0.007999,0,4.394892
0.631793,0.01277,1,2.753008
