start,duration,direction,throughput
1.892072,2e-06,0,0.039581
1.892302,0.072725,0,4.350729
1.998633,0.119376,1,2.650497
