start,duration,threads_x,threads_y,threads_z
0.467388,0.00071,1792.0,1.0,1.0
0.468111,0.0007,1792.0,1.0,1.0
0.468821,4.8e-05,1984.0,2000.0,1.0
0.468881,1.788877,1792.0,1.0,1.0
