start,duration,H2D,D2H,D2D,Throughput
0.479912,0.005568,1,0,0,6.318263
0.485636,0.003635,1,0,0,9.676828
0.489288,3e-06,1,0,0,4.471804
0.489303,2e-06,1,0,0,4.834382
0.489336,0.0011,0,0,0,0
0.490449,0.001093,0,0,0,0
0.491555,0.000113,0,0,0,0
0.491678,4.43206,0,0,0,0
4.923861,1e-06,1,0,0,0.003528
4.923894,0.013006,0,1,0,2.704884
