start,duration,direction,throughput
0.464968,0.002483,0,6.29771
0.467642,0.001787,0,8.749983
0.469444,2e-06,0,4.112672
0.469456,2e-06,0,4.042966
2.443052,1e-06,0,0.003528
2.443075,0.006042,1,2.588676
