start,duration,direction,throughput
0.460798,0.003311,0,4.505101
0.46436,0.002968,0,5.026081
0.467341,2e-06,0,3.882451
0.467353,2e-06,0,3.948255
2.257848,1e-06,0,0.003528
2.257866,0.00532,1,2.803863
