start,duration,threads_x,threads_y,threads_z
0.483901,0.001137,3072.0,1.0,1.0
0.485053,0.001136,3072.0,1.0,1.0
0.486201,0.000122,3200.0,3200.0,1.0
0.486334,4.876882,3072.0,1.0,1.0
