start,duration,threads_x,threads_y,threads_z
0.483299,0.001283,3584.0,1.0,1.0
0.484595,0.001284,3584.0,1.0,1.0
0.48589,0.000154,3584.0,3600.0,1.0
0.486055,6.16,3584.0,1.0,1.0
