start,duration,direction,throughput
0.462227,0.011023,0,4.382218
0.473474,0.00976,0,4.949456
0.48325,3e-06,0,5.306476
0.483267,3e-06,0,5.240145
6.646136,1e-06,0,0.003528
6.646152,0.017725,1,2.725345
