start,duration,H2D,D2H,D2D,Throughput
0.46904,0.001898,1,0,0,4.636914
0.471167,0.001785,1,0,0,4.930089
0.472963,2e-06,1,0,0,3.440968
0.472975,2e-06,1,0,0,3.376044
0.473008,0.000556,0,0,0,0
0.473576,0.000541,0,0,0,0
0.474128,2.9e-05,0,0,0,0
0.474168,1.012146,0,0,0,0
1.486389,1e-06,1,0,0,0.003528
1.486401,0.002767,0,1,0,3.18093
