start,duration,direction,throughput
0.479912,0.005568,0,6.318263
0.485636,0.003635,0,9.676828
0.489288,3e-06,0,4.471804
0.489303,2e-06,0,4.834382
4.923861,1e-06,0,0.003528
4.923894,0.013006,1,2.704884
