start,duration,H2D,D2H,D2D,Throughput
0.461601,0.012318,1,0,0,4.369457
0.474141,0.010989,1,0,0,4.897656
0.485148,3e-06,1,0,0,5.396276
0.485164,3e-06,1,0,0,5.396276
0.485198,0.001349,0,0,0,0
0.48656,0.001354,0,0,0,0
0.487926,0.000172,0,0,0,0
0.488109,6.9691,0,0,0,0
7.457287,1e-06,1,0,0,0.003528
7.457301,0.019913,0,1,0,2.70278
