start,duration,direction,throughput
0.458276,0.014242,0,4.390694
0.472741,0.012521,0,4.994017
0.48528,3e-06,0,5.545972
0.485297,3e-06,0,5.545972
8.655183,1e-06,0,0.003531
8.655194,0.023242,1,2.690436
