start,duration,threads_x,threads_y,threads_z
0.489336,0.0011,3072.0,1.0,1.0
0.490449,0.001093,3072.0,1.0,1.0
0.491555,0.000113,3072.0,3072.0,1.0
0.491678,4.43206,3072.0,1.0,1.0
