start,duration,H2D,D2H,D2D,Throughput
0.458276,0.014242,1,0,0,4.390694
0.472741,0.012521,1,0,0,4.994017
0.48528,3e-06,1,0,0,5.545972
0.485297,3e-06,1,0,0,5.545972
0.485329,0.001463,0,0,0,0
0.486805,0.001466,0,0,0,0
0.488282,0.0002,0,0,0,0
0.488493,8.166619,0,0,0,0
8.655183,1e-06,1,0,0,0.003531
8.655194,0.023242,0,1,0,2.690436
