start,duration,H2D,D2H,D2D,Throughput
0.462418,0.005244,1,0,0,4.443782
0.467914,0.004662,1,0,0,4.997934
0.472592,2e-06,1,0,0,4.479303
0.472605,2e-06,1,0,0,4.479303
0.472639,0.000886,0,0,0,0
0.473539,0.000887,0,0,0,0
0.474437,7.4e-05,0,0,0,0
0.474522,2.865917,0,0,0,0
3.340531,1e-06,1,0,0,0.003638
3.340543,0.008285,0,1,0,2.812573
