start,duration,threads_x,threads_y,threads_z
0.462331,0.000371,1024.0,1.0,1.0
0.462714,0.000219,1024.0,1.0,1.0
0.462944,1.2e-05,1024.0,1024.0,1.0
0.462968,0.380729,1024.0,1.0,1.0
