start,duration,direction,throughput
0.462418,0.005244,0,4.443782
0.467914,0.004662,0,4.997934
0.472592,2e-06,0,4.479303
0.472605,2e-06,0,4.479303
3.340531,1e-06,0,0.003638
3.340543,0.008285,1,2.812573
