start,duration,threads_x,threads_y,threads_z
0.472639,0.000886,2304.0,1.0,1.0
0.473539,0.000887,2304.0,1.0,1.0
0.474437,7.4e-05,2496.0,2496.0,1.0
0.474522,2.865917,2304.0,1.0,1.0
