start,duration,H2D,D2H,D2D,Throughput
0.460798,0.003311,1,0,0,4.505101
0.46436,0.002968,1,0,0,5.026081
0.467341,2e-06,1,0,0,3.882451
0.467353,2e-06,1,0,0,3.948255
0.467388,0.00071,0,0,0,0
0.468111,0.0007,0,0,0,0
0.468821,4.8e-05,0,0,0,0
0.468881,1.788877,0,0,0,0
2.257848,1e-06,1,0,0,0.003528
2.257866,0.00532,0,1,0,2.803863
