start,duration,direction,throughput
0.473844,0.005954,0,6.410759
0.479956,0.003872,0,9.857827
0.483854,2e-06,0,4.968606
0.483869,2e-06,0,5.035749
5.363336,1e-06,0,0.003528
5.363361,0.014065,1,2.713973
