start,duration,threads_x,threads_y,threads_z
0.485198,0.001349,3584.0,1.0,1.0
0.48656,0.001354,3584.0,1.0,1.0
0.487926,0.000172,3776.0,3800.0,1.0
0.488109,6.9691,3584.0,1.0,1.0
