start,duration,threads_x,threads_y,threads_z
0.485329,0.001463,4096.0,1.0,1.0
0.486805,0.001466,4096.0,1.0,1.0
0.488282,0.0002,4096.0,4096.0,1.0
0.488493,8.166619,4096.0,1.0,1.0
