start,duration,H2D,D2H,D2D,Throughput
0.464968,0.002483,1,0,0,6.29771
0.467642,0.001787,1,0,0,8.749983
0.469444,2e-06,1,0,0,4.112672
0.469456,2e-06,1,0,0,4.042966
0.469489,0.000731,0,0,0,0
0.470234,0.000718,0,0,0,0
0.470967,5e-05,0,0,0,0
0.471029,1.971886,0,0,0,0
2.443052,1e-06,1,0,0,0.003528
2.443075,0.006042,0,1,0,2.588676
