start,duration,H2D,D2H,D2D,Throughput
0.462227,0.011023,1,0,0,4.382218
0.473474,0.00976,1,0,0,4.949456
0.48325,3e-06,1,0,0,5.306476
0.483267,3e-06,1,0,0,5.240145
0.483299,0.001283,0,0,0,0
0.484595,0.001284,0,0,0,0
0.48589,0.000154,0,0,0,0
0.486055,6.16,0,0,0,0
6.646136,1e-06,1,0,0,0.003528
6.646152,0.017725,0,1,0,2.725345
