start,duration,direction,throughput
0.461601,0.012318,0,4.369457
0.474141,0.010989,0,4.897656
0.485148,3e-06,0,5.396276
0.485164,3e-06,0,5.396276
7.457287,1e-06,0,0.003528
7.457301,0.019913,1,2.70278
