start,duration,threads_x,threads_y,threads_z
0.473008,0.000556,1536.0,1.0,1.0
0.473576,0.000541,1536.0,1.0,1.0
0.474128,2.9e-05,1536.0,1536.0,1.0
0.474168,1.012146,1536.0,1.0,1.0
