start,duration,threads_x,threads_y,threads_z
0.469489,0.000731,2048.0,1.0,1.0
0.470234,0.000718,2048.0,1.0,1.0
0.470967,5e-05,2048.0,2048.0,1.0
0.471029,1.971886,2048.0,1.0,1.0
