start,duration,H2D,D2H,D2D,Throughput
0.473844,0.005954,1,0,0,6.410759
0.479956,0.003872,1,0,0,9.857827
0.483854,2e-06,1,0,0,4.968606
0.483869,2e-06,1,0,0,5.035749
0.483901,0.001137,0,0,0,0
0.485053,0.001136,0,0,0,0
0.486201,0.000122,0,0,0,0
0.486334,4.876882,0,0,0,0
5.363336,1e-06,1,0,0,0.003528
5.363361,0.014065,0,1,0,2.713973
