start,duration,direction,throughput
0.461099,5.4e-05,0,10.926777
0.461162,1e-06,0,0.003424
0.461172,1e-06,0,2.543422
0.485373,0.000719,1,3.528489
