start,duration,threads_x,threads_y,threads_z
0.461279,0.000312,88.0,22.0,8.0
0.461593,0.000393,88.0,22.0,8.0
0.461986,0.000462,88.0,22.0,8.0
0.46245,0.000525,88.0,22.0,8.0
0.462976,0.000537,88.0,22.0,8.0
0.463514,0.000533,88.0,22.0,8.0
0.464048,0.000532,88.0,22.0,8.0
0.464582,0.000476,88.0,22.0,8.0
0.465059,0.000402,88.0,22.0,8.0
0.465462,0.000325,88.0,22.0,8.0
0.465788,0.000244,88.0,22.0,8.0
