start,duration,H2D,D2H,D2D,Throughput
0.460926,1e-06,0,0,0,0
0.461099,5.4e-05,1,0,0,10.926777
0.461162,1e-06,1,0,0,0.003424
0.461172,1e-06,1,0,0,2.543422
0.461279,0.000312,0,0,0,0
0.461593,0.000393,0,0,0,0
0.461986,0.000462,0,0,0,0
0.46245,0.000525,0,0,0,0
0.462976,0.000537,0,0,0,0
0.463514,0.000533,0,0,0,0
0.464048,0.000532,0,0,0,0
0.464582,0.000476,0,0,0,0
0.465059,0.000402,0,0,0,0
0.465462,0.000325,0,0,0,0
0.465788,0.000244,0,0,0,0
0.485373,0.000719,0,1,0,3.528489
