start,duration,direction,throughput
0.461479,0.000775,0,5.042405
0.462264,2e-06,0,0.002477
0.462274,2e-06,0,2.489306
0.932464,0.012997,1,2.579365
