start,duration,direction,throughput
0.485415,9.2e-05,1,10.644545
0.486917,8.7e-05,0,11.166457
0.487688,8e-05,1,12.144034
0.488769,4.5e-05,0,10.791461
0.488862,4.1e-05,1,12.034042
