start,duration,direction,throughput
0.612614,0.001025,1,7.534883
0.617958,0.001414,0,5.461342
0.621794,0.001002,1,7.708351
0.626407,0.000652,0,5.925151
0.627164,0.000435,1,8.875079
