start,duration,direction,throughput
0.635154,0.001045,1,7.389112
0.640504,0.001412,0,5.468893
0.644337,0.000977,1,7.90731
0.648818,0.000649,0,5.947624
0.649572,0.000436,1,8.849052
