start,duration,direction,throughput
0.620741,0.001088,1,7.102361
0.626139,0.001419,0,5.443853
0.629976,0.001005,1,7.68822
0.634512,0.000654,0,5.901973
0.635273,0.000435,1,8.873121
