start,duration,direction,throughput
0.60784,0.001049,1,7.363192
0.61323,0.001453,0,5.317934
0.617109,0.001022,1,7.557522
0.621635,0.000653,0,5.91934
0.622391,0.000424,1,9.102669
