start,duration,direction,throughput
0.622431,0.000999,1,7.730073
0.627803,0.001479,0,5.222899
0.631698,0.001015,1,7.611855
0.636339,0.000663,0,5.823373
0.637109,0.000434,1,8.896011
