start,duration,direction,throughput
0.566429,0.000736,1,5.901554
0.570432,0.000416,0,10.436461
0.572187,0.000564,1,7.702142
0.575453,0.000202,0,10.778604
0.575738,0.000242,1,8.961792
