start,duration,direction,throughput
0.555365,0.000482,1,8.097651
0.558957,0.00067,0,5.829606
0.560864,0.00044,1,8.87153
0.563947,0.000277,0,7.041536
0.564302,0.000162,1,12.091183
