start,duration,direction,throughput
0.54622,0.000568,1,7.655246
0.550028,0.000738,0,5.888749
0.552108,0.000541,1,8.038172
0.555399,0.000315,0,6.897744
0.555794,0.000239,1,9.108434
