start,duration,direction,throughput
0.543755,0.000559,1,7.768236
0.547215,0.000762,0,5.704932
0.549307,0.00054,1,8.048654
0.552585,0.000314,0,6.910359
0.55298,0.00024,1,9.047743
