start,duration,threads_x,threads_y,threads_z
0.473681,4e-06,262144.0,1.0,1.0
0.473722,1.3e-05,512.0,13.0,1.0
0.473741,9e-06,256.0,11.0,1.0
0.473759,5e-06,128.0,8.0,1.0
0.473775,1e-05,512.0,13.0,1.0
0.47379,7e-06,256.0,11.0,1.0
0.473805,5e-06,128.0,8.0,1.0
0.473819,1e-05,512.0,13.0,1.0
0.473835,7e-06,256.0,11.0,1.0
0.473848,5e-06,128.0,8.0,1.0
