start,duration,threads_x,threads_y,threads_z
0.614314,2e-05,1048576.0,1.0,1.0
0.614517,2.5e-05,1152.0,15.0,1.0
0.614548,1.2e-05,512.0,13.0,1.0
0.614566,9e-06,256.0,11.0,1.0
0.614593,2.4e-05,1152.0,15.0,1.0
0.614623,1.2e-05,512.0,13.0,1.0
0.614639,9e-06,256.0,11.0,1.0
0.614663,2.4e-05,1152.0,15.0,1.0
0.614693,1.2e-05,512.0,13.0,1.0
0.614709,9e-06,256.0,11.0,1.0
