start,duration,direction,throughput
0.471866,0.000508,0,11.404825
0.472596,2.6e-05,2,293.67252
0.472659,9e-06,2,215.534653
0.472683,2e-06,2,218.658344
0.472698,2.7e-05,2,286.028139
0.47276,9e-06,2,216.307179
0.472784,2e-06,2,218.658344
0.472798,2.3e-05,2,338.567758
0.472854,9e-06,2,220.25439
0.472878,2e-06,2,215.534653
