start,duration,direction,throughput
0.614033,0.000258,0,11.353442
0.6145,1.6e-05,2,250.144083
0.614543,4e-06,2,219.550922
0.614562,2e-06,2,133.849027
0.614576,1.5e-05,2,263.650783
0.614617,4e-06,2,234.750601
0.614636,2e-06,2,133.849027
0.614649,1.2e-05,2,322.937335
0.614688,4e-06,2,246.109501
0.614706,2e-06,2,131.541285
