start,duration,direction,throughput
1.89407,0.000508,0,11.412037
1.894803,2.7e-05,2,289.794491
1.894867,1e-05,2,199.833453
1.894891,2e-06,2,232.114242
1.894906,2.6e-05,2,292.261434
1.894967,9e-06,2,205.271098
1.894992,2e-06,2,232.114242
1.895006,2.3e-05,2,335.742436
1.895063,1e-05,2,194.696087
1.895088,2e-06,2,232.114242
