start,duration,direction,throughput
0.473593,6.6e-05,0,11.025303
0.473713,3e-06,2,381.469727
0.473737,2e-06,2,131.541285
0.473752,1e-06,2,44.356945
0.473767,2e-06,2,412.399704
0.473785,2e-06,2,146.719126
0.473798,1e-06,2,45.413063
0.473812,3e-06,2,305.175781
0.47383,2e-06,2,146.719126
0.473842,1e-06,2,44.356945
