start,duration,direction,throughput
0.467818,0.000508,0,11.404107
0.468553,2.6e-05,2,293.326826
0.468616,1e-05,2,203.197653
0.468641,2e-06,2,215.534653
0.468655,2.6e-05,2,292.250377
0.468718,9e-06,2,219.453465
0.468742,2e-06,2,215.534653
0.468756,2.3e-05,2,341.924662
0.468812,9e-06,2,217.085262
0.468836,2e-06,2,215.534653
