start,duration,threads_x,threads_y,threads_z
0.472396,4.1e-05,2073600.0,1.0,1.0
0.472624,3.4e-05,1920.0,15.0,1.0
0.472669,1.3e-05,960.0,14.0,1.0
0.472687,1e-05,512.0,12.0,1.0
0.472726,3.3e-05,1920.0,15.0,1.0
0.47277,1.2e-05,960.0,14.0,1.0
0.472787,1e-05,512.0,12.0,1.0
0.472822,3.1e-05,1920.0,15.0,1.0
0.472864,1.3e-05,960.0,14.0,1.0
0.472882,9e-06,512.0,12.0,1.0
