start,duration,direction,throughput
0.467372,0.000287,0,11.357371
0.467866,1.9e-05,2,224.441044
0.467915,8e-06,2,142.633226
0.467937,2e-06,2,154.303217
0.467951,1.8e-05,2,237.818324
0.467997,7e-06,2,145.694025
0.468019,2e-06,2,154.303217
0.468032,1.6e-05,2,274.889518
0.468075,7e-06,2,149.544968
0.468097,2e-06,2,154.303217
