start,duration,direction,throughput
0.470804,0.000287,0,11.357371
0.471301,2e-05,2,220.802815
0.471351,7e-06,2,148.889069
0.471373,2e-06,2,157.160684
0.471387,1.9e-05,2,230.159362
0.471435,7e-06,2,162.424439
0.471456,2e-06,2,157.160684
0.47147,1.6e-05,2,265.727654
0.471515,7e-06,2,159.374215
0.471536,2e-06,2,154.303217
