start,duration,direction,throughput
0.479152,0.000508,0,11.409115
0.479889,2.6e-05,2,292.261434
0.479951,9e-06,2,205.971682
0.479976,2e-06,2,232.114242
0.47999,2.6e-05,2,292.60462
0.480051,9e-06,2,219.453465
0.480075,2e-06,2,232.114242
0.480088,2.3e-05,2,335.742436
0.480146,9e-06,2,211.012947
0.48017,2e-06,2,228.597359
