start,duration,threads_x,threads_y,threads_z
0.479684,4.2e-05,2073600.0,1.0,1.0
0.479917,3.3e-05,1920.0,15.0,1.0
0.479962,1.3e-05,960.0,14.0,1.0
0.479979,1e-05,512.0,12.0,1.0
0.480018,3.2e-05,1920.0,15.0,1.0
0.480061,1.3e-05,960.0,14.0,1.0
0.480078,9e-06,512.0,12.0,1.0
0.480113,3.2e-05,1920.0,15.0,1.0
0.480156,1.3e-05,960.0,14.0,1.0
0.480173,9e-06,512.0,12.0,1.0
