start,duration,threads_x,threads_y,threads_z
0.481767,2e-05,1048576.0,1.0,1.0
0.481964,2.4e-05,1152.0,15.0,1.0
0.481995,1.2e-05,512.0,13.0,1.0
0.482012,9e-06,256.0,11.0,1.0
0.482039,2.4e-05,1152.0,15.0,1.0
0.482069,1.2e-05,512.0,13.0,1.0
0.482086,9e-06,256.0,11.0,1.0
0.48211,2.4e-05,1152.0,15.0,1.0
0.48214,1.2e-05,512.0,13.0,1.0
0.482156,9e-06,256.0,11.0,1.0
