start,duration,threads_x,threads_y,threads_z
1.894601,4.1e-05,2073600.0,1.0,1.0
1.894832,3.4e-05,1920.0,15.0,1.0
1.894878,1.3e-05,960.0,14.0,1.0
1.894895,1.1e-05,512.0,12.0,1.0
1.894934,3.2e-05,1920.0,15.0,1.0
1.894978,1.3e-05,960.0,14.0,1.0
1.894996,9e-06,512.0,12.0,1.0
1.895031,3.1e-05,1920.0,15.0,1.0
1.895074,1.3e-05,960.0,14.0,1.0
1.895092,9e-06,512.0,12.0,1.0
