start,duration,threads_x,threads_y,threads_z
0.468347,4.1e-05,2073600.0,1.0,1.0
0.468581,3.4e-05,1920.0,15.0,1.0
0.468627,1.3e-05,960.0,14.0,1.0
0.468644,1e-05,512.0,12.0,1.0
0.468683,3.4e-05,1920.0,15.0,1.0
0.468728,1.3e-05,960.0,14.0,1.0
0.468746,9e-06,512.0,12.0,1.0
0.46878,3.1e-05,1920.0,15.0,1.0
0.468822,1.3e-05,960.0,14.0,1.0
0.46884,1e-05,512.0,12.0,1.0
