start,duration,direction,throughput
0.479654,0.000287,0,11.354838
0.480145,1.9e-05,2,225.197129
0.480194,7e-06,2,155.718843
0.480215,2e-06,2,160.12598
0.480229,1.9e-05,2,233.323235
0.480275,7e-06,2,166.405431
0.480296,2e-06,2,160.12598
0.480309,1.6e-05,2,273.21294
0.480354,7e-06,2,160.12598
0.480375,2e-06,2,160.12598
