start,duration,threads_x,threads_y,threads_z
0.479965,2.2e-05,1166592.0,1.0,1.0
0.480165,2.8e-05,1152.0,15.0,1.0
0.480202,1.2e-05,640.0,14.0,1.0
0.480218,1e-05,320.0,12.0,1.0
0.480249,2.5e-05,1152.0,15.0,1.0
0.480283,1.2e-05,640.0,14.0,1.0
0.480299,9e-06,320.0,12.0,1.0
0.480327,2.6e-05,1152.0,15.0,1.0
0.480362,1.2e-05,640.0,14.0,1.0
0.480378,1e-05,320.0,12.0,1.0
