start,duration,threads_x,threads_y,threads_z
0.467683,2.2e-05,1166592.0,1.0,1.0
0.467887,2.7e-05,1152.0,15.0,1.0
0.467924,1.2e-05,640.0,14.0,1.0
0.46794,1e-05,320.0,12.0,1.0
0.46797,2.6e-05,1152.0,15.0,1.0
0.468006,1.2e-05,640.0,14.0,1.0
0.468022,9e-06,320.0,12.0,1.0
0.468049,2.5e-05,1152.0,15.0,1.0
0.468084,1.2e-05,640.0,14.0,1.0
0.4681,9e-06,320.0,12.0,1.0
