start,duration,threads_x,threads_y,threads_z
0.480486,2e-05,1048576.0,1.0,1.0
0.480685,2.6e-05,1152.0,15.0,1.0
0.480718,1.2e-05,512.0,13.0,1.0
0.480735,9e-06,256.0,11.0,1.0
0.480761,2.4e-05,1152.0,15.0,1.0
0.480792,1.3e-05,512.0,13.0,1.0
0.480808,9e-06,256.0,11.0,1.0
0.480832,2.3e-05,1152.0,15.0,1.0
0.480861,1.2e-05,512.0,13.0,1.0
0.480878,9e-06,256.0,11.0,1.0
