start,duration,threads_x,threads_y,threads_z
0.471113,2.2e-05,1166592.0,1.0,1.0
0.471322,2.7e-05,1152.0,15.0,1.0
0.47136,1.2e-05,640.0,14.0,1.0
0.471376,1e-05,320.0,12.0,1.0
0.471408,2.7e-05,1152.0,15.0,1.0
0.471444,1.2e-05,640.0,14.0,1.0
0.471459,9e-06,320.0,12.0,1.0
0.471487,2.6e-05,1152.0,15.0,1.0
0.471523,1.2e-05,640.0,14.0,1.0
0.471539,9e-06,320.0,12.0,1.0
