start,duration,direction,throughput
0.480205,0.000258,0,11.356214
0.480668,1.5e-05,2,252.733566
0.480712,4e-06,2,226.056134
0.480731,2e-06,2,133.849027
0.480745,1.5e-05,2,257.532305
0.480786,4e-06,2,234.750601
0.480805,2e-06,2,131.541285
0.480818,1.2e-05,2,316.244333
0.480856,4e-06,2,229.455475
0.480874,2e-06,2,131.612197
