start,duration,threads_x,threads_y,threads_z
0.467105,1e-06,2048.0,1.0,1.0
0.467117,3e-06,2048.0,1.0,1.0
0.467139,2e-06,2.0,1.0,1.0
