start,duration,H2D,D2H,D2D,Throughput
0.467081,3e-06,1,0,0,5.544618
0.467105,1e-06,0,0,0,0
0.467117,3e-06,0,0,0,0
0.46713,1e-06,0,0,0,0.010123
0.467139,2e-06,0,0,0,0
0.467146,1e-06,0,0,0,0.003528
0.467155,2e-06,0,1,0,8.365564
