start,duration,direction,throughput
0.527045,8.8e-05,0,11.065362
0.527147,1e-06,2,0.693077
0.527152,1e-06,2,0.003424
0.527156,8e-05,1,12.187683
