start,duration,direction,throughput
0.508272,8e-06,0,7.75345
0.508322,1e-06,2,0.044349
0.508339,1e-06,2,0.003528
0.508349,6e-06,1,10.309993
