start,duration,H2D,D2H,D2D,Throughput
0.527045,8.8e-05,1,0,0,11.065362
0.527138,2e-06,0,0,0,0
0.527141,5e-06,0,0,0,0
0.527147,1e-06,0,0,0,0.693077
0.527149,2e-06,0,0,0,0
0.527152,1e-06,0,0,0,0.003424
0.527156,8e-05,0,1,0,12.187683
