start,duration,H2D,D2H,D2D,Throughput
0.508272,8e-06,1,0,0,7.75345
0.508297,1e-06,0,0,0,0
0.508309,3e-06,0,0,0,0
0.508322,1e-06,0,0,0,0.044349
0.50833,2e-06,0,0,0,0
0.508339,1e-06,0,0,0,0.003528
0.508349,6e-06,0,1,0,10.309993
