start,duration,direction,throughput
0.467081,3e-06,0,5.544618
0.46713,1e-06,2,0.010123
0.467146,1e-06,2,0.003528
0.467155,2e-06,1,8.365564
