start,duration,threads_x,threads_y,threads_z
0.527138,2e-06,131072.0,1.0,1.0
0.527141,5e-06,131072.0,1.0,1.0
0.527149,2e-06,128.0,1.0,1.0
