start,duration,threads_x,threads_y,threads_z
0.508297,1e-06,8192.0,1.0,1.0
0.508309,3e-06,8192.0,1.0,1.0
0.50833,2e-06,8.0,1.0,1.0
