start,duration,direction,throughput
0.572892,1e-06,0,2.591506
0.573129,0.000776,0,5.030787
0.580588,4.1e-05,1,12.024262
