start,duration,direction,throughput
0.476218,2e-06,0,2.483527
0.47645,0.000803,0,5.40945
0.484777,4.5e-05,1,12.0979
