start,duration,H2D,D2H,D2D,Throughput
0.479847,2e-06,1,0,0,2.536368
0.480092,0.000829,1,0,0,5.241388
0.481341,0.002924,0,0,0,0
0.484265,0.000547,0,0,0,0
0.48483,0.002918,0,0,0,0
0.487749,0.000543,0,0,0,0
0.488311,4.5e-05,0,1,0,12.123824
