start,duration,threads_x,threads_y,threads_z
0.508827,0.00078,1048576.0,1.0,1.0
0.509626,0.000778,1048576.0,1.0,1.0
