start,duration,H2D,D2H,D2D,Throughput
0.476218,2e-06,1,0,0,2.483527
0.47645,0.000803,1,0,0,5.40945
0.477712,0.00295,0,0,0,0
0.480663,0.000559,0,0,0,0
0.481242,0.002954,0,0,0,0
0.484197,0.000558,0,0,0,0
0.484777,4.5e-05,0,1,0,12.0979
