start,duration,H2D,D2H,D2D,Throughput
1.92303,2e-06,1,0,0,2.337437
1.923291,0.001728,1,0,0,4.470064
1.926154,0.003289,0,0,0,0
1.929444,0.003296,0,0,0,0
1.932742,0.00037,0,0,0,0
1.933134,0.003285,0,0,0,0
1.93642,0.003293,0,0,0,0
1.939714,0.000371,0,0,0,0
1.940117,8e-05,0,1,0,12.070091
