start,duration,H2D,D2H,D2D,Throughput
0.473855,2e-06,1,0,0,2.337437
0.474006,0.000551,1,0,0,7.88457
0.47498,0.003276,0,0,0,0
0.478257,0.000617,0,0,0,0
0.478894,0.003276,0,0,0,0
0.482171,0.000615,0,0,0,0
0.482807,4.5e-05,0,1,0,12.072087
