start,duration,threads_x,threads_y,threads_z
0.47678,0.002933,3932160.0,1.0,1.0
0.479715,0.002919,3932160.0,1.0,1.0
0.482635,0.000324,430080.0,1.0,1.0
0.482978,0.002922,3932160.0,1.0,1.0
0.485901,0.00292,3932160.0,1.0,1.0
0.488822,0.000325,430080.0,1.0,1.0
