start,duration,direction,throughput
0.474458,1e-06,0,2.591506
0.474694,0.001704,0,4.532013
0.489168,8e-05,1,12.103983
