start,duration,direction,throughput
1.92303,2e-06,0,2.337437
1.923291,0.001728,0,4.470064
1.940117,8e-05,1,12.070091
