start,duration,direction,throughput
0.514095,2e-06,0,2.337437
0.51425,0.000564,0,7.707784
0.522981,4.5e-05,1,12.089283
