start,duration,threads_x,threads_y,threads_z
0.477712,0.00295,3932160.0,1.0,1.0
0.480663,0.000559,733440.0,1.0,1.0
0.481242,0.002954,3932160.0,1.0,1.0
0.484197,0.000558,733440.0,1.0,1.0
