start,duration,threads_x,threads_y,threads_z
0.480773,0.002948,3932160.0,1.0,1.0
0.483722,0.000207,262144.0,1.0,1.0
0.483948,0.002948,3932160.0,1.0,1.0
0.486896,0.00021,262144.0,1.0,1.0
