start,duration,direction,throughput
0.508128,1e-06,0,2.591506
0.508364,8.8e-05,0,11.081309
0.510422,1.1e-05,1,11.121566
