start,duration,H2D,D2H,D2D,Throughput
0.514095,2e-06,1,0,0,2.337437
0.51425,0.000564,1,0,0,7.707784
0.515249,0.003238,0,0,0,0
0.518488,0.000604,0,0,0,0
0.519112,0.003238,0,0,0,0
0.522352,0.000604,0,0,0,0
0.522981,4.5e-05,0,1,0,12.089283
