start,duration,threads_x,threads_y,threads_z
0.47498,0.003276,3932160.0,1.0,1.0
0.478257,0.000617,733440.0,1.0,1.0
0.478894,0.003276,3932160.0,1.0,1.0
0.482171,0.000615,733440.0,1.0,1.0
