start,duration,direction,throughput
0.473855,2e-06,0,2.337437
0.474006,0.000551,0,7.88457
0.482807,4.5e-05,1,12.072087
