start,duration,direction,throughput
0.479393,2e-06,0,2.536368
0.479628,0.000767,0,5.091215
0.487126,4.1e-05,1,11.986774
