start,duration,H2D,D2H,D2D,Throughput
0.474458,1e-06,1,0,0,2.591506
0.474694,0.001704,1,0,0,4.532013
0.47678,0.002933,0,0,0,0
0.479715,0.002919,0,0,0,0
0.482635,0.000324,0,0,0,0
0.482978,0.002922,0,0,0,0
0.485901,0.00292,0,0,0,0
0.488822,0.000325,0,0,0,0
0.489168,8e-05,0,1,0,12.103983
