start,duration,threads_x,threads_y,threads_z
0.481341,0.002924,3932160.0,1.0,1.0
0.484265,0.000547,733440.0,1.0,1.0
0.48483,0.002918,3932160.0,1.0,1.0
0.487749,0.000543,733440.0,1.0,1.0
