start,duration,H2D,D2H,D2D,Throughput
0.479393,2e-06,1,0,0,2.536368
0.479628,0.000767,1,0,0,5.091215
0.480773,0.002948,0,0,0,0
0.483722,0.000207,0,0,0,0
0.483948,0.002948,0,0,0,0
0.486896,0.00021,0,0,0,0
0.487126,4.1e-05,0,1,0,11.986774
