start,duration,threads_x,threads_y,threads_z
0.57429,0.002924,3932160.0,1.0,1.0
0.577215,0.000208,262144.0,1.0,1.0
0.577443,0.002918,3932160.0,1.0,1.0
0.580362,0.000206,262144.0,1.0,1.0
