start,duration,threads_x,threads_y,threads_z
1.926154,0.003289,3932160.0,1.0,1.0
1.929444,0.003296,3932160.0,1.0,1.0
1.932742,0.00037,430080.0,1.0,1.0
1.933134,0.003285,3932160.0,1.0,1.0
1.93642,0.003293,3932160.0,1.0,1.0
1.939714,0.000371,430080.0,1.0,1.0
