start,duration,threads_x,threads_y,threads_z
0.582778,0.002937,3932160.0,1.0,1.0
0.585716,0.002927,3932160.0,1.0,1.0
0.588644,0.000327,430080.0,1.0,1.0
0.588989,0.002934,3932160.0,1.0,1.0
0.591924,0.002917,3932160.0,1.0,1.0
0.594842,0.000325,430080.0,1.0,1.0
