start,duration,H2D,D2H,D2D,Throughput
0.580403,1e-06,1,0,0,2.591506
0.580669,0.001711,1,0,0,4.513796
0.582778,0.002937,0,0,0,0
0.585716,0.002927,0,0,0,0
0.588644,0.000327,0,0,0,0
0.588989,0.002934,0,0,0,0
0.591924,0.002917,0,0,0,0
0.594842,0.000325,0,0,0,0
0.595186,8e-05,0,1,0,12.055625
