start,duration,direction,throughput
0.580403,1e-06,0,2.591506
0.580669,0.001711,0,4.513796
0.595186,8e-05,1,12.055625
