start,duration,threads_x,threads_y,threads_z
0.515249,0.003238,3932160.0,1.0,1.0
0.518488,0.000604,733440.0,1.0,1.0
0.519112,0.003238,3932160.0,1.0,1.0
0.522352,0.000604,733440.0,1.0,1.0
