start,duration,direction,throughput
0.479847,2e-06,0,2.536368
0.480092,0.000829,0,5.241388
0.488311,4.5e-05,1,12.123824
