start,duration,direction,throughput
0.533119,1e-06,0,0.438269
0.533347,0.003071,0,5.087184
0.537513,0.005399,1,2.894091
