start,duration,direction,throughput
0.608134,1e-06,0,1.490116
0.608368,0.006401,0,4.882295
0.616847,0.011321,1,2.760335
