start,duration,direction,throughput
0.49422,1e-06,0,0.827842
0.49443,0.001457,0,5.363444
0.4964,0.002511,1,3.11166
