start,duration,direction,throughput
0.497021,1e-06,0,1.528324
0.49723,0.001449,0,5.392591
0.499189,0.002468,1,3.165398
