start,duration,direction,throughput
0.537298,1e-06,0,1.490116
0.537464,0.001474,0,10.602507
0.540025,0.005635,1,2.772647
