start,duration,direction,throughput
0.61532,1e-06,0,0.827842
0.615571,0.00647,0,4.829612
0.624114,0.011297,1,2.766279
