start,duration,direction,throughput
0.505069,1e-06,0,0.425747
0.505176,0.000797,0,9.802618
0.50649,0.002552,1,3.061213
