start,duration,direction,throughput
0.74436,1e-06,0,0.805468
0.744596,0.013477,0,4.637524
0.762608,0.023135,1,2.701502
