start,duration,direction,throughput
0.745129,1e-06,0,0.425747
0.745366,0.013595,0,4.59714
0.763494,0.023056,1,2.710815
