start,duration,direction,throughput
0.742877,1e-06,0,1.528324
0.743112,0.013587,0,4.600017
0.76123,0.023411,1,2.669628
