start,duration,direction,throughput
0.602788,1e-06,0,0.425747
0.603021,0.006376,0,4.901383
0.611473,0.011319,1,2.760944
