start,duration,direction,throughput
0.53706,1e-06,0,0.851495
0.53728,0.003044,0,5.133229
0.541416,0.005472,1,2.85562
