start,duration,H2D,D2H,D2D,Throughput
0.803786,0.017336,1,0,0,4.136245
0.821372,0.017621,1,0,0,4.069335
0.839005,2e-06,1,0,0,0.011879
0.839046,0.000873,0,0,0,0
0.83992,0.000869,0,0,0,0
0.840791,0.000868,0,0,0,0
0.84166,0.000866,0,0,0,0
0.842527,0.000871,0,0,0,0
0.843414,0.026843,0,1,0,2.671331
