start,duration,threads_x,threads_y,threads_z
1.169973,0.001521,320.0,320.0,1.0
1.171496,0.00152,320.0,320.0,1.0
1.173016,0.001521,320.0,320.0,1.0
1.174539,0.001521,320.0,320.0,1.0
1.176061,0.00152,320.0,320.0,1.0
