start,duration,direction,throughput
0.972898,0.014953,0,7.27922
0.987991,0.014738,0,7.385526
1.00274,2e-06,0,0.010212
1.010057,0.041073,1,2.65008
