start,duration,H2D,D2H,D2D,Throughput
1.3269,0.04885,1,0,0,3.800501
1.375889,0.024521,1,0,0,7.571076
1.400425,2e-06,1,0,0,0.011879
1.400475,0.002312,0,0,0,0
1.402788,0.002308,0,0,0,0
1.405098,0.002307,0,0,0,0
1.407407,0.002306,0,0,0,0
1.409714,0.002309,0,0,0,0
1.412046,0.075076,0,1,0,2.472868
