start,duration,H2D,D2H,D2D,Throughput
0.726048,0.012772,1,0,0,4.449004
0.739039,0.01274,1,0,0,4.46001
0.75179,1e-06,1,0,0,0.012654
0.751822,0.000693,0,0,0,0
0.752516,0.000687,0,0,0,0
0.753205,0.000688,0,0,0,0
0.753894,0.000691,0,0,0,0
0.754587,0.000689,0,0,0,0
0.75529,0.019763,0,1,0,2.875203
