start,duration,threads_x,threads_y,threads_z
0.529686,0.000197,128.0,128.0,1.0
0.529884,0.000195,128.0,128.0,1.0
0.53008,0.000195,128.0,128.0,1.0
0.530277,0.000193,128.0,128.0,1.0
0.530471,0.000194,128.0,128.0,1.0
