start,duration,direction,throughput
0.805484,0.009496,0,7.218212
0.815115,0.009359,0,7.323592
0.824486,2e-06,0,0.011879
0.828606,0.026968,1,2.541664
