start,duration,H2D,D2H,D2D,Throughput
0.527369,0.001258,1,0,0,7.450462
0.528722,0.000918,1,0,0,10.206702
0.529652,1e-06,1,0,0,0.015732
0.529686,0.000197,0,0,0,0
0.529884,0.000195,0,0,0,0
0.53008,0.000195,0,0,0,0
0.530277,0.000193,0,0,0,0
0.530471,0.000194,0,0,0,0
0.530678,0.003875,0,1,0,2.41817
