start,duration,threads_x,threads_y,threads_z
1.471058,0.002484,384.0,384.0,1.0
1.473543,0.002488,384.0,384.0,1.0
1.476032,0.002483,384.0,384.0,1.0
1.478516,0.002487,384.0,384.0,1.0
1.481005,0.002481,384.0,384.0,1.0
