start,duration,threads_x,threads_y,threads_z
0.824518,0.000818,256.0,256.0,1.0
0.825337,0.000812,256.0,256.0,1.0
0.826151,0.000813,256.0,256.0,1.0
0.826965,0.000812,256.0,256.0,1.0
0.827778,0.000815,256.0,256.0,1.0
