start,duration,threads_x,threads_y,threads_z
1.002772,0.001456,320.0,304.0,1.0
1.004229,0.001453,320.0,304.0,1.0
1.005683,0.001451,320.0,304.0,1.0
1.007136,0.001452,320.0,304.0,1.0
1.00859,0.001451,320.0,304.0,1.0
