start,duration,threads_x,threads_y,threads_z
1.245169,0.002018,352.0,352.0,1.0
1.247188,0.002014,352.0,352.0,1.0
1.249203,0.002012,352.0,352.0,1.0
1.251216,0.002019,352.0,352.0,1.0
1.253237,0.002013,352.0,352.0,1.0
