start,duration,threads_x,threads_y,threads_z
0.839046,0.000873,288.0,272.0,1.0
0.83992,0.000869,288.0,272.0,1.0
0.840791,0.000868,288.0,272.0,1.0
0.84166,0.000866,288.0,272.0,1.0
0.842527,0.000871,288.0,272.0,1.0
