start,duration,threads_x,threads_y,threads_z
0.918822,0.001259,288.0,288.0,1.0
0.920083,0.001255,288.0,288.0,1.0
0.921339,0.001253,288.0,288.0,1.0
0.922594,0.001254,288.0,288.0,1.0
0.923849,0.001252,288.0,288.0,1.0
