start,duration,threads_x,threads_y,threads_z
1.400475,0.002312,384.0,368.0,1.0
1.402788,0.002308,384.0,368.0,1.0
1.405098,0.002307,384.0,368.0,1.0
1.407407,0.002306,384.0,368.0,1.0
1.409714,0.002309,384.0,368.0,1.0
