start,duration,direction,throughput
1.414588,0.028211,0,7.245909
1.442936,0.028078,0,7.28027
1.471025,2e-06,0,0.011879
1.483501,0.082543,1,2.476445
