start,duration,direction,throughput
0.726048,0.012772,0,4.449004
0.739039,0.01274,0,4.46001
0.75179,1e-06,0,0.012654
0.75529,0.019763,1,2.875203
