start,duration,direction,throughput
0.527369,0.001258,0,7.450462
0.528722,0.000918,0,10.206702
0.529652,1e-06,0,0.015732
0.530678,0.003875,1,2.41817
