start,duration,direction,throughput
1.3269,0.04885,0,3.800501
1.375889,0.024521,0,7.571076
1.400425,2e-06,0,0.011879
1.412046,0.075076,1,2.472868
