start,duration,direction,throughput
1.17514,0.034878,0,4.501323
1.210236,0.034887,0,4.500188
1.245135,1e-06,0,0.012654
1.255263,0.060218,1,2.607169
