start,duration,direction,throughput
0.803786,0.017336,0,4.136245
0.821372,0.017621,0,4.069335
0.839005,2e-06,0,0.011879
0.843414,0.026843,1,2.671331
