start,duration,direction,throughput
1.078243,0.035625,0,3.690029
1.114566,0.055338,0,2.375527
1.169919,2e-06,0,0.011194
1.177599,0.052491,1,2.504349
