start,duration,H2D,D2H,D2D,Throughput
1.17514,0.034878,1,0,0,4.501323
1.210236,0.034887,1,0,0,4.500188
1.245135,1e-06,1,0,0,0.012654
1.245169,0.002018,0,0,0,0
1.247188,0.002014,0,0,0,0
1.249203,0.002012,0,0,0,0
1.251216,0.002019,0,0,0,0
1.253237,0.002013,0,0,0,0
1.255263,0.060218,0,1,0,2.607169
