start,duration,H2D,D2H,D2D,Throughput
1.078243,0.035625,1,0,0,3.690029
1.114566,0.055338,1,0,0,2.375527
1.169919,2e-06,1,0,0,0.011194
1.169973,0.001521,0,0,0,0
1.171496,0.00152,0,0,0,0
1.173016,0.001521,0,0,0,0
1.174539,0.001521,0,0,0,0
1.176061,0.00152,0,0,0,0
1.177599,0.052491,0,1,0,2.504349
