start,duration,H2D,D2H,D2D,Throughput
0.972898,0.014953,1,0,0,7.27922
0.987991,0.014738,1,0,0,7.385526
1.00274,2e-06,1,0,0,0.010212
1.002772,0.001456,0,0,0,0
1.004229,0.001453,0,0,0,0
1.005683,0.001451,0,0,0,0
1.007136,0.001452,0,0,0,0
1.00859,0.001451,0,0,0,0
1.010057,0.041073,0,1,0,2.65008
