start,duration,direction,throughput
0.8943,0.012197,0,7.295959
0.906634,0.012141,0,7.329457
0.918786,2e-06,0,0.011879
0.925115,0.035538,1,2.504061
