start,duration,H2D,D2H,D2D,Throughput
0.8943,0.012197,1,0,0,7.295959
0.906634,0.012141,1,0,0,7.329457
0.918786,2e-06,1,0,0,0.011879
0.918822,0.001259,0,0,0,0
0.920083,0.001255,0,0,0,0
0.921339,0.001253,0,0,0,0
0.922594,0.001254,0,0,0,0
0.923849,0.001252,0,0,0,0
0.925115,0.035538,0,1,0,2.504061
