start,duration,direction,throughput
0.460934,0.022478,0,4.344588
0.483784,0.022323,0,4.374649
0.506127,3e-06,0,6.020671
13.721402,0.021083,1,4.631917
13.743004,0.020949,1,4.661576
13.764463,2e-06,1,7.740863
