start,duration,direction,throughput
0.458774,0.000724,0,5.147761
0.459727,0.000728,0,5.119013
0.460469,1e-06,0,2.530768
0.581227,0.00058,1,6.422992
0.582129,0.000564,1,6.602573
0.583003,2e-06,1,2.155839
