start,duration,direction,throughput
0.46064,0.008018,0,4.384881
0.468886,0.007908,0,4.445669
0.47681,2e-06,0,4.899012
3.378087,0.007536,1,4.665178
3.386059,0.007489,1,4.694601
3.393968,2e-06,1,5.960464
