start,duration,direction,throughput
0.464926,0.021261,0,4.380516
0.486491,0.022377,0,4.161958
0.508887,3e-06,0,6.00079
12.819849,0.020264,1,4.59588
12.840425,0.01972,1,4.722773
12.860531,3e-06,1,6.614507
