start,duration,direction,throughput
0.459686,0.000785,0,4.976032
0.460698,0.000765,0,5.109542
0.461475,1e-06,0,2.591506
0.589563,0.000588,1,6.641927
0.590505,0.000579,1,6.750276
0.591414,2e-06,1,2.249232
