start,duration,direction,throughput
0.461708,0.032347,0,4.347394
0.494413,0.032542,0,4.321394
0.526975,4e-06,0,6.329697
23.29437,0.030617,1,4.593012
23.32552,0.030388,1,4.627593
23.356443,3e-06,1,8.316927
