start,duration,direction,throughput
0.460729,0.003511,0,4.449745
0.464472,0.003492,0,4.474128
0.467979,2e-06,0,4.040993
1.353505,0.003178,1,4.916314
1.357039,0.003133,1,4.987674
1.360511,2e-06,1,4.182782
