start,duration,direction,throughput
0.460631,0.007629,0,4.394775
0.468488,0.0075,0,4.470131
0.476003,2e-06,0,4.918957
3.181875,0.0074,1,4.530573
3.189618,0.007053,1,4.753443
3.196953,2e-06,1,5.820766
