start,duration,direction,throughput
0.459062,0.014265,0,4.381245
0.473574,0.014251,0,4.385643
0.487843,3e-06,0,5.544618
7.288019,0.013301,1,4.698969
7.301947,0.013259,1,4.713905
7.315815,2e-06,1,6.811959
