start,duration,direction,throughput
0.460684,0.003281,0,4.541284
0.464191,0.003261,0,4.568864
0.467465,2e-06,0,4.014321
1.294971,0.00311,1,4.790722
1.298339,0.003025,1,4.92546
1.30161,2e-06,1,4.014321
