start,duration,direction,throughput
0.471214,0.08864,0,4.406859
0.560095,0.077477,0,5.04184
0.637596,5e-06,0,7.224805
0.637623,5e-06,0,7.181283
0.637653,5e-06,0,7.181283
0.643913,6e-06,1,6.773255
