start,duration,H2D,D2H,D2D,Throughput
0.471214,0.08864,1,0,0,4.406859
0.560095,0.077477,1,0,0,5.04184
0.637596,5e-06,1,0,0,7.224805
0.637623,5e-06,1,0,0,7.181283
0.637653,5e-06,1,0,0,7.181283
0.637682,0.006213,0,0,0,0
0.643913,6e-06,0,1,0,6.773255
