start,duration,H2D,D2H,D2D,Throughput
0.471749,0.340428,1,0,0,4.37719
0.812429,0.29679,1,0,0,5.02077
1.109249,9e-06,1,0,0,8.198262
1.109287,9e-06,1,0,0,8.22814
1.109325,9e-06,1,0,0,8.655414
1.109362,0.017858,0,0,0,0
1.127237,9e-06,0,1,0,8.467531
