start,duration,direction,throughput
0.484447,0.556697,0,6.31515
1.041309,0.331514,0,10.604758
1.372879,1.3e-05,0,9.076849
1.372929,1.3e-05,0,8.963104
1.37298,1.2e-05,0,9.511379
1.434169,1.2e-05,1,9.511379
