start,duration,H2D,D2H,D2D,Throughput
0.461032,0.228306,1,0,0,4.380088
0.689588,0.199197,1,0,0,5.020149
0.888818,8e-06,1,0,0,7.75345
0.888862,8e-06,1,0,0,7.785096
0.888903,8e-06,1,0,0,7.785096
0.888935,0.008138,0,0,0,0
0.897088,7e-06,0,1,0,8.186046
