start,duration,H2D,D2H,D2D,Throughput
0.472899,0.633472,1,0,0,6.314403
1.106552,0.379229,1,0,0,10.547706
1.485845,1.3e-05,1,0,0,9.349748
1.485898,1.3e-05,1,0,0,9.349748
1.485952,1.3e-05,1,0,0,9.490034
1.486022,0.102781,0,0,0,0
1.588836,1.3e-05,0,1,0,9.419006
