start,duration,direction,throughput
0.472899,0.633472,0,6.314403
1.106552,0.379229,0,10.547706
1.485845,1.3e-05,0,9.349748
1.485898,1.3e-05,0,9.349748
1.485952,1.3e-05,0,9.490034
1.588836,1.3e-05,1,9.419006
