start,duration,H2D,D2H,D2D,Throughput
0.469229,1.362629,1,0,0,4.374238
1.832105,1.189442,1,0,0,5.011142
3.02162,1.6e-05,1,0,0,9.503292
3.021684,1.5e-05,1,0,0,9.7828
3.021747,1.6e-05,1,0,0,9.601264
3.021884,0.412765,0,0,0,0
3.434669,1.5e-05,0,1,0,10.101113
