start,duration,H2D,D2H,D2D,Throughput
0.461211,0.356858,1,0,0,4.37849
0.818321,0.311347,1,0,0,5.018519
1.129696,9e-06,1,0,0,8.307268
1.129734,9e-06,1,0,0,8.455497
1.129772,9e-06,1,0,0,8.484647
1.129809,0.016118,0,0,0,0
1.145946,9e-06,0,1,0,8.638354
