start,duration,H2D,D2H,D2D,Throughput
0.488305,0.659018,1,0,0,7.326021
1.147469,0.447639,1,0,0,10.785421
1.595169,1.4e-05,1,0,0,9.547266
1.595225,1.4e-05,1,0,0,9.272017
1.595282,1.4e-05,1,0,0,9.678872
1.595449,0.104136,0,0,0,0
1.69961,1.4e-05,0,1,0,9.861063
