start,duration,direction,throughput
0.467738,1.42741,0,4.37856
1.895399,1.246305,0,5.014825
3.141774,1.6e-05,0,9.653185
3.141839,1.6e-05,0,9.692428
3.141904,1.6e-05,0,9.812095
3.606672,1.4e-05,1,10.715442
