start,duration,H2D,D2H,D2D,Throughput
0.467738,1.42741,1,0,0,4.37856
1.895399,1.246305,1,0,0,5.014825
3.141774,1.6e-05,1,0,0,9.653185
3.141839,1.6e-05,1,0,0,9.692428
3.141904,1.6e-05,1,0,0,9.812095
3.141969,0.464681,0,0,0,0
3.606672,1.4e-05,0,1,0,10.715442
