start,duration,direction,throughput
0.461032,0.228306,0,4.380088
0.689588,0.199197,0,5.020149
0.888818,8e-06,0,7.75345
0.888862,8e-06,0,7.785096
0.888903,8e-06,0,7.785096
0.897088,7e-06,1,8.186046
