start,duration,H2D,D2H,D2D,Throughput
0.484447,0.556697,1,0,0,6.31515
1.041309,0.331514,1,0,0,10.604758
1.372879,1.3e-05,1,0,0,9.076849
1.372929,1.3e-05,1,0,0,8.963104
1.37298,1.2e-05,1,0,0,9.511379
1.373052,0.061086,0,0,0,0
1.434169,1.2e-05,0,1,0,9.511379
