start,duration,direction,throughput
0.468023,0.022268,0,6.314987
27.888656,0.05269,1,2.668916
