start,duration,direction,throughput
0.462524,0.014437,0,4.329205
12.427477,0.023192,1,2.694952
