start,duration,direction,throughput
0.462935,0.072354,0,4.373055
63.355611,0.135078,1,2.342405
