start,duration,direction,throughput
0.485758,0.008227,0,4.273373
6.989328,0.013037,1,2.696682
