start,duration,direction,throughput
0.459741,0.003492,0,4.474786
3.101981,0.005364,1,2.913104
