start,duration,direction,throughput
0.469942,0.015456,0,6.318202
19.278297,0.037133,1,2.629896
