start,duration,direction,throughput
0.460887,0.089456,0,4.36666
78.157047,0.14712,1,2.655154
