start,duration,direction,throughput
0.460078,0.057275,0,4.364944
49.850937,0.09373,1,2.667246
