start,duration,direction,throughput
0.459788,0.000773,0,5.053488
0.902186,0.000955,1,4.092118
