start,duration,direction,throughput
0.468247,0.030461,0,6.283591
38.804635,0.072357,1,2.645288
