start,duration,direction,throughput
2.681923,0.029855,0,4.31778
2.715717,2e-06,1,0.118263
2.722308,2e-06,1,0.573122
