start,duration,direction,throughput
4.771428,0.057914,0,4.316758
4.836596,1e-06,1,0.191041
4.848908,1e-06,1,0.745058
