start,duration,direction,throughput
3.828999,0.045378,0,4.304099
3.880135,1e-06,1,0.186265
3.889843,1e-06,1,0.726886
