start,duration,direction,throughput
1.809849,0.017877,0,4.370031
1.83027,1e-06,1,0.191041
1.834456,1e-06,1,0.745058
