start,duration,direction,throughput
2.07485,0.021537,0,4.353009
2.099349,1e-06,1,0.191041
2.104288,1e-06,1,0.745058
