start,duration,direction,throughput
3.508284,0.040681,0,4.320918
3.554181,1e-06,1,0.186265
3.562963,1e-06,1,0.745058
