start,duration,direction,throughput
3.150426,0.03603,0,4.336699
3.191133,1e-06,1,0.191041
3.199004,1e-06,1,0.745058
