start,duration,direction,throughput
2.614971,0.028831,0,4.335657
2.647639,1e-06,1,0.186265
2.654021,1e-06,1,0.745058
