start,duration,direction,throughput
1.541383,0.014343,0,4.357675
1.557826,1e-06,1,0.186265
1.561279,1e-06,1,0.745058
