start,duration,direction,throughput
2.498733,0.018728,0,6.257438
2.521076,1e-06,1,0.186265
2.527095,1e-06,1,0.745058
