start,duration,H2D,D2H,D2D,Throughput
16.617625,0.014336,1,0,0,4.359624
16.632338,0.01421,1,0,0,4.398275
16.646559,0.000612,0,0,0,0
16.647172,0.022952,0,1,0,2.723082
