start,duration,H2D,D2H,D2D,Throughput
136.000333,0.236243,1,0,0,4.232938
136.23768,0.231927,1,0,0,4.311697
136.46962,0.009881,0,0,0,0
136.479507,0.387603,0,1,0,2.579961
