start,duration,direction,throughput
1.565349,0.000762,0,5.124134
1.566438,0.000763,0,5.117682
1.567254,0.000995,1,3.924645
