start,duration,direction,throughput
0.458628,0.001723,0,4.535554
0.460582,0.001722,0,4.535725
0.47631,0.002379,1,3.283716
