start,duration,direction,throughput
0.472469,8e-06,0,7.75345
0.472507,8e-06,0,7.78609
0.472549,6e-06,1,10.655579
