start,duration,direction,throughput
0.458509,1.3e-05,0,9.236555
0.458561,1.3e-05,0,9.126752
0.460208,1.1e-05,1,11.252794
