start,duration,direction,throughput
0.476188,0.000247,0,7.905212
0.4766,0.000244,0,7.994257
0.47775,0.000162,1,12.02678
