start,duration,direction,throughput
0.63408,8.8e-05,0,11.073267
0.634503,8.8e-05,0,11.097553
0.634618,8e-05,1,12.148869
