start,duration,H2D,D2H,D2D,Throughput
3.017353,0.003935,1,0,0,3.97044
3.021637,0.003436,1,0,0,4.546788
3.025085,0.000159,0,0,0,0
3.025245,0.005399,0,1,0,2.89394
