start,duration,H2D,D2H,D2D,Throughput
0.823932,2.4e-05,1,0,0,10.11856
0.824031,2.4e-05,1,0,0,10.213807
0.82407,5e-06,0,0,0,0
0.824078,2.1e-05,0,1,0,11.73753
