start,duration,direction,throughput
16.617625,0.014336,0,4.359624
16.632338,0.01421,0,4.398275
16.647172,0.022952,1,2.723082
