start,duration,direction,throughput
136.000333,0.236243,0,4.232938
136.23768,0.231927,0,4.311697
136.479507,0.387603,1,2.579961
