start,duration,H2D,D2H,D2D,Throughput
0.472469,8e-06,1,0,0,7.75345
0.472507,8e-06,1,0,0,7.78609
0.47254,3e-06,0,0,0,0
0.472549,6e-06,0,1,0,10.655579
