start,duration,H2D,D2H,D2D,Throughput
35.92167,0.058654,1,0,0,4.262276
35.980849,0.057438,1,0,0,4.352488
36.038293,0.002458,0,0,0,0
36.040753,0.093783,0,1,0,2.665715
