start,duration,direction,throughput
0.470063,0.000584,0,6.684847
0.470811,0.000553,0,7.069266
0.474982,0.00101,1,3.866958
