start,duration,direction,throughput
35.92167,0.058654,0,4.262276
35.980849,0.057438,0,4.352488
36.040753,0.093783,1,2.665715
