start,duration,direction,throughput
0.823932,2.4e-05,0,10.11856
0.824031,2.4e-05,0,10.213807
0.824078,2.1e-05,1,11.73753
