start,duration,direction,throughput
0.542778,0.025126,1,4.975013
0.568131,2.1e-05,1,11.57723
