start,duration,direction,throughput
0.525764,0.028202,1,4.432364
0.554256,2.1e-05,1,11.594825
