start,duration,direction,throughput
0.518276,0.025152,1,4.969723
0.54366,2.1e-05,1,11.57723
