start,duration,direction,throughput
0.526675,0.0275,1,4.545502
0.554453,2.1e-05,1,11.630175
