start,duration,direction,throughput
0.528086,0.025396,1,4.922
0.55372,2.1e-05,1,11.577779
