start,duration,direction,throughput
0.528736,0.028469,1,4.390753
0.557489,2.1e-05,1,11.594825
