start,duration,direction,throughput
0.514099,0.02741,1,4.560324
0.541793,2.1e-05,1,11.647931
