start,duration,direction,throughput
0.546147,0.028009,1,4.462782
0.57444,2.1e-05,1,11.594825
