start,duration,direction,throughput
0.531297,0.028022,1,4.460805
0.559605,2.1e-05,1,11.57723
