start,duration,H2D,D2H,D2D,Throughput
18.314434,0.087648,1,0,0,4.352315
18.402537,0.008575,0,0,0,0
18.415399,0.001595,1,0,0,4.78212
18.417004,1e-06,1,0,0,0.80844
18.417053,0.002494,0,0,0,0
18.41956,0.001402,0,1,0,5.441316
18.482622,0.001583,1,0,0,4.820018
18.484215,1e-06,1,0,0,0.80844
18.484261,0.002495,0,0,0,0
18.48677,0.001375,0,1,0,5.548316
