start,duration,H2D,D2H,D2D,Throughput
12.230943,0.087162,1,0,0,4.376549
12.318573,0.012136,0,0,0,0
12.333686,0.000721,1,0,0,5.289096
12.334419,2e-06,1,0,0,1.187911
12.334466,0.002679,0,0,0,0
12.337158,0.000579,0,1,0,6.58333
12.394528,0.000732,1,0,0,5.208226
12.395271,1e-06,1,0,0,1.492504
12.395306,0.002676,0,0,0,0
12.397994,0.000562,0,1,0,6.790327
