start,duration,threads_x,threads_y,threads_z
18.402537,0.008575,2073600.0,1.0,1.0
18.417053,0.002494,23040.0,90.0,1.0
18.484261,0.002495,23040.0,90.0,1.0
