start,duration,threads_x,threads_y,threads_z
12.318573,0.012136,1048576.0,1.0,1.0
12.334466,0.002679,16384.0,64.0,1.0
12.395306,0.002676,16384.0,64.0,1.0
