start,duration,H2D,D2H,D2D,Throughput
3.133666,0.023815,1,0,0,4.356937
3.157759,0.002259,0,0,0,0
3.162684,0.000549,1,0,0,5.557634
3.163243,1e-06,1,0,0,0.565446
3.163304,0.000576,0,0,0,0
3.163892,0.000517,0,1,0,5.90555
3.182746,0.000546,1,0,0,5.584963
3.183302,1e-06,1,0,0,0.565446
3.183334,0.000574,0,0,0,0
3.183922,0.000408,0,1,0,7.473461
