start,duration,threads_x,threads_y,threads_z
4.099423,0.002818,1048576.0,1.0,1.0
4.10536,0.000706,16384.0,64.0,1.0
4.130778,0.000707,16384.0,64.0,1.0
