start,duration,H2D,D2H,D2D,Throughput
4.06919,0.029959,1,0,0,4.329216
4.099423,0.002818,0,0,0,0
4.104563,0.000723,1,0,0,5.273887
4.1053,1e-06,1,0,0,0.565446
4.10536,0.000706,0,0,0,0
4.106077,0.000577,0,1,0,6.605582
4.130006,0.000729,1,0,0,5.234748
4.130745,1e-06,1,0,0,0.565446
4.130778,0.000707,0,0,0,0
4.131498,0.000537,0,1,0,7.103494
