start,duration,direction,throughput
12.230943,0.087162,0,4.376549
12.333686,0.000721,0,5.289096
12.334419,2e-06,0,1.187911
12.337158,0.000579,1,6.58333
12.394528,0.000732,0,5.208226
12.395271,1e-06,0,1.492504
12.397994,0.000562,1,6.790327
