start,duration,direction,throughput
18.314434,0.087648,0,4.352315
18.415399,0.001595,0,4.78212
18.417004,1e-06,0,0.80844
18.41956,0.001402,1,5.441316
18.482622,0.001583,0,4.820018
18.484215,1e-06,0,0.80844
18.48677,0.001375,1,5.548316
