start,duration,threads_x,threads_y,threads_z
3.157759,0.002259,831744.0,1.0,1.0
3.163304,0.000576,14592.0,57.0,1.0
3.183334,0.000574,14592.0,57.0,1.0
