start,duration,direction,throughput
3.133666,0.023815,0,4.356937
3.162684,0.000549,0,5.557634
3.163243,1e-06,0,0.565446
3.163892,0.000517,1,5.90555
3.182746,0.000546,0,5.584963
3.183302,1e-06,0,0.565446
3.183922,0.000408,1,7.473461
