start,duration,direction,throughput
0.461801,0.102821,0,4.331619
0.565007,0.249616,0,4.351866
0.814855,0.061808,0,4.393828
0.876893,0.248354,0,4.37397
2.01773,0.235984,1,4.603264
