start,duration,H2D,D2H,D2D,Throughput
0.463195,0.141262,1,0,0,4.324925
0.604723,0.343373,1,0,0,4.33964
0.948381,0.085503,1,0,0,4.356902
1.034247,0.340536,1,0,0,4.375798
1.374788,1.225684,0,0,0,0
2.600517,0.324859,0,1,0,4.586964
