start,duration,direction,throughput
0.466575,0.011962,0,6.383999
0.478693,0.029257,0,6.366388
0.508109,0.007305,0,6.37421
0.51557,0.029314,0,6.354185
0.695334,0.040252,1,4.627426
