start,duration,direction,throughput
0.460655,0.048472,0,4.323255
0.50937,0.118103,0,4.327659
0.627698,0.029194,0,4.37688
0.657117,0.117176,0,4.361914
1.191096,0.11076,1,4.614551
