start,duration,H2D,D2H,D2D,Throughput
0.466548,0.000987,1,0,0,4.950061
0.467763,0.002595,1,0,0,4.594255
0.470579,0.000538,1,0,0,5.543989
0.471348,0.002561,1,0,0,4.655282
0.473921,0.009238,0,0,0,0
0.483201,0.002396,0,1,0,4.974551
