start,duration,H2D,D2H,D2D,Throughput
0.461007,0.030203,1,0,0,4.369216
0.491432,0.073561,1,0,0,4.375468
0.565225,0.018259,1,0,0,4.406901
0.583709,0.073276,1,0,0,4.392498
0.656998,0.261511,0,0,0,0
0.918548,0.069516,0,1,0,4.630071
