start,duration,H2D,D2H,D2D,Throughput
0.466575,0.011962,1,0,0,6.383999
0.478693,0.029257,1,0,0,6.366388
0.508109,0.007305,1,0,0,6.37421
0.51557,0.029314,1,0,0,6.354185
0.544895,0.150396,0,0,0,0
0.695334,0.040252,0,1,0,4.627426
