start,duration,direction,throughput
0.460729,0.009791,0,3.993374
0.47077,0.023745,0,4.016277
0.494762,0.005803,0,4.108207
0.500814,0.023769,0,4.012222
0.601067,0.008851,1,10.7744
