start,duration,direction,throughput
0.461007,0.030203,0,4.369216
0.491432,0.073561,0,4.375468
0.565225,0.018259,0,4.406901
0.583709,0.073276,0,4.392498
0.918548,0.069516,1,4.630071
