start,duration,H2D,D2H,D2D,Throughput
0.45885,5.6e-05,1,0,0,10.916211
0.459136,0.000178,1,0,0,8.3919
0.459406,3.5e-05,1,0,0,10.612456
0.459666,0.000167,1,0,0,8.934514
0.459846,0.001093,0,0,0,0
0.460978,0.000124,0,1,0,12.020361
