start,duration,direction,throughput
0.459361,0.003707,0,4.449558
0.463296,0.009098,0,4.421973
0.472619,0.002141,0,4.696902
0.474987,0.009125,0,4.409134
0.515988,0.008613,1,4.671006
