start,duration,H2D,D2H,D2D,Throughput
0.461801,0.102821,1,0,0,4.331619
0.565007,0.249616,1,0,0,4.351866
0.814855,0.061808,1,0,0,4.393828
0.876893,0.248354,1,0,0,4.37397
1.125257,0.892429,0,0,0,0
2.01773,0.235984,0,1,0,4.603264
