start,duration,direction,throughput
0.466548,0.000987,0,4.950061
0.467763,0.002595,0,4.594255
0.470579,0.000538,0,5.543989
0.471348,0.002561,0,4.655282
0.483201,0.002396,1,4.974551
