start,duration,H2D,D2H,D2D,Throughput
0.459361,0.003707,1,0,0,4.449558
0.463296,0.009098,1,0,0,4.421973
0.472619,0.002141,1,0,0,4.696902
0.474987,0.009125,1,0,0,4.409134
0.484126,0.031826,0,0,0,0
0.515988,0.008613,0,1,0,4.671006
