start,duration,H2D,D2H,D2D,Throughput
0.460655,0.048472,1,0,0,4.323255
0.50937,0.118103,1,0,0,4.327659
0.627698,0.029194,1,0,0,4.37688
0.657117,0.117176,1,0,0,4.361914
0.774305,0.416752,0,0,0,0
1.191096,0.11076,0,1,0,4.614551
