start,duration,direction,throughput
0.463195,0.141262,0,4.324925
0.604723,0.343373,0,4.33964
0.948381,0.085503,0,4.356902
1.034247,0.340536,0,4.375798
2.600517,0.324859,1,4.586964
