start,duration,direction,throughput
0.45885,5.6e-05,0,10.916211
0.459136,0.000178,0,8.3919
0.459406,3.5e-05,0,10.612456
0.459666,0.000167,0,8.934514
0.460978,0.000124,1,12.020361
