start,duration,direction,throughput
0.464543,0.041578,0,4.348872
0.506344,0.041038,0,4.406113
0.636423,0.068065,1,2.656513
