start,duration,direction,throughput
0.45889,0.041453,0,4.361992
0.500566,0.041104,0,4.398983
0.68395,0.067888,1,2.663445
