start,duration,direction,throughput
0.459179,0.041483,0,4.35878
0.500888,0.041251,0,4.383335
0.738005,0.067987,1,2.65959
