start,duration,direction,throughput
0.464448,0.041462,0,4.361034
0.506133,0.041497,0,4.357321
0.797927,0.067783,1,2.667594
