start,duration,direction,throughput
0.460478,0.041836,0,4.322017
0.502539,0.041297,0,4.378417
0.847392,0.068594,1,2.636048
