start,duration,direction,throughput
0.461723,0.04138,0,4.369708
0.503332,0.041015,0,4.408497
0.901561,0.067876,1,2.663931
