start,duration,direction,throughput
0.461367,0.041396,0,4.367984
0.502989,0.041166,0,4.392362
0.954936,0.068985,1,2.62111
