start,duration,direction,throughput
0.459183,0.041607,0,4.345871
0.501014,0.041741,0,4.331884
1.006979,0.068273,1,2.648446
