start,duration,direction,throughput
0.459598,0.041414,0,4.366051
0.50124,0.040977,0,4.412611
1.113764,0.069044,1,2.618855
