start,duration,direction,throughput
0.502942,0.014346,0,4.356522
0.517517,0.01425,0,4.386057
11.403027,0.02392,1,2.612878
