start,duration,direction,throughput
0.62324,0.072619,0,4.357068
0.696085,0.072557,0,4.36078
125.162783,0.119835,1,2.640355
