start,duration,direction,throughput
0.532583,0.032033,0,4.390054
0.564849,0.031917,0,4.406023
37.438205,0.054248,1,2.592266
