start,duration,direction,throughput
0.482816,0.008058,0,4.363114
0.491102,0.007935,0,4.430306
5.110014,0.013499,1,2.604299
