start,duration,direction,throughput
0.461257,0.000775,0,5.03743
0.46226,0.000763,0,5.120251
0.634002,0.001079,1,3.621882
