start,duration,direction,throughput
0.610928,0.045855,0,5.452006
0.656965,0.04572,0,5.468037
88.006586,0.095793,1,2.609801
