start,duration,direction,throughput
0.47899,0.003492,0,4.474088
0.482716,0.003465,0,4.508791
1.855079,0.006102,1,2.560614
