start,duration,direction,throughput
0.660958,0.089957,0,4.342372
0.751147,0.089884,0,4.345895
171.023878,0.165975,1,2.353512
