start,duration,direction,throughput
0.458463,3.6e-05,0,10.643984
0.45868,6.9e-05,0,11.022747
0.472306,6.3e-05,1,12.145816
