start,duration,direction,throughput
0.53572,0.01803,0,5.416215
0.553934,0.017885,0,5.460366
21.945153,0.037562,1,2.599845
