start,duration,direction,throughput
0.559422,0.04398,0,4.352145
0.603641,0.043947,0,4.355399
59.116599,0.071587,1,2.673744
