start,duration,direction,throughput
0.556454,0.004483,0,4.356324
0.561167,0.004375,0,4.464439
0.568057,1.3e-05,2,289.953236
0.568072,1.3e-05,2,308.258365
0.568242,1.4e-05,2,281.917581
0.568256,1.3e-05,2,308.282693
0.568473,0.006829,1,2.860143
0.575574,0.006827,1,2.860893
