start,duration,direction,throughput
0.598059,0.007063,0,4.424204
0.605353,0.007054,0,4.430145
0.616773,0.011226,1,2.783729
0.628274,0.011284,1,2.769527
