start,duration,direction,throughput
0.740604,0.014368,0,4.350056
0.7552,0.014264,0,4.381763
0.778363,0.023048,1,2.711734
0.801684,0.023017,1,2.715368
