start,duration,direction,throughput
1.004097,0.022741,0,5.496569
1.027019,0.022521,0,5.550434
1.068942,0.051641,1,2.420572
1.120927,0.050787,1,2.461274
