start,duration,direction,throughput
0.530865,0.003524,0,4.434507
0.534616,0.003518,0,4.440961
0.540438,0.005357,1,2.916911
0.546065,0.005326,1,2.933753
