start,duration,direction,throughput
0.490115,0.000646,0,6.045554
0.490946,0.000646,0,6.046162
0.492434,0.000901,1,4.337719
0.493681,0.000771,1,5.068379
