start,duration,direction,throughput
0.515367,0.001842,0,6.361232
0.517371,0.001795,0,6.529894
0.520884,1.4e-05,2,278.084288
0.520899,1.3e-05,2,299.927058
0.521057,0.002914,1,4.021126
0.524265,0.003004,1,3.90102
