start,duration,direction,throughput
0.509661,0.001385,0,5.639731
0.511234,0.001358,0,5.752009
0.513921,0.002497,1,3.128406
0.516741,0.002238,1,3.490364
