start,duration,direction,throughput
0.579869,0.006191,0,4.41682
0.586292,0.006168,0,4.432881
0.59584,1.4e-05,2,285.878952
0.595855,1.3e-05,2,310.611482
0.596384,0.009842,1,2.778135
0.606508,0.009737,1,2.808126
