start,duration,direction,throughput
0.470756,1.4e-05,0,8.850806
0.479728,6e-06,1,9.831694
