start,duration,threads_x,threads_y,threads_z
0.465893,0.004632,2097152.0,1.0,1.0
0.471151,0.008917,2097152.0,1.0,1.0
