start,duration,H2D,D2H,D2D,Throughput
0.479011,1e-06,0,0,0,0
0.48057,0.004615,0,0,0,0
0.485805,1.4e-05,1,0,0,8.709354
0.485829,0.008911,0,0,0,0
0.494743,6e-06,0,1,0,9.831694
