start,duration,H2D,D2H,D2D,Throughput
0.463968,1e-06,0,0,0,0
0.46552,0.004626,0,0,0,0
0.470756,1.4e-05,1,0,0,8.850806
0.47078,0.008943,0,0,0,0
0.479728,6e-06,0,1,0,9.831694
