start,duration,threads_x,threads_y,threads_z
0.471732,0.004533,2048000.0,1.0,1.0
0.476983,0.008936,2048000.0,1.0,1.0
