start,duration,H2D,D2H,D2D,Throughput
0.464341,1e-06,0,0,0,0
0.465893,0.004632,0,0,0,0
0.471128,1.4e-05,1,0,0,8.789625
0.471151,0.008917,0,0,0,0
0.48007,6e-06,0,1,0,9.584666
