start,duration,H2D,D2H,D2D,Throughput
0.469802,1e-06,0,0,0,0
0.471352,0.004636,0,0,0,0
0.476587,1.4e-05,1,0,0,8.933717
0.47661,0.008941,0,0,0,0
0.485554,6e-06,0,1,0,9.781275
