start,duration,threads_x,threads_y,threads_z
0.48057,0.004615,2097152.0,1.0,1.0
0.485829,0.008911,2097152.0,1.0,1.0
