start,duration,H2D,D2H,D2D,Throughput
0.470192,1e-06,0,0,0,0
0.471732,0.004533,0,0,0,0
0.476964,1.4e-05,1,0,0,8.770049
0.476983,0.008936,0,0,0,0
0.485923,6e-06,0,1,0,9.831694
