start,duration,direction,throughput
0.469462,1.4e-05,0,8.872034
0.478413,6e-06,1,9.831694
