start,duration,threads_x,threads_y,threads_z
0.464405,0.001844,819200.0,1.0,1.0
0.466516,0.00909,819200.0,1.0,1.0
