start,duration,threads_x,threads_y,threads_z
0.465484,0.000961,409600.0,1.0,1.0
0.466538,0.009614,409600.0,1.0,1.0
