start,duration,direction,throughput
0.471128,1.4e-05,0,8.789625
0.48007,6e-06,1,9.584666
