start,duration,threads_x,threads_y,threads_z
0.468859,0.003621,1638400.0,1.0,1.0
0.47307,0.008894,1638400.0,1.0,1.0
