start,duration,direction,throughput
0.468265,1.4e-05,0,9.039567
0.477291,6e-06,1,9.781275
