start,duration,direction,throughput
0.466491,1.3e-05,0,9.104289
0.475611,6e-06,1,9.781275
