start,duration,direction,throughput
0.466519,1.4e-05,0,8.789625
0.476156,7e-06,1,9.258974
