start,duration,H2D,D2H,D2D,Throughput
0.467333,1e-06,0,0,0,0
0.468859,0.003621,0,0,0,0
0.473045,1.4e-05,1,0,0,9.018197
0.47307,0.008894,0,0,0,0
0.481968,6e-06,0,1,0,9.831694
