start,duration,threads_x,threads_y,threads_z
0.46552,0.004626,2097152.0,1.0,1.0
0.47078,0.008943,2097152.0,1.0,1.0
