start,duration,threads_x,threads_y,threads_z
0.471352,0.004636,2097152.0,1.0,1.0
0.47661,0.008941,2097152.0,1.0,1.0
