start,duration,direction,throughput
0.476964,1.4e-05,0,8.770049
0.485923,6e-06,1,9.831694
