start,duration,H2D,D2H,D2D,Throughput
0.464006,1e-06,0,0,0,0
0.465484,0.000961,0,0,0,0
0.466519,1.4e-05,1,0,0,8.789625
0.466538,0.009614,0,0,0,0
0.476156,7e-06,0,1,0,9.258974
