start,duration,direction,throughput
0.476587,1.4e-05,0,8.933717
0.485554,6e-06,1,9.781275
