start,duration,threads_x,threads_y,threads_z
0.465131,0.002757,1228800.0,1.0,1.0
0.468289,0.008994,1228800.0,1.0,1.0
