start,duration,H2D,D2H,D2D,Throughput
0.463633,1e-06,0,0,0,0
0.465131,0.002757,0,0,0,0
0.468265,1.4e-05,1,0,0,9.039567
0.468289,0.008994,0,0,0,0
0.477291,6e-06,0,1,0,9.781275
