start,duration,direction,throughput
0.473045,1.4e-05,0,9.018197
0.481968,6e-06,1,9.831694
