start,duration,direction,throughput
0.485805,1.4e-05,0,8.709354
0.494743,6e-06,1,9.831694
