start,duration,threads_x,threads_y,threads_z
0.464227,0.00464,2097152.0,1.0,1.0
0.469482,0.008924,2097152.0,1.0,1.0
