start,duration,H2D,D2H,D2D,Throughput
0.460302,1e-06,1,0,0,0.090861
0.460316,1e-06,1,0,0,0.100684
0.460354,1e-06,0,0,0,0
0.460365,1e-06,0,1,0,0.09552
0.460709,1.3e-05,1,0,0,9.104289
0.46076,1.3e-05,1,0,0,9.281502
0.460809,1.3e-05,1,0,0,9.536743
0.460835,1e-06,0,0,0,0
0.460847,1e-06,0,0,0,0
0.460868,1e-06,1,0,0,0.425747
0.460879,1.3e-05,0,0,0,0
0.460921,1.1e-05,0,1,0,11.252794
0.461034,1e-05,0,1,0,11.73753
