start,duration,threads_x,threads_y,threads_z
0.464817,2e-06,512.0,1.0,1.0
0.466385,0.000117,262144.0,1.0,1.0
