start,duration,direction,throughput
0.477013,0.000115,0,10.956736
0.477366,1.9e-05,0,9.933048
0.477451,1.9e-05,0,10.036344
0.496201,0.000449,1,4.979336
