start,duration,direction,throughput
0.479518,0.000939,0,4.956885
0.480606,1e-06,0,0.126538
0.480617,1e-06,0,0.176387
1.208015,0.013424,1,2.774519
