start,duration,H2D,D2H,D2D,Throughput
0.479518,0.000939,1,0,0,4.956885
0.480606,1e-06,1,0,0,0.126538
0.480617,1e-06,1,0,0,0.176387
0.481006,0.000197,0,0,0,0
0.481596,0.008269,0,0,0,0
0.490253,0.008179,0,0,0,0
0.499037,1e-06,0,0,0,0
0.499089,0.708901,0,0,0,0
1.208015,0.013424,0,1,0,2.774519
