start,duration,direction,throughput
0.582749,0.002015,0,4.621678
0.584923,1e-06,0,0.12935
0.584938,1e-06,0,0.171199
1.952474,0.027552,1,2.703925
