start,duration,H2D,D2H,D2D,Throughput
0.582749,0.002015,1,0,0,4.621678
0.584923,1e-06,1,0,0,0.12935
0.584938,1e-06,1,0,0,0.171199
0.585354,0.000197,0,0,0,0
0.585941,0.008184,0,0,0,0
0.594511,0.008113,0,0,0,0
0.603272,1e-06,0,0,0,0
0.60337,1.349031,0,0,0,0
1.952474,0.027552,0,1,0,2.703925
