start,duration,direction,throughput
0.486941,0.001141,0,4.897009
0.48823,1e-06,0,0.07761
0.488241,1e-06,0,0.102719
1.79114,0.015879,1,2.814912
