start,duration,H2D,D2H,D2D,Throughput
0.486941,0.001141,1,0,0,4.897009
0.48823,1e-06,1,0,0,0.07761
0.488241,1e-06,1,0,0,0.102719
0.488641,0.000196,0,0,0,0
0.489215,0.008236,0,0,0,0
0.497839,0.008195,0,0,0,0
0.506649,1e-06,0,0,0,0
0.50671,1.284336,0,0,0,0
1.79114,0.015879,0,1,0,2.814912
