start,duration,direction,throughput
0.615589,0.003088,0,4.5232
0.618844,2e-06,0,0.064675
0.618856,1e-06,0,0.105832
3.771422,0.04272,1,2.615948
