start,duration,H2D,D2H,D2D,Throughput
0.604889,0.004207,1,0,0,4.427567
0.609239,1e-06,1,0,0,0.10348
0.609251,1e-06,1,0,0,0.141109
0.609662,0.000198,0,0,0,0
0.61025,0.008307,0,0,0,0
0.61896,0.008248,0,0,0,0
0.627911,1e-06,0,0,0,0
0.628097,3.26409,0,0,0,0
3.892272,0.055604,0,1,0,2.67979
