start,duration,direction,throughput
0.604889,0.004207,0,4.427567
0.609239,1e-06,0,0.10348
0.609251,1e-06,0,0.141109
3.892272,0.055604,1,2.67979
