start,duration,H2D,D2H,D2D,Throughput
0.61708,0.004698,1,0,0,4.460581
0.621949,1e-06,1,0,0,0.116415
0.621961,1e-06,1,0,0,0.154079
0.62235,0.000199,0,0,0,0
0.622932,0.008211,0,0,0,0
0.631534,0.008108,0,0,0,0
0.640351,1e-06,0,0,0,0
0.640559,3.292949,0,0,0,0
3.933609,0.062467,0,1,0,2.68351
