start,duration,direction,throughput
0.61708,0.004698,0,4.460581
0.621949,1e-06,0,0.116415
0.621961,1e-06,0,0.154079
3.933609,0.062467,1,2.68351
