start,duration,direction,throughput
1.984618,0.002581,0,4.510687
1.987328,1e-06,0,0.064675
1.98734,1e-06,0,0.090949
5.005936,0.0343,1,2.715147
