start,duration,H2D,D2H,D2D,Throughput
1.984618,0.002581,1,0,0,4.510687
1.987328,1e-06,1,0,0,0.064675
1.98734,1e-06,1,0,0,0.090949
1.987883,0.000289,0,0,0,0
1.98862,0.008307,0,0,0,0
1.997317,0.008175,0,0,0,0
2.006134,1e-06,0,0,0,0
2.006253,2.999624,0,0,0,0
5.005936,0.0343,0,1,0,2.715147
