start,duration,direction,throughput
2.093276,0.010279,0,4.077303
2.103706,1e-06,0,0.116415
2.103723,1e-06,0,0.154079
8.901883,0.126402,1,2.652409
