start,duration,H2D,D2H,D2D,Throughput
2.093276,0.010279,1,0,0,4.077303
2.103706,1e-06,1,0,0,0.116415
2.103723,1e-06,1,0,0,0.154079
2.104266,0.000286,0,0,0,0
2.105033,0.008243,0,0,0,0
2.11368,0.008233,0,0,0,0
2.122752,1e-06,0,0,0,0
2.123161,6.778656,0,0,0,0
8.901883,0.126402,0,1,0,2.652409
