start,duration,direction,throughput
0.47352,0.914558,0,4.373697
1.388139,1.3e-05,0,9.281502
1.388208,1.3e-05,0,9.192042
1.388277,1.3e-05,0,9.536743
1.388344,1.3e-05,0,9.281502
1.417402,1.3e-05,1,9.707381
1.417504,1.1e-05,1,11.286087
