start,duration,threads_x,threads_y,threads_z
0.688861,0.00371,16384.0,1.0,1.0
0.692589,0.005947,16384.0,1.0,1.0
