start,duration,H2D,D2H,D2D,Throughput
0.47352,0.914558,1,0,0,4.373697
1.388139,1.3e-05,1,0,0,9.281502
1.388208,1.3e-05,1,0,0,9.192042
1.388277,1.3e-05,1,0,0,9.536743
1.388344,1.3e-05,1,0,0,9.281502
1.388406,0.015814,0,0,0,0
1.404242,0.013147,0,0,0,0
1.417402,1.3e-05,0,1,0,9.707381
1.417504,1.1e-05,0,1,0,11.286087
