start,duration,threads_x,threads_y,threads_z
1.388406,0.015814,32768.0,1.0,1.0
1.404242,0.013147,32768.0,1.0,1.0
