start,duration,H2D,D2H,D2D,Throughput
0.4601,0.228585,1,0,0,4.374749
0.688719,8e-06,1,0,0,7.785096
0.688755,8e-06,1,0,0,7.75345
0.688793,8e-06,1,0,0,7.785096
0.688829,8e-06,1,0,0,7.785096
0.688861,0.00371,0,0,0,0
0.692589,0.005947,0,0,0,0
0.698547,8e-06,0,1,0,7.754435
0.698604,6e-06,0,1,0,10.366025
