start,duration,direction,throughput
0.4601,0.228585,0,4.374749
0.688719,8e-06,0,7.785096
0.688755,8e-06,0,7.75345
0.688793,8e-06,0,7.785096
0.688829,8e-06,0,7.785096
0.698547,8e-06,1,7.754435
0.698604,6e-06,1,10.366025
