start,duration,threads_x,threads_y,threads_z
0.549891,0.002581,10240.0,1.0,1.0
0.552489,0.003681,10240.0,1.0,1.0
