start,duration,H2D,D2H,D2D,Throughput
0.467102,0.248414,1,0,0,6.289898
0.715541,9e-06,1,0,0,8.336314
0.71557,9e-06,1,0,0,8.278423
0.715605,9e-06,1,0,0,8.638354
0.715636,9e-06,1,0,0,8.424685
0.715677,0.005494,0,0,0,0
0.721192,0.007571,0,0,0,0
0.728775,9e-06,0,1,0,8.639333
0.728848,7e-06,0,1,0,10.837208
