start,duration,direction,throughput
0.467102,0.248414,0,6.289898
0.715541,9e-06,0,8.336314
0.71557,9e-06,0,8.278423
0.715605,9e-06,0,8.638354
0.715636,9e-06,0,8.424685
0.728775,9e-06,1,8.639333
0.728848,7e-06,1,10.837208
