start,duration,threads_x,threads_y,threads_z
0.715677,0.005494,20480.0,1.0,1.0
0.721192,0.007571,20480.0,1.0,1.0
