start,duration,threads_x,threads_y,threads_z
1.27165,0.016109,30720.0,1.0,1.0
1.287779,0.012108,30720.0,1.0,1.0
