start,duration,threads_x,threads_y,threads_z
1.892871,0.025857,40960.0,1.0,1.0
1.918751,0.017239,40960.0,1.0,1.0
