start,duration,H2D,D2H,D2D,Throughput
0.463856,1.428633,1,0,0,4.374812
1.892559,1.6e-05,1,0,0,9.517708
1.892643,1.6e-05,1,0,0,9.652574
1.892726,1.6e-05,1,0,0,9.771253
1.892808,1.6e-05,1,0,0,9.692428
1.892871,0.025857,0,0,0,0
1.918751,0.017239,0,0,0,0
1.936004,1.4e-05,0,1,0,10.691416
1.936127,1.3e-05,0,1,0,11.517806
