start,duration,threads_x,threads_y,threads_z
0.801271,0.005664,20224.0,1.0,1.0
0.806953,0.007547,20224.0,1.0,1.0
