start,duration,H2D,D2H,D2D,Throughput
0.459839,0.341267,1,0,0,4.366424
0.801135,9e-06,1,0,0,8.227231
0.801169,9e-06,1,0,0,8.198262
0.801205,9e-06,1,0,0,8.497469
0.801238,9e-06,1,0,0,8.55995
0.801271,0.005664,0,0,0,0
0.806953,0.007547,0,0,0,0
0.814511,9e-06,0,1,0,8.55995
0.814578,7e-06,0,1,0,10.729523
