start,duration,threads_x,threads_y,threads_z
1.824847,0.027212,40192.0,1.0,1.0
1.852079,0.016754,40192.0,1.0,1.0
