start,duration,threads_x,threads_y,threads_z
1.162076,0.021524,36096.0,1.0,1.0
1.183627,0.014771,36096.0,1.0,1.0
