start,duration,H2D,D2H,D2D,Throughput
0.50222,0.659472,1,0,0,7.320967
1.161769,1.4e-05,1,0,0,9.417869
1.161846,1.4e-05,1,0,0,9.417869
1.161917,1.4e-05,1,0,0,9.657266
1.16199,1.4e-05,1,0,0,9.546587
1.162076,0.021524,0,0,0,0
1.183627,0.014771,0,0,0,0
1.19842,1.4e-05,0,1,0,9.908419
1.19854,1.2e-05,0,1,0,11.326896
