start,duration,threads_x,threads_y,threads_z
0.953868,0.01238,24064.0,1.0,1.0
0.966267,0.009425,24064.0,1.0,1.0
