start,duration,direction,throughput
0.461113,0.492572,0,4.356249
0.953718,1e-05,0,8.570453
0.953756,1e-05,0,9.013708
0.953795,1e-05,0,8.84167
0.953832,1e-05,0,8.813778
0.975703,1e-05,1,9.012799
0.975786,8e-06,1,10.999873
