start,duration,H2D,D2H,D2D,Throughput
0.461113,0.492572,1,0,0,4.356249
0.953718,1e-05,1,0,0,8.570453
0.953756,1e-05,1,0,0,9.013708
0.953795,1e-05,1,0,0,8.84167
0.953832,1e-05,1,0,0,8.813778
0.953868,0.01238,0,0,0,0
0.966267,0.009425,0,0,0,0
0.975703,1e-05,0,1,0,9.012799
0.975786,8e-06,0,1,0,10.999873
