start,duration,direction,throughput
0.46552,2e-06,0,2.30548
0.465655,3.2e-05,0,10.710443
0.465695,1e-06,0,0.598707
0.771303,2e-06,1,2.062798
0.77132,2.8e-05,1,12.062832
