start,duration,direction,throughput
0.459954,2e-06,0,0.209963
0.459996,5e-06,0,7.039298
0.460008,1e-06,0,0.063499
0.71387,2e-06,1,0.239958
0.713886,3e-06,1,9.816268
