start,duration,direction,throughput
0.460641,5e-06,0,6.895369
0.460939,0.000683,0,4.970258
0.461631,1e-06,0,0.598707
0.472615,4e-06,1,9.959978
0.472638,0.001198,1,2.833163
