start,duration,H2D,D2H,D2D,Throughput
0.460641,5e-06,1,0,0,6.895369
0.460939,0.000683,1,0,0,4.970258
0.461631,1e-06,1,0,0,0.598707
0.461666,0.010945,0,0,0,0
0.472615,4e-06,0,1,0,9.959978
0.472638,0.001198,0,1,0,2.833163
