start,duration,H2D,D2H,D2D,Throughput
0.459954,2e-06,1,0,0,0.209963
0.459996,5e-06,1,0,0,7.039298
0.460008,1e-06,1,0,0,0.063499
0.460041,0.253826,0,0,0,0
0.71387,2e-06,0,1,0,0.239958
0.713886,3e-06,0,1,0,9.816268
