start,duration,H2D,D2H,D2D,Throughput
0.46552,2e-06,1,0,0,2.30548
0.465655,3.2e-05,1,0,0,10.710443
0.465695,1e-06,1,0,0,0.598707
0.465727,0.305573,0,0,0,0
0.771303,2e-06,0,1,0,2.062798
0.77132,2.8e-05,0,1,0,12.062832
