start,duration,H2D,D2H,D2D,Throughput
0.461254,2e-06,1,0,0,0.565463
0.46131,1.1e-05,1,0,0,9.18943
0.461329,1e-06,1,0,0,0.063499
0.46136,1.190844,0,0,0,0
1.652208,2e-06,0,1,0,0.661151
1.652288,9e-06,0,1,0,11.637708
