start,duration,direction,throughput
0.461254,2e-06,0,0.565463
0.46131,1.1e-05,0,9.18943
0.461329,1e-06,0,0.063499
1.652208,2e-06,1,0.661151
1.652288,9e-06,1,11.637708
