start,duration,direction,throughput
0.47097,6e-06,1,10.366025
0.47159,1e-06,1,2.772309
0.47191,1e-06,1,2.709302
