start,duration,threads_x,threads_y,threads_z
0.470707,3.1e-05,1.0,1.0,1.0
0.470874,3e-06,16384.0,1.0,1.0
0.470883,1.5e-05,16384.0,1.0,1.0
0.4709,2.5e-05,1.0,1.0,1.0
0.471573,4e-06,1024.0,1.0,1.0
0.471893,6e-06,1024.0,1.0,1.0
