start,duration,H2D,D2H,D2D,Throughput
0.46062,3e-05,1,0,0,10.514359
0.46069,2e-06,0,0,0,0
0.460716,1.4e-05,0,1,0,11.741474
