start,duration,direction,throughput
0.489937,0.034656,0,7.213656
0.525157,0.050084,1,2.495787
