start,duration,H2D,D2H,D2D,Throughput
0.489937,0.034656,1,0,0,7.213656
0.524639,0.000489,0,0,0,0
0.525157,0.050084,0,1,0,2.495787
