start,duration,direction,throughput
0.46062,3e-05,0,10.514359
0.460716,1.4e-05,1,11.741474
