start,duration,H2D,D2H,D2D,Throughput
0.482991,4.5e-05,1,0,0,10.753436
0.483083,3e-06,0,0,0,0
0.483113,2.1e-05,0,1,0,11.594825
