start,duration,direction,throughput
0.482991,4.5e-05,0,10.753436
0.483113,2.1e-05,1,11.594825
