start,duration,H2D,D2H,D2D,Throughput
0.467841,8.8e-05,1,0,0,11.154086
0.467973,3e-06,0,0,0,0
0.468003,4.1e-05,0,1,0,11.967678
