start,duration,direction,throughput
0.467841,8.8e-05,0,11.154086
0.468003,4.1e-05,1,11.967678
