start,duration,H2D,D2H,D2D,Throughput
0.499544,0.000513,1,0,0,7.617552
0.500102,6e-06,0,0,0,0
0.500132,0.000163,0,1,0,12.014942
