start,duration,direction,throughput
0.499544,0.000513,0,7.617552
0.500132,0.000163,1,12.014942
