start,duration,H2D,D2H,D2D,Throughput
0.489053,0.001066,1,0,0,7.331399
0.490168,2.1e-05,0,0,0,0
0.490218,0.001395,0,1,0,2.801089
