start,duration,direction,throughput
0.489053,0.001066,0,7.331399
0.490218,0.001395,1,2.801089
