start,duration,H2D,D2H,D2D,Throughput
0.470309,0.003647,1,0,0,4.284637
0.474001,3.7e-05,0,0,0,0
0.474065,0.002909,0,1,0,2.685427
