start,duration,direction,throughput
0.470309,0.003647,0,4.284637
0.474065,0.002909,1,2.685427
