start,duration,H2D,D2H,D2D,Throughput
0.48379,0.006972,1,0,0,4.482193
0.490812,6.7e-05,0,0,0,0
0.49091,0.006212,0,1,0,2.515095
