start,duration,direction,throughput
0.48379,0.006972,0,4.482193
0.49091,0.006212,1,2.515095
