start,duration,H2D,D2H,D2D,Throughput
0.478453,0.013905,1,0,0,4.494759
0.492401,0.000127,0,0,0,0
0.492565,0.012442,0,1,0,2.511694
