start,duration,direction,throughput
0.478453,0.013905,0,4.494759
0.492565,0.012442,1,2.511694
