start,duration,H2D,D2H,D2D,Throughput
0.488429,0.053191,1,0,0,2.350035
0.54168,0.000247,0,0,0,0
0.541971,0.023499,0,1,0,2.659691
