start,duration,direction,throughput
0.488429,0.053191,0,2.350035
0.541971,0.023499,1,2.659691
