start,duration,direction,throughput
1.078035,0.230183,0,4.344895
1.30845,0.229464,0,4.358521
1.562891,0.378993,1,2.63889
