start,duration,direction,throughput
0.492636,0.006474,0,5.434166
0.499294,0.006402,0,5.494899
0.508728,0.012695,1,2.771044
