start,duration,direction,throughput
0.498699,0.014308,0,4.370297
0.513237,0.01426,0,4.385116
0.53151,0.02316,1,2.69994
