start,duration,direction,throughput
0.530564,0.018032,0,5.417878
0.548785,0.017972,0,5.435801
0.572134,0.036328,1,2.689208
