start,duration,direction,throughput
0.547855,0.032691,0,4.303039
0.580772,0.03232,0,4.352425
0.619753,0.052484,1,2.680283
