start,duration,direction,throughput
0.5817,0.044081,0,4.343336
0.626018,0.043592,0,4.392078
0.677637,0.071399,1,2.681546
