start,duration,direction,throughput
0.616158,0.057522,0,4.347193
0.673904,0.057495,0,4.349269
0.740685,0.09524,1,2.625596
