start,duration,direction,throughput
0.662582,0.072835,0,4.34507
0.735641,0.072476,0,4.366614
0.819094,0.120406,1,2.628406
