start,duration,direction,throughput
0.702277,0.090247,0,4.329263
0.792751,0.089972,0,4.342459
0.89535,0.149272,1,2.617386
