start,duration,direction,throughput
0.752872,0.108754,0,4.346869
0.861857,0.108365,0,4.362475
0.984743,0.180405,1,2.620432
