start,duration,direction,throughput
0.475296,1.6e-05,0,9.652574
0.475322,1e-06,0,0.459009
0.475332,1e-06,0,2.530768
0.475342,1e-06,0,2.530768
0.475351,1e-06,0,2.588805
0.475361,1e-06,0,2.587007
0.478153,2e-06,1,2.007161
0.478168,1e-06,1,2.707333
0.478181,2e-06,1,1.511887
