start,duration,direction,throughput
0.458989,5.6e-05,0,10.987031
0.459054,1e-06,0,0.459009
0.459064,2e-06,0,4.014321
0.459075,2e-06,0,3.946282
0.459086,2e-06,0,3.946282
0.459096,2e-06,0,3.946282
0.463107,2e-06,1,4.014321
0.463125,2e-06,1,4.953843
0.46314,2e-06,1,4.850638
