start,duration,direction,throughput
0.459065,1.6e-05,0,9.751271
0.459089,1e-06,0,0.459009
0.4591,2e-06,0,3.946282
0.459111,2e-06,0,3.946282
0.459122,2e-06,0,3.948373
0.459133,2e-06,0,4.014321
0.463245,2e-06,1,3.755333
0.463262,2e-06,1,4.850638
0.463278,2e-06,1,4.233284
