start,duration,direction,throughput
0.478778,0.000391,0,6.250608
0.47918,1e-06,0,0.459009
0.479191,2e-06,0,3.946282
0.479202,2e-06,0,4.014321
0.479214,2e-06,0,3.946282
0.479225,2e-06,0,4.014321
0.483235,2e-06,1,3.755333
0.483254,2e-06,1,4.957139
0.483269,1e-06,1,5.061536
