start,duration,direction,throughput
0.479412,0.000294,0,8.29113
0.479717,1e-06,0,0.459009
0.47973,3e-06,0,5.543587
0.479745,3e-06,0,5.543587
0.47976,3e-06,0,4.953843
0.479776,3e-06,0,5.543587
0.486154,2e-06,1,6.467518
0.486178,2e-06,1,8.466569
0.486199,2e-06,1,8.623357
