start,duration,direction,throughput
0.469778,5.6e-05,0,10.943103
0.469846,1e-06,0,0.459009
0.469855,1e-06,0,2.530768
0.469866,1e-06,0,2.530768
0.469876,1e-06,0,2.587007
0.469885,1e-06,0,2.530768
0.472698,2e-06,1,2.116642
0.472714,1e-06,1,2.707333
0.472727,1e-06,1,2.530768
