start,duration,direction,throughput
0.462528,1.6e-05,0,9.594309
0.462553,1e-06,0,0.459009
0.462566,3e-06,0,5.543587
0.462581,3e-06,0,5.478368
0.462595,3e-06,0,5.232149
0.46261,3e-06,0,5.543587
0.469145,2e-06,1,6.55861
0.469167,2e-06,1,6.55861
0.469187,2e-06,1,7.391449
