start,duration,direction,throughput
0.45993,5.6e-05,0,10.993562
0.459994,1e-06,0,0.459009
0.460006,2e-06,0,4.918957
0.460019,2e-06,0,4.852745
0.460032,2e-06,0,4.918957
0.460045,2e-06,0,4.850638
0.465285,2e-06,1,5.725344
0.465307,2e-06,1,6.467518
0.465324,2e-06,1,6.716269
