start,duration,direction,throughput
0.461768,0.000388,0,6.299119
0.462166,1e-06,0,0.459009
0.462182,4e-06,0,6.349927
0.462202,4e-06,0,6.29272
0.46222,4e-06,0,6.349927
0.46224,4e-06,0,6.349927
0.470917,3e-06,1,6.984919
0.470946,3e-06,1,7.761021
0.470972,3e-06,1,7.510666
