start,duration,direction,throughput
0.472374,0.00042,0,5.812941
0.472806,1e-06,0,0.459009
0.472828,4e-06,0,6.797975
0.472851,4e-06,0,6.84796
0.472888,4e-06,0,6.799526
0.472912,4e-06,0,6.797975
0.484039,4e-06,1,7.510666
0.484076,3e-06,1,9.313226
0.484107,4e-06,1,8.466569
