start,duration,direction,throughput
0.459163,1.6e-05,0,9.672766
0.459187,1e-06,0,0.472509
0.4592,2e-06,0,4.850638
0.459214,2e-06,0,4.850638
0.459226,2e-06,0,4.918957
0.45924,2e-06,0,4.850638
0.464574,2e-06,1,5.13597
0.464595,2e-06,1,5.061536
0.464612,2e-06,1,5.373015
