start,duration,direction,throughput
0.813827,3.5e-05,0,10.641558
0.814234,0.013181,0,5.624256
0.827618,3.1e-05,1,12.038813
