start,duration,direction,throughput
1.493262,0.000103,0,10.809431
1.493871,0.050952,0,4.364872
1.54532,9.4e-05,1,11.903534
