start,duration,direction,throughput
1.143823,0.00017,0,8.777936
1.144471,0.033837,0,4.359829
1.178642,0.000124,1,11.983242
