start,duration,H2D,D2H,D2D,Throughput
1.146838,0.00017,1,0,0,8.772923
1.147479,0.033754,1,0,0,4.370428
1.181245,6.5e-05,0,0,0,0
1.18131,5.9e-05,0,0,0,0
1.181371,5.9e-05,0,0,0,0
1.18143,6e-05,0,0,0,0
1.181491,5.7e-05,0,0,0,0
1.181549,0.000125,0,1,0,11.961598
