start,duration,H2D,D2H,D2D,Throughput
0.636172,3.5e-05,1,0,0,10.612153
0.636621,0.008371,1,0,0,4.405805
0.644999,2.3e-05,0,0,0,0
0.645023,1.7e-05,0,0,0,0
0.645041,1.7e-05,0,0,0,0
0.645059,1.7e-05,0,0,0,0
0.645078,1.6e-05,0,0,0,0
0.645097,3.1e-05,0,1,0,11.98922
