start,duration,H2D,D2H,D2D,Throughput
1.829647,0.000179,1,0,0,8.321463
1.830411,0.068455,1,0,0,4.331801
1.898872,6.5e-05,0,0,0,0
1.898937,5.9e-05,0,0,0,0
1.898997,5.9e-05,0,0,0,0
1.899058,6e-05,0,0,0,0
1.899119,5.9e-05,0,0,0,0
1.899179,5.9e-05,0,0,0,0
1.899239,5.9e-05,0,0,0,0
1.899299,5.9e-05,0,0,0,0
1.899359,6e-05,0,0,0,0
1.89942,5.7e-05,0,0,0,0
1.899481,0.000125,0,1,0,11.940224
