start,duration,threads_x,threads_y,threads_z
1.178316,0.0001,522496.0,1.0,1.0
1.178416,9.3e-05,522496.0,1.0,1.0
1.17851,9.4e-05,522496.0,1.0,1.0
1.178605,2.9e-05,522496.0,1.0,1.0
