start,duration,threads_x,threads_y,threads_z
0.840914,3.9e-05,237056.0,1.0,1.0
0.840954,3.3e-05,237056.0,1.0,1.0
0.840988,3.4e-05,237056.0,1.0,1.0
0.841023,3.3e-05,237056.0,1.0,1.0
0.841057,3.2e-05,237056.0,1.0,1.0
