start,duration,direction,throughput
1.829647,0.000179,0,8.321463
1.830411,0.068455,0,4.331801
1.899481,0.000125,1,11.940224
