start,duration,direction,throughput
1.156044,6.8e-05,0,10.99311
1.156516,0.027011,0,5.489152
1.183886,6.1e-05,1,12.158457
