start,duration,threads_x,threads_y,threads_z
1.544829,5.3e-05,355584.0,1.0,1.0
1.544883,4.8e-05,355584.0,1.0,1.0
1.544931,4.7e-05,355584.0,1.0,1.0
1.544979,4.8e-05,355584.0,1.0,1.0
1.545028,4.8e-05,355584.0,1.0,1.0
1.545077,4.7e-05,355584.0,1.0,1.0
1.545125,4.8e-05,355584.0,1.0,1.0
1.545174,4.7e-05,355584.0,1.0,1.0
1.545221,4.7e-05,355584.0,1.0,1.0
1.545269,4.5e-05,355584.0,1.0,1.0
