start,duration,direction,throughput
1.146838,0.00017,0,8.772923
1.147479,0.033754,0,4.370428
1.181549,0.000125,1,11.961598
