start,duration,H2D,D2H,D2D,Throughput
0.980777,0.000103,1,0,0,10.819373
0.981275,0.020222,1,0,0,5.4712
1.001509,5.4e-05,0,0,0,0
1.001564,4.7e-05,0,0,0,0
1.001612,4.7e-05,0,0,0,0
1.00166,4.9e-05,0,0,0,0
1.001709,4.5e-05,0,0,0,0
1.001755,9.4e-05,0,1,0,11.855172
