start,duration,H2D,D2H,D2D,Throughput
1.156044,6.8e-05,1,0,0,10.99311
1.156516,0.027011,1,0,0,5.489152
1.183537,3.9e-05,0,0,0,0
1.183577,3.4e-05,0,0,0,0
1.183611,3.4e-05,0,0,0,0
1.183646,3.3e-05,0,0,0,0
1.18368,3.3e-05,0,0,0,0
1.183714,3.4e-05,0,0,0,0
1.183748,3.3e-05,0,0,0,0
1.183782,3.4e-05,0,0,0,0
1.183817,3.4e-05,0,0,0,0
1.183852,3.1e-05,0,0,0,0
1.183886,6.1e-05,0,1,0,12.158457
