start,duration,direction,throughput
0.827151,6.8e-05,0,11.008704
0.827575,0.013333,0,5.532212
0.841091,6.1e-05,1,12.158457
