start,duration,H2D,D2H,D2D,Throughput
1.860125,0.00017,1,0,0,8.786166
1.860904,0.068536,1,0,0,4.326706
1.929448,9.9e-05,0,0,0,0
1.929548,9.2e-05,0,0,0,0
1.929641,9.3e-05,0,0,0,0
1.929735,9.3e-05,0,0,0,0
1.929828,9.4e-05,0,0,0,0
1.929923,9.3e-05,0,0,0,0
1.930017,5.8e-05,0,0,0,0
1.93008,0.000125,0,1,0,11.915781
