start,duration,H2D,D2H,D2D,Throughput
1.493262,0.000103,1,0,0,10.809431
1.493871,0.050952,1,0,0,4.364872
1.544829,5.3e-05,0,0,0,0
1.544883,4.8e-05,0,0,0,0
1.544931,4.7e-05,0,0,0,0
1.544979,4.8e-05,0,0,0,0
1.545028,4.8e-05,0,0,0,0
1.545077,4.7e-05,0,0,0,0
1.545125,4.8e-05,0,0,0,0
1.545174,4.7e-05,0,0,0,0
1.545221,4.7e-05,0,0,0,0
1.545269,4.5e-05,0,0,0,0
1.54532,9.4e-05,0,1,0,11.903534
