start,duration,threads_x,threads_y,threads_z
1.181245,6.5e-05,474112.0,1.0,1.0
1.18131,5.9e-05,474112.0,1.0,1.0
1.181371,5.9e-05,474112.0,1.0,1.0
1.18143,6e-05,474112.0,1.0,1.0
1.181491,5.7e-05,474112.0,1.0,1.0
