start,duration,direction,throughput
1.860125,0.00017,0,8.786166
1.860904,0.068536,0,4.326706
1.93008,0.000125,1,11.915781
