start,duration,threads_x,threads_y,threads_z
1.929448,9.9e-05,522496.0,1.0,1.0
1.929548,9.2e-05,522496.0,1.0,1.0
1.929641,9.3e-05,522496.0,1.0,1.0
1.929735,9.3e-05,522496.0,1.0,1.0
1.929828,9.4e-05,522496.0,1.0,1.0
1.929923,9.3e-05,522496.0,1.0,1.0
1.930017,5.8e-05,522496.0,1.0,1.0
