start,duration,H2D,D2H,D2D,Throughput
0.813827,3.5e-05,1,0,0,10.641558
0.814234,0.013181,1,0,0,5.624256
0.827421,2.3e-05,0,0,0,0
0.827445,1.8e-05,0,0,0,0
0.827464,1.7e-05,0,0,0,0
0.827482,1.7e-05,0,0,0,0
0.8275,1.7e-05,0,0,0,0
0.827518,1.8e-05,0,0,0,0
0.827537,1.8e-05,0,0,0,0
0.827556,1.8e-05,0,0,0,0
0.827574,1.8e-05,0,0,0,0
0.827593,1.7e-05,0,0,0,0
0.827618,3.1e-05,0,1,0,12.038813
