start,duration,threads_x,threads_y,threads_z
0.827421,2.3e-05,118528.0,1.0,1.0
0.827445,1.8e-05,118528.0,1.0,1.0
0.827464,1.7e-05,118528.0,1.0,1.0
0.827482,1.7e-05,118528.0,1.0,1.0
0.8275,1.7e-05,118528.0,1.0,1.0
0.827518,1.8e-05,118528.0,1.0,1.0
0.827537,1.8e-05,118528.0,1.0,1.0
0.827556,1.8e-05,118528.0,1.0,1.0
0.827574,1.8e-05,118528.0,1.0,1.0
0.827593,1.7e-05,118528.0,1.0,1.0
