start,duration,threads_x,threads_y,threads_z
1.898872,6.5e-05,474112.0,1.0,1.0
1.898937,5.9e-05,474112.0,1.0,1.0
1.898997,5.9e-05,474112.0,1.0,1.0
1.899058,6e-05,474112.0,1.0,1.0
1.899119,5.9e-05,474112.0,1.0,1.0
1.899179,5.9e-05,474112.0,1.0,1.0
1.899239,5.9e-05,474112.0,1.0,1.0
1.899299,5.9e-05,474112.0,1.0,1.0
1.899359,6e-05,474112.0,1.0,1.0
1.89942,5.7e-05,474112.0,1.0,1.0
