start,duration,direction,throughput
0.980777,0.000103,0,10.819373
0.981275,0.020222,0,5.4712
1.001755,9.4e-05,1,11.855172
