start,duration,threads_x,threads_y,threads_z
1.001509,5.4e-05,355584.0,1.0,1.0
1.001564,4.7e-05,355584.0,1.0,1.0
1.001612,4.7e-05,355584.0,1.0,1.0
1.00166,4.9e-05,355584.0,1.0,1.0
1.001709,4.5e-05,355584.0,1.0,1.0
