start,duration,threads_x,threads_y,threads_z
1.183537,3.9e-05,237056.0,1.0,1.0
1.183577,3.4e-05,237056.0,1.0,1.0
1.183611,3.4e-05,237056.0,1.0,1.0
1.183646,3.3e-05,237056.0,1.0,1.0
1.18368,3.3e-05,237056.0,1.0,1.0
1.183714,3.4e-05,237056.0,1.0,1.0
1.183748,3.3e-05,237056.0,1.0,1.0
1.183782,3.4e-05,237056.0,1.0,1.0
1.183817,3.4e-05,237056.0,1.0,1.0
1.183852,3.1e-05,237056.0,1.0,1.0
