start,duration,threads_x,threads_y,threads_z
0.644999,2.3e-05,118528.0,1.0,1.0
0.645023,1.7e-05,118528.0,1.0,1.0
0.645041,1.7e-05,118528.0,1.0,1.0
0.645059,1.7e-05,118528.0,1.0,1.0
0.645078,1.6e-05,118528.0,1.0,1.0
