start,duration,H2D,D2H,D2D,Throughput
0.827151,6.8e-05,1,0,0,11.008704
0.827575,0.013333,1,0,0,5.532212
0.840914,3.9e-05,0,0,0,0
0.840954,3.3e-05,0,0,0,0
0.840988,3.4e-05,0,0,0,0
0.841023,3.3e-05,0,0,0,0
0.841057,3.2e-05,0,0,0,0
0.841091,6.1e-05,0,1,0,12.158457
