start,duration,direction,throughput
0.636172,3.5e-05,0,10.612153
0.636621,0.008371,0,4.405805
0.645097,3.1e-05,1,11.98922
