start,duration,H2D,D2H,D2D,Throughput
0.490708,2e-06,0,0,0,0
0.490748,6e-06,0,1,0,10.309993
