start,duration,direction,throughput
0.467898,1e-06,0,0.270666
0.469832,0.006545,1,2.685876
0.478567,0.003586,1,4.902354
