start,duration,direction,throughput
0.458983,1e-06,0,0.270666
0.461508,0.008194,1,2.860158
0.471842,0.004816,1,4.866399
