start,duration,direction,throughput
0.45854,1e-06,0,0.264064
0.47776,0.070171,1,2.672054
0.562451,0.040389,1,4.642397
