start,duration,direction,throughput
0.465789,1e-06,0,0.270666
0.467123,0.004506,1,2.600596
0.473048,0.002276,1,5.149483
