start,duration,direction,throughput
0.474314,1e-06,0,0.264064
0.478041,0.012487,1,2.815522
0.493545,0.007439,1,4.726118
