start,duration,direction,throughput
0.459296,2e-06,0,0.212287
0.497525,0.141992,1,2.640992
0.668177,0.081131,1,4.622153
