start,duration,direction,throughput
0.464664,2e-06,0,0.212287
0.469581,0.017131,1,2.736283
0.49062,0.009993,1,4.690626
