start,duration,direction,throughput
0.459892,1e-06,0,0.270666
0.46958,0.034742,1,2.698442
0.511772,0.02003,1,4.680537
