start,duration,direction,throughput
0.459717,2e-06,0,0.212287
0.48826,0.105685,1,2.661219
0.615508,0.060813,1,4.624852
