start,duration,direction,throughput
0.463905,1e-06,0,0.31843
0.46702,0.010473,1,2.797258
0.480066,0.006102,1,4.801472
