start,duration,direction,throughput
0.474705,0.001199,0,6.442208
1.480146,0.002627,1,2.940382
