start,duration,direction,throughput
0.467436,8.8e-05,0,11.093519
0.694994,8e-05,1,12.177956
