start,duration,direction,throughput
0.493264,0.001659,0,4.655336
1.569025,0.002605,1,2.965705
