start,duration,direction,throughput
0.47771,0.000608,0,7.143397
1.03494,0.001566,1,2.775505
