start,duration,direction,throughput
0.475329,0.000598,0,7.265711
1.115343,0.001837,1,2.365331
