start,duration,direction,throughput
0.471458,8.8e-05,0,11.093519
0.699047,8.1e-05,1,12.12007
