start,duration,direction,throughput
0.473658,8.8e-05,0,11.109547
0.701136,8.1e-05,1,12.119919
