start,duration,direction,throughput
0.471179,0.000793,0,4.926038
0.989943,0.00155,1,2.520329
