start,duration,direction,throughput
0.470097,0.000825,0,5.267624
1.026896,0.001559,1,2.787183
