start,duration,direction,throughput
0.466527,8.8e-05,0,11.113719
0.694137,8e-05,1,12.173099
