start,duration,direction,throughput
0.482279,0.000567,0,6.88933
1.212795,0.001066,1,3.66572
