start,duration,direction,throughput
0.491837,8.8e-05,0,11.125748
0.719609,8.1e-05,1,12.124735
