start,duration,direction,throughput
0.468567,0.001639,0,4.71268
1.309869,0.002994,1,2.579803
