start,duration,direction,throughput
0.478382,0.00061,0,7.126901
1.040784,0.001906,1,2.279445
