start,duration,direction,throughput
1.16442,0.027358,0,5.446732
1.19179,1e-06,0,0.547837
1.217134,1e-06,1,0.003064
