start,duration,direction,throughput
1.06566,0.029677,0,4.3935
1.095347,1e-06,0,0.547837
1.118199,1e-06,1,0.003064
