start,duration,direction,throughput
1.03791,0.028642,0,4.364155
1.066564,1e-06,0,0.413921
1.088665,2e-06,1,0.002328
