start,duration,direction,throughput
1.36534,0.043809,0,4.353744
1.40916,1e-06,0,0.547837
1.439934,1e-06,1,0.002985
