start,duration,direction,throughput
0.754366,0.014226,0,4.393355
0.768603,2e-06,0,0.344934
0.782508,1e-06,1,0.002985
