start,duration,direction,throughput
0.823084,0.013557,0,5.495942
0.836653,1e-06,0,0.532184
0.852114,1e-06,1,0.003064
