start,duration,direction,throughput
0.891116,0.021215,0,4.389992
0.912342,1e-06,0,0.413921
0.930212,3e-06,1,0.001338
