start,duration,direction,throughput
0.993494,0.020509,0,5.449377
1.014014,1e-06,0,0.532184
1.03439,2e-06,1,0.001552
