start,duration,direction,throughput
1.332986,0.034207,0,5.44527
1.367204,1e-06,0,0.404923
1.397366,3e-06,1,0.00137
