start,duration,threads_x,threads_y,threads_z
0.460483,0.000123,2684.0,36.0,1.0
0.460622,1.5e-05,352.0,36.0,1.0
0.460639,1e-05,352.0,9.0,1.0
