start,duration,direction,throughput
0.460172,6e-06,0,7.488401
0.46065,0.003081,1,2.689187
