start,duration,direction,throughput
1.2907,0.020641,0,4.435445
1.311569,0.020386,0,4.49106
1.332284,3e-06,1,7.592304
