start,duration,H2D,D2H,D2D,Throughput
0.530946,0.001461,1,0,0,5.348873
0.532637,0.001497,1,0,0,5.218984
0.534178,3.3e-05,0,0,0,0
0.534229,2e-06,0,1,0,1.010248
