start,duration,direction,throughput
1.448354,0.024872,0,4.397522
1.473453,0.024505,0,4.463412
1.498427,3e-06,1,7.947286
