start,duration,direction,throughput
0.741576,0.00664,0,4.706168
0.748446,0.006748,0,4.630806
0.755359,2e-06,1,3.506156
