start,duration,H2D,D2H,D2D,Throughput
1.032884,0.013805,1,0,0,4.527329
1.046918,0.013852,1,0,0,4.511861
1.060822,0.000173,0,0,0,0
1.061016,2e-06,0,1,0,6.443745
