start,duration,H2D,D2H,D2D,Throughput
2.716344,0.05685,1,0,0,4.370707
2.773426,0.05655,1,0,0,4.393864
2.830049,0.000641,0,0,0,0
2.830717,8e-06,0,1,0,7.931829
