start,duration,H2D,D2H,D2D,Throughput
0.604024,0.003106,1,0,0,5.030579
0.607362,0.003186,1,0,0,4.903527
0.610598,5.4e-05,0,0,0,0
0.610672,2e-06,0,1,0,2.020496
