start,duration,H2D,D2H,D2D,Throughput
0.741576,0.00664,1,0,0,4.706168
0.748446,0.006748,1,0,0,4.630806
0.755245,9.3e-05,0,0,0,0
0.755359,2e-06,0,1,0,3.506156
