start,duration,direction,throughput
0.530946,0.001461,0,5.348873
0.532637,0.001497,0,5.218984
0.534229,2e-06,1,1.010248
