start,duration,direction,throughput
1.154835,0.0172,0,4.43562
1.17226,0.016924,0,4.508074
1.189501,3e-06,1,6.194364
