start,duration,direction,throughput
1.317221,0.014113,0,6.642824
1.33152,0.013953,0,6.719213
1.345803,3e-06,1,6.877459
