start,duration,direction,throughput
1.032884,0.013805,0,4.527329
1.046918,0.013852,0,4.511861
1.061016,2e-06,1,6.443745
