start,duration,direction,throughput
0.604024,0.003106,0,5.030579
0.607362,0.003186,0,4.903527
0.610672,2e-06,1,2.020496
