start,duration,direction,throughput
1.620095,0.029105,0,4.294861
1.649428,0.028423,0,4.397779
1.678279,4e-06,1,8.591661
