start,duration,H2D,D2H,D2D,Throughput
1.620095,0.029105,1,0,0,4.294861
1.649428,0.028423,1,0,0,4.397779
1.677925,0.000327,0,0,0,0
1.678279,4e-06,0,1,0,8.591661
