start,duration,direction,throughput
2.716344,0.05685,0,4.370707
2.773426,0.05655,0,4.393864
2.830717,8e-06,1,7.931829
