start,duration,H2D,D2H,D2D,Throughput
1.448354,0.024872,1,0,0,4.397522
1.473453,0.024505,1,0,0,4.463412
1.498115,0.00029,0,0,0,0
1.498427,3e-06,0,1,0,7.947286
