start,duration,H2D,D2H,D2D,Throughput
1.154835,0.0172,1,0,0,4.43562
1.17226,0.016924,1,0,0,4.508074
1.189265,0.00021,0,0,0,0
1.189501,3e-06,0,1,0,6.194364
