start,duration,direction,throughput
0.537336,0.00066,0,6.93219
0.538159,0.002866,0,6.383947
0.541186,0.002866,0,6.383018
0.548276,3e-06,1,0.001119
0.551777,2e-06,1,0.002007
0.551796,0.000862,1,5.311026
