start,duration,direction,throughput
0.461698,0.000777,0,5.023804
0.462706,0.000761,0,5.124931
0.46372,0.0006,1,6.505186
