start,duration,H2D,D2H,D2D,Throughput
0.461195,0.000727,1,0,0,5.202015
0.462154,0.000722,1,0,0,5.242836
0.462881,0.000242,0,0,0,0
0.46313,0.000585,0,1,0,6.46886
