start,duration,direction,throughput
0.461195,0.000727,0,5.202015
0.462154,0.000722,0,5.242836
0.46313,0.000585,1,6.46886
