start,duration,H2D,D2H,D2D,Throughput
0.484866,1e-06,0,0,0,0
0.485728,0.000101,1,0,0,11.115514
0.485867,7e-06,0,0,0,0
0.485877,2e-06,0,0,0,0
0.485888,4e-06,0,0,0,0
0.485908,9.2e-05,0,1,0,12.135155
0.486012,2e-06,0,1,0,2.524488
0.490313,1e-06,0,0,0,0
0.490328,1e-06,0,0,0,0
0.490343,2.1e-05,0,0,0,0
0.490387,0.000631,0,1,0,12.243279
0.492069,0.0001,0,0,0,0
0.492187,0.000643,0,1,0,12.004628
