start,duration,threads_x,threads_y,threads_z
0.475114,1.3e-05,800000.0,1.0,1.0
0.475128,2e-06,3328.0,1.0,1.0
0.475132,7e-06,799744.0,1.0,1.0
0.479653,2.1e-05,129600.0,1.0,1.0
0.481402,9.4e-05,1920.0,8.0,1.0
