start,duration,direction,throughput
0.485728,0.000101,0,11.115514
0.485908,9.2e-05,1,12.135155
0.486012,2e-06,1,2.524488
0.490387,0.000631,1,12.243279
0.492187,0.000643,1,12.004628
