start,duration,H2D,D2H,D2D,Throughput
0.469617,1e-06,0,0,0,0
0.470486,0.000173,1,0,0,11.290393
0.470696,9e-06,0,0,0,0
0.470706,2e-06,0,0,0,0
0.470712,5e-06,0,0,0,0
0.470734,0.00016,0,1,0,12.194913
0.470906,2e-06,0,1,0,4.415159
0.475751,1e-06,0,0,0,0
0.475764,1e-06,0,0,0,0
0.475779,2.1e-05,0,0,0,0
0.475822,0.000631,0,1,0,12.244521
0.477534,9.3e-05,0,0,0,0
0.477645,0.000639,0,1,0,12.080322
