start,duration,direction,throughput
0.489967,2.4e-05,0,10.025486
0.490069,2.1e-05,1,11.630175
0.490101,2e-06,1,0.584359
0.494335,0.000631,1,12.235832
0.49562,0.000631,1,12.24454
