start,duration,direction,throughput
0.493786,3.5e-05,0,10.535323
0.493908,3.1e-05,1,11.903407
0.493951,2e-06,1,0.890235
0.498035,0.000631,1,12.233991
0.499896,0.000631,1,12.245161
