start,duration,threads_x,threads_y,threads_z
0.470696,9e-06,524288.0,1.0,1.0
0.470706,2e-06,2048.0,1.0,1.0
0.470712,5e-06,524032.0,1.0,1.0
0.475779,2.1e-05,129600.0,1.0,1.0
0.477534,9.3e-05,1920.0,8.0,1.0
