start,duration,H2D,D2H,D2D,Throughput
0.492889,2e-06,0,0,0,0
0.493786,3.5e-05,1,0,0,10.535323
0.49387,4e-06,0,0,0,0
0.493881,2e-06,0,0,0,0
0.493888,2e-06,0,0,0,0
0.493908,3.1e-05,0,1,0,11.903407
0.493951,2e-06,0,1,0,0.890235
0.49796,1e-06,0,0,0,0
0.497976,1e-06,0,0,0,0
0.497992,2.2e-05,0,0,0,0
0.498035,0.000631,0,1,0,12.233991
0.499777,0.000101,0,0,0,0
0.499896,0.000631,0,1,0,12.245161
