start,duration,threads_x,threads_y,threads_z
0.482717,6e-06,199936.0,1.0,1.0
0.482727,2e-06,1024.0,1.0,1.0
0.482735,3e-06,199680.0,1.0,1.0
0.486758,2.1e-05,129600.0,1.0,1.0
0.488488,0.000101,1920.0,8.0,1.0
