start,duration,direction,throughput
0.493362,0.000198,0,11.298916
0.493636,0.000183,1,12.200866
0.493831,2e-06,1,4.623069
0.498263,0.000631,1,12.240815
0.500065,0.000631,1,12.2439
