start,duration,H2D,D2H,D2D,Throughput
0.484774,1e-06,0,0,0,0
0.485644,0.000133,1,0,0,11.218135
0.48581,9e-06,0,0,0,0
0.485822,3e-06,0,0,0,0
0.48583,5e-06,0,0,0,0
0.485851,0.000122,0,1,0,12.16471
0.485986,2e-06,0,1,0,3.247156
0.489963,1e-06,0,0,0,0
0.489977,1e-06,0,0,0,0
0.489993,2.1e-05,0,0,0,0
0.490036,0.000631,0,1,0,12.241435
0.491713,0.000101,0,0,0,0
0.491832,0.000631,0,1,0,12.242056
