start,duration,direction,throughput
0.4709,0.00023,0,11.341884
0.471219,0.000213,1,12.217615
0.471444,2e-06,1,5.583851
0.475521,0.000631,1,12.245142
0.477331,0.000631,1,12.247025
