start,duration,H2D,D2H,D2D,Throughput
0.479262,2e-06,0,0,0,0
0.480108,8.8e-05,1,0,0,11.077286
0.480241,7e-06,0,0,0,0
0.480251,2e-06,0,0,0,0
0.480259,4e-06,0,0,0,0
0.480278,8.1e-05,0,1,0,12.11015
0.480372,2e-06,0,1,0,2.249232
0.484392,1e-06,0,0,0,0
0.484407,1e-06,0,0,0,0
0.484423,2.2e-05,0,0,0,0
0.484465,0.000631,0,1,0,12.235231
0.486204,0.0001,0,0,0,0
0.486322,0.000631,0,1,0,12.24454
