start,duration,threads_x,threads_y,threads_z
0.486467,4e-06,131072.0,1.0,1.0
0.486478,2e-06,512.0,1.0,1.0
0.486485,3e-06,130816.0,1.0,1.0
0.49045,2.1e-05,129600.0,1.0,1.0
0.492214,0.000101,1920.0,8.0,1.0
