start,duration,direction,throughput
0.477863,0.000165,0,11.296015
0.478107,0.000153,1,12.187693
0.478271,2e-06,1,3.988757
0.483432,0.000631,1,12.239554
0.485254,0.000631,1,12.24454
