start,duration,H2D,D2H,D2D,Throughput
0.470045,1e-06,0,0,0,0
0.4709,0.00023,1,0,0,11.341884
0.471166,1.2e-05,0,0,0,0
0.471178,2e-06,0,0,0,0
0.471197,6e-06,0,0,0,0
0.471219,0.000213,0,1,0,12.217615
0.471444,2e-06,0,1,0,5.583851
0.475449,1e-06,0,0,0,0
0.475464,1e-06,0,0,0,0
0.47548,2.1e-05,0,0,0,0
0.475521,0.000631,0,1,0,12.245142
0.477219,9.4e-05,0,0,0,0
0.477331,0.000631,0,1,0,12.247025
