start,duration,threads_x,threads_y,threads_z
0.471166,1.2e-05,699904.0,1.0,1.0
0.471178,2e-06,2816.0,1.0,1.0
0.471197,6e-06,699648.0,1.0,1.0
0.47548,2.1e-05,129600.0,1.0,1.0
0.477219,9.4e-05,1920.0,8.0,1.0
