start,duration,threads_x,threads_y,threads_z
0.478063,1e-05,499968.0,1.0,1.0
0.478077,3e-06,2048.0,1.0,1.0
0.478084,5e-06,499712.0,1.0,1.0
0.483388,2.1e-05,129600.0,1.0,1.0
0.485135,0.000101,1920.0,8.0,1.0
