start,duration,direction,throughput
0.482604,6.8e-05,0,10.998303
0.482754,6.2e-05,1,12.089015
0.482827,2e-06,1,1.748469
0.4868,0.000631,1,12.234611
0.488607,0.000644,1,12.002837
