start,duration,H2D,D2H,D2D,Throughput
0.477,1e-06,0,0,0,0
0.477863,0.000165,1,0,0,11.296015
0.478063,1e-05,0,0,0,0
0.478077,3e-06,0,0,0,0
0.478084,5e-06,0,0,0,0
0.478107,0.000153,0,1,0,12.187693
0.478271,2e-06,0,1,0,3.988757
0.483359,1e-06,0,0,0,0
0.483372,1e-06,0,0,0,0
0.483388,2.1e-05,0,0,0,0
0.483432,0.000631,0,1,0,12.239554
0.485135,0.000101,0,0,0,0
0.485254,0.000631,0,1,0,12.24454
