start,duration,threads_x,threads_y,threads_z
0.49387,4e-06,99840.0,1.0,1.0
0.493881,2e-06,512.0,1.0,1.0
0.493888,2e-06,99584.0,1.0,1.0
0.497992,2.2e-05,129600.0,1.0,1.0
0.499777,0.000101,1920.0,8.0,1.0
