start,duration,threads_x,threads_y,threads_z
0.48581,9e-06,399872.0,1.0,1.0
0.485822,3e-06,1792.0,1.0,1.0
0.48583,5e-06,399616.0,1.0,1.0
0.489993,2.1e-05,129600.0,1.0,1.0
0.491713,0.000101,1920.0,8.0,1.0
