start,duration,H2D,D2H,D2D,Throughput
0.492489,1e-06,0,0,0,0
0.493362,0.000198,1,0,0,11.298916
0.493592,1.2e-05,0,0,0,0
0.493604,3e-06,0,0,0,0
0.493612,6e-06,0,0,0,0
0.493636,0.000183,0,1,0,12.200866
0.493831,2e-06,0,1,0,4.623069
0.49819,2e-06,0,0,0,0
0.498206,1e-06,0,0,0,0
0.498221,2.2e-05,0,0,0,0
0.498263,0.000631,0,1,0,12.240815
0.499947,0.0001,0,0,0,0
0.500065,0.000631,0,1,0,12.2439
