start,duration,direction,throughput
0.480108,8.8e-05,0,11.077286
0.480278,8.1e-05,1,12.11015
0.480372,2e-06,1,2.249232
0.484465,0.000631,1,12.235231
0.486322,0.000631,1,12.24454
