start,duration,threads_x,threads_y,threads_z
0.490032,4e-06,65536.0,1.0,1.0
0.490043,2e-06,256.0,1.0,1.0
0.490051,2e-06,65280.0,1.0,1.0
0.494292,2.2e-05,129600.0,1.0,1.0
0.4955,0.000101,1920.0,8.0,1.0
