start,duration,direction,throughput
0.474815,0.000262,0,11.37159
0.475154,0.000244,1,12.223836
0.475409,2e-06,1,6.272377
0.479696,0.000639,1,12.079718
0.481513,0.000631,1,12.247646
