start,duration,threads_x,threads_y,threads_z
0.485867,7e-06,299776.0,1.0,1.0
0.485877,2e-06,1280.0,1.0,1.0
0.485888,4e-06,299520.0,1.0,1.0
0.490343,2.1e-05,129600.0,1.0,1.0
0.492069,0.0001,1920.0,8.0,1.0
