start,duration,direction,throughput
0.485644,0.000133,0,11.218135
0.485851,0.000122,1,12.16471
0.485986,2e-06,1,3.247156
0.490036,0.000631,1,12.241435
0.491832,0.000631,1,12.242056
