start,duration,H2D,D2H,D2D,Throughput
0.485536,2e-06,0,0,0,0
0.486374,4.6e-05,1,0,0,10.700413
0.486467,4e-06,0,0,0,0
0.486478,2e-06,0,0,0,0
0.486485,3e-06,0,0,0,0
0.486504,4.1e-05,0,1,0,12.005342
0.486556,2e-06,0,1,0,1.146243
0.490419,1e-06,0,0,0,0
0.490435,1e-06,0,0,0,0
0.49045,2.1e-05,0,0,0,0
0.490494,0.000631,0,1,0,12.234611
0.492214,0.000101,0,0,0,0
0.492335,0.000631,0,1,0,12.24454
