start,duration,threads_x,threads_y,threads_z
0.480241,7e-06,262144.0,1.0,1.0
0.480251,2e-06,1024.0,1.0,1.0
0.480259,4e-06,261888.0,1.0,1.0
0.484423,2.2e-05,129600.0,1.0,1.0
0.486204,0.0001,1920.0,8.0,1.0
