start,duration,H2D,D2H,D2D,Throughput
0.489047,2e-06,0,0,0,0
0.489967,2.4e-05,1,0,0,10.025486
0.490032,4e-06,0,0,0,0
0.490043,2e-06,0,0,0,0
0.490051,2e-06,0,0,0,0
0.490069,2.1e-05,0,1,0,11.630175
0.490101,2e-06,0,1,0,0.584359
0.49426,1e-06,0,0,0,0
0.494276,1e-06,0,0,0,0
0.494292,2.2e-05,0,0,0,0
0.494335,0.000631,0,1,0,12.235832
0.4955,0.000101,0,0,0,0
0.49562,0.000631,0,1,0,12.24454
