start,duration,direction,throughput
0.470486,0.000173,0,11.290393
0.470734,0.00016,1,12.194913
0.470906,2e-06,1,4.415159
0.475822,0.000631,1,12.244521
0.477645,0.000639,1,12.080322
