start,duration,threads_x,threads_y,threads_z
0.500577,0.000353,153600.0,1.0,1.0
0.500948,1.9e-05,153600.0,1.0,1.0
0.500986,0.000352,153600.0,1.0,1.0
0.501352,1.5e-05,153600.0,1.0,1.0
0.50139,0.000351,153600.0,1.0,1.0
0.501753,1.6e-05,153600.0,1.0,1.0
0.501791,0.000352,153600.0,1.0,1.0
0.502157,1.6e-05,153600.0,1.0,1.0
0.502196,0.000352,153600.0,1.0,1.0
0.502561,1.8e-05,153600.0,1.0,1.0
0.503049,4.7e-05,153600.0,1.0,1.0
