start,duration,threads_x,threads_y,threads_z
0.463709,8e-06,153600.0,1.0,1.0
0.463735,4e-06,153600.0,1.0,1.0
0.46376,6e-06,153600.0,1.0,1.0
0.46378,4e-06,153600.0,1.0,1.0
0.463801,6e-06,153600.0,1.0,1.0
0.463821,4e-06,153600.0,1.0,1.0
0.463841,6e-06,153600.0,1.0,1.0
0.46386,4e-06,153600.0,1.0,1.0
0.463879,6e-06,153600.0,1.0,1.0
0.463899,4e-06,153600.0,1.0,1.0
0.463918,6e-06,153600.0,1.0,1.0
0.463938,4e-06,153600.0,1.0,1.0
0.464409,1e-05,153600.0,1.0,1.0
