start,duration,direction,throughput
0.46758,3e-06,0,5.753504
0.467597,3e-06,0,5.690279
0.467608,2e-06,0,2.818737
0.467618,2e-06,0,2.818737
0.467627,1e-06,0,0.067027
0.467635,1e-06,0,0.126999
0.468004,2e-06,1,2.453345
