start,duration,direction,throughput
25.548669,0.101858,0,4.908795
25.650534,0.001367,2,365.65665
25.81063,0.190367,1,2.626505
