start,duration,direction,throughput
0.909765,0.001792,0,4.359795
0.911565,2.9e-05,2,272.792346
0.918283,0.002514,1,3.107741
