start,duration,direction,throughput
0.588011,0.057715,0,4.331623
0.645953,0.056763,0,4.40431
0.70487,0.095085,1,2.629221
0.800237,0.096351,1,2.594683
