start,duration,H2D,D2H,D2D,Throughput
0.593203,0.039878,1,0,0,6.269073
0.633241,0.038316,1,0,0,6.524756
0.672247,0.001046,0,0,0,0
0.672344,0.000445,0,0,0,0
0.672792,0.000451,0,0,0,0
0.673294,0.000363,0,0,0,0
0.673679,0.095371,0,1,0,2.621339
0.769331,0.09561,0,1,0,2.614783
