start,duration,threads_x,threads_y,threads_z
0.708946,0.001047,524288.0,1.0,1.0
0.709044,0.000443,524288.0,1.0,1.0
0.709491,0.00045,524288.0,1.0,1.0
0.709994,0.000364,524288.0,1.0,1.0
