start,duration,direction,throughput
0.601507,0.04037,0,6.192721
0.642037,0.038387,0,6.512692
0.682551,0.096019,1,2.603645
0.77886,0.094633,1,2.641796
