start,duration,threads_x,threads_y,threads_z
0.678626,0.001047,524288.0,1.0,1.0
0.678726,0.000446,524288.0,1.0,1.0
0.679175,0.000453,524288.0,1.0,1.0
0.679673,0.000363,524288.0,1.0,1.0
