start,duration,H2D,D2H,D2D,Throughput
0.599735,0.039761,1,0,0,6.2876
0.639653,0.038288,1,0,0,6.529441
0.678626,0.001047,0,0,0,0
0.678726,0.000446,0,0,0,0
0.679175,0.000453,0,0,0,0
0.679673,0.000363,0,0,0,0
0.68006,0.098086,0,1,0,2.548791
0.778447,0.098917,0,1,0,2.527363
