start,duration,threads_x,threads_y,threads_z
0.704561,0.001045,524288.0,1.0,1.0
0.704661,0.000441,524288.0,1.0,1.0
0.705105,0.000454,524288.0,1.0,1.0
0.705607,0.000363,524288.0,1.0,1.0
