start,duration,H2D,D2H,D2D,Throughput
0.590998,0.057697,1,0,0,4.332956
0.648923,0.056829,1,0,0,4.399186
0.706439,0.001045,0,0,0,0
0.706539,0.000442,0,0,0,0
0.706984,0.000453,0,0,0,0
0.707486,0.00036,0,0,0,0
0.707867,0.0965,0,1,0,2.590664
0.804668,0.095648,0,1,0,2.613755
