start,duration,threads_x,threads_y,threads_z
0.70551,0.001047,524288.0,1.0,1.0
0.705608,0.000441,524288.0,1.0,1.0
0.706053,0.00045,524288.0,1.0,1.0
0.706557,0.000364,524288.0,1.0,1.0
