start,duration,H2D,D2H,D2D,Throughput
0.595705,0.057738,1,0,0,4.32994
0.653676,0.057185,1,0,0,4.371809
0.711546,0.001048,0,0,0,0
0.711646,0.00044,0,0,0,0
0.71209,0.00045,0,0,0,0
0.712596,0.000363,0,0,0,0
0.712979,0.098156,0,1,0,2.546968
0.811415,0.095837,0,1,0,2.608592
