start,duration,direction,throughput
0.599735,0.039761,0,6.2876
0.639653,0.038288,0,6.529441
0.68006,0.098086,1,2.548791
0.778447,0.098917,1,2.527363
