start,duration,direction,throughput
0.595705,0.057738,0,4.32994
0.653676,0.057185,0,4.371809
0.712979,0.098156,1,2.546968
0.811415,0.095837,1,2.608592
