start,duration,direction,throughput
0.590998,0.057697,0,4.332956
0.648923,0.056829,0,4.399186
0.707867,0.0965,1,2.590664
0.804668,0.095648,1,2.613755
