start,duration,H2D,D2H,D2D,Throughput
0.602199,0.057831,1,0,0,4.322922
0.660258,0.057258,1,0,0,4.366226
0.718261,0.001049,0,0,0,0
0.718361,0.000447,0,0,0,0
0.718812,0.000465,0,0,0,0
0.71931,0.000364,0,0,0,0
0.719696,0.095033,0,1,0,2.630666
0.815014,0.094573,0,1,0,2.643463
