start,duration,direction,throughput
0.588674,0.057891,0,4.318434
0.646793,0.057064,0,4.38106
0.705992,0.095018,1,2.63107
0.801301,0.095837,1,2.608591
