start,duration,direction,throughput
0.593505,0.057655,0,4.336141
0.651388,0.056843,0,4.398057
0.710378,0.096813,1,2.582309
0.807473,0.094898,1,2.634413
