start,duration,threads_x,threads_y,threads_z
0.711546,0.001048,524288.0,1.0,1.0
0.711646,0.00044,524288.0,1.0,1.0
0.71209,0.00045,524288.0,1.0,1.0
0.712596,0.000363,524288.0,1.0,1.0
