start,duration,direction,throughput
0.589175,0.057849,0,4.321576
0.647251,0.056942,0,4.390421
0.706318,0.096796,1,2.58276
0.803432,0.096163,1,2.599758
