start,duration,H2D,D2H,D2D,Throughput
0.589175,0.057849,1,0,0,4.321576
0.647251,0.056942,1,0,0,4.390421
0.704888,0.001045,0,0,0,0
0.704988,0.000451,0,0,0,0
0.705441,0.00045,0,0,0,0
0.705935,0.000363,0,0,0,0
0.706318,0.096796,0,1,0,2.58276
0.803432,0.096163,0,1,0,2.599758
