start,duration,threads_x,threads_y,threads_z
0.672247,0.001046,524288.0,1.0,1.0
0.672344,0.000445,524288.0,1.0,1.0
0.672792,0.000451,524288.0,1.0,1.0
0.673294,0.000363,524288.0,1.0,1.0
