start,duration,threads_x,threads_y,threads_z
0.704888,0.001045,524288.0,1.0,1.0
0.704988,0.000451,524288.0,1.0,1.0
0.705441,0.00045,524288.0,1.0,1.0
0.705935,0.000363,524288.0,1.0,1.0
