start,duration,H2D,D2H,D2D,Throughput
0.593505,0.057655,1,0,0,4.336141
0.651388,0.056843,1,0,0,4.398057
0.708946,0.001047,0,0,0,0
0.709044,0.000443,0,0,0,0
0.709491,0.00045,0,0,0,0
0.709994,0.000364,0,0,0,0
0.710378,0.096813,0,1,0,2.582309
0.807473,0.094898,0,1,0,2.634413
