start,duration,threads_x,threads_y,threads_z
0.681113,0.001049,524288.0,1.0,1.0
0.681214,0.000445,524288.0,1.0,1.0
0.681663,0.000454,524288.0,1.0,1.0
0.682163,0.000364,524288.0,1.0,1.0
