start,duration,H2D,D2H,D2D,Throughput
0.588674,0.057891,1,0,0,4.318434
0.646793,0.057064,1,0,0,4.38106
0.704561,0.001045,0,0,0,0
0.704661,0.000441,0,0,0,0
0.705105,0.000454,0,0,0,0
0.705607,0.000363,0,0,0,0
0.705992,0.095018,0,1,0,2.63107
0.801301,0.095837,0,1,0,2.608591
