start,duration,direction,throughput
0.593203,0.039878,0,6.269073
0.633241,0.038316,0,6.524756
0.673679,0.095371,1,2.621339
0.769331,0.09561,1,2.614783
