start,duration,direction,throughput
0.602199,0.057831,0,4.322922
0.660258,0.057258,0,4.366226
0.719696,0.095033,1,2.630666
0.815014,0.094573,1,2.643463
