start,duration,threads_x,threads_y,threads_z
0.718261,0.001049,524288.0,1.0,1.0
0.718361,0.000447,524288.0,1.0,1.0
0.718812,0.000465,524288.0,1.0,1.0
0.71931,0.000364,524288.0,1.0,1.0
