start,duration,threads_x,threads_y,threads_z
0.703436,0.001048,524288.0,1.0,1.0
0.703535,0.000448,524288.0,1.0,1.0
0.703985,0.000452,524288.0,1.0,1.0
0.704485,0.000364,524288.0,1.0,1.0
