start,duration,threads_x,threads_y,threads_z
0.706439,0.001045,524288.0,1.0,1.0
0.706539,0.000442,524288.0,1.0,1.0
0.706984,0.000453,524288.0,1.0,1.0
0.707486,0.00036,524288.0,1.0,1.0
