start,duration,H2D,D2H,D2D,Throughput
0.601507,0.04037,1,0,0,6.192721
0.642037,0.038387,1,0,0,6.512692
0.681113,0.001049,0,0,0,0
0.681214,0.000445,0,0,0,0
0.681663,0.000454,0,0,0,0
0.682163,0.000364,0,0,0,0
0.682551,0.096019,0,1,0,2.603645
0.77886,0.094633,0,1,0,2.641796
