start,duration,direction,throughput
0.589902,0.057746,0,4.329311
0.647876,0.056897,0,4.393876
0.706942,0.096062,1,2.602476
0.803307,0.093789,1,2.665549
