start,duration,H2D,D2H,D2D,Throughput
0.588011,0.057715,1,0,0,4.331623
0.645953,0.056763,1,0,0,4.40431
0.703436,0.001048,0,0,0,0
0.703535,0.000448,0,0,0,0
0.703985,0.000452,0,0,0,0
0.704485,0.000364,0,0,0,0
0.70487,0.095085,0,1,0,2.629221
0.800237,0.096351,0,1,0,2.594683
