start,duration,H2D,D2H,D2D,Throughput
0.461213,0.030574,1,0,0,4.386413
0.49201,0.030539,1,0,0,4.391377
0.522777,0.03051,1,0,0,4.395555
0.553331,26.51595,0,0,0,0
27.069438,0.05728,0,1,0,2.341324
