start,duration,H2D,D2H,D2D,Throughput
0.460239,0.007656,1,0,0,4.37938
0.468118,0.007482,1,0,0,4.481065
0.475827,0.007438,1,0,0,4.507436
0.483306,1.468861,0,0,0,0
1.952223,0.012412,0,1,0,2.701238
