start,duration,H2D,D2H,D2D,Throughput
0.465194,0.010005,1,0,0,6.246677
0.475364,0.009977,1,0,0,6.264248
0.485506,0.009812,1,0,0,6.369787
0.49536,6.976997,0,0,0,0
7.47246,0.023316,0,1,0,2.680512
