start,duration,direction,throughput
0.461663,0.085872,0,4.338171
0.547763,0.085336,0,4.365416
0.633323,0.084737,0,4.396308
184.291878,0.15711,1,2.371139
