start,duration,direction,throughput
0.458294,0.013608,0,4.380052
0.472125,0.013456,0,4.429654
0.485805,0.013476,0,4.422975
4.958553,0.022117,1,2.694973
