start,duration,H2D,D2H,D2D,Throughput
0.459206,0.054821,1,0,0,4.349062
0.514249,0.054656,1,0,0,4.362152
0.569132,0.05467,1,0,0,4.361047
0.623844,81.218651,0,0,0,0
81.842558,0.091436,0,1,0,2.607501
