start,duration,H2D,D2H,D2D,Throughput
0.466414,0.003528,1,0,0,4.428919
0.470171,0.003472,1,0,0,4.500519
0.473884,0.003446,1,0,0,4.534666
0.477373,0.170375,0,0,0,0
0.647766,0.005294,0,1,0,2.951257
