start,duration,H2D,D2H,D2D,Throughput
0.475921,0.000565,1,0,0,6.908813
0.476648,0.000558,1,0,0,6.99873
0.477366,0.00055,1,0,0,7.099278
0.47796,0.021794,0,0,0,0
0.499773,0.001066,0,1,0,3.665823
