start,duration,direction,throughput
0.465106,0.022909,0,4.065394
0.488279,0.021559,0,4.319783
0.510106,0.021949,0,4.2431
13.25412,0.034618,1,2.690304
