start,duration,direction,throughput
0.460239,0.007656,0,4.37938
0.468118,0.007482,0,4.481065
0.475827,0.007438,0,4.507436
1.952223,0.012412,1,2.701238
