start,duration,direction,throughput
0.458966,0.003294,0,4.523331
0.462486,0.003248,0,4.588494
0.465956,0.003234,0,4.607199
0.645029,0.005312,1,2.804941
