start,duration,H2D,D2H,D2D,Throughput
0.461663,0.085872,1,0,0,4.338171
0.547763,0.085336,1,0,0,4.365416
0.633323,0.084737,1,0,0,4.396308
0.718102,183.571732,0,0,0,0
184.291878,0.15711,0,1,0,2.371139
