start,duration,direction,throughput
0.475921,0.000565,0,6.908813
0.476648,0.000558,0,6.99873
0.477366,0.00055,0,7.099278
0.499773,0.001066,1,3.665823
