start,duration,direction,throughput
0.466414,0.003528,0,4.428919
0.470171,0.003472,0,4.500519
0.473884,0.003446,0,4.534666
0.647766,0.005294,1,2.951257
