start,duration,H2D,D2H,D2D,Throughput
0.458966,0.003294,1,0,0,4.523331
0.462486,0.003248,1,0,0,4.588494
0.465956,0.003234,1,0,0,4.607199
0.469231,0.175778,0,0,0,0
0.645029,0.005312,0,1,0,2.804941
