start,duration,H2D,D2H,D2D,Throughput
0.458294,0.013608,1,0,0,4.380052
0.472125,0.013456,1,0,0,4.429654
0.485805,0.013476,1,0,0,4.422975
0.499322,4.459172,0,0,0,0
4.958553,0.022117,0,1,0,2.694973
