start,duration,direction,throughput
0.459206,0.054821,0,4.349062
0.514249,0.054656,0,4.362152
0.569132,0.05467,0,4.361047
81.842558,0.091436,1,2.607501
