start,duration,direction,throughput
0.461213,0.030574,0,4.386413
0.49201,0.030539,0,4.391377
0.522777,0.03051,0,4.395555
27.069438,0.05728,1,2.341324
