start,duration,direction,throughput
0.465194,0.010005,0,6.246677
0.475364,0.009977,0,6.264248
0.485506,0.009812,0,6.369787
7.47246,0.023316,1,2.680512
