start,duration,H2D,D2H,D2D,Throughput
0.458847,0.003273,1,0,0,4.553009
0.462342,0.003221,1,0,0,4.626516
0.465603,0.061532,0,0,0,0
0.527152,0.0053,0,1,0,2.81153
