start,duration,direction,throughput
0.46084,0.007558,0,4.436178
0.468623,0.007462,0,4.49302
0.813391,0.012348,1,2.71522
