start,duration,H2D,D2H,D2D,Throughput
0.461039,0.021255,1,0,0,4.381657
0.482518,0.021166,1,0,0,4.400159
0.503725,2.416687,0,0,0,0
2.92048,0.035672,0,1,0,2.610769
