start,duration,H2D,D2H,D2D,Throughput
0.46084,0.007558,1,0,0,4.436178
0.468623,0.007462,1,0,0,4.49302
0.476125,0.337245,0,0,0,0
0.813391,0.012348,0,1,0,2.71522
