start,duration,direction,throughput
0.4743,0.009904,0,6.310598
0.484362,0.009808,0,6.372406
1.190452,0.023086,1,2.707211
