start,duration,direction,throughput
0.461331,0.054904,0,4.342448
0.51648,0.054497,0,4.374884
19.296451,0.091472,1,2.606471
