start,duration,H2D,D2H,D2D,Throughput
0.473626,0.013707,1,0,0,4.348324
0.487557,0.013546,1,0,0,4.400313
0.501145,1.132803,0,0,0,0
1.634042,0.022216,0,1,0,2.682956
