start,duration,H2D,D2H,D2D,Throughput
0.4743,0.009904,1,0,0,6.310598
0.484362,0.009808,1,0,0,6.372406
0.494213,0.696214,0,0,0,0
1.190452,0.023086,0,1,0,2.707211
