start,duration,H2D,D2H,D2D,Throughput
0.457747,0.00346,1,0,0,4.516423
0.461432,0.003429,1,0,0,4.557227
0.464902,0.087638,0,0,0,0
0.552559,0.005345,0,1,0,2.923498
