start,duration,direction,throughput
0.459646,0.000768,0,5.087608
0.460649,0.000752,0,5.194557
0.472664,0.000962,1,4.058927
