start,duration,direction,throughput
0.461039,0.021255,0,4.381657
0.482518,0.021166,0,4.400159
2.92048,0.035672,1,2.610769
