start,duration,H2D,D2H,D2D,Throughput
0.461331,0.054904,1,0,0,4.342448
0.51648,0.054497,1,0,0,4.374884
0.571018,18.725339,0,0,0,0
19.296451,0.091472,0,1,0,2.606471
