start,duration,direction,throughput
0.46917,0.059192,0,6.293589
0.528516,0.059081,0,6.305345
39.202461,0.14677,1,2.538181
