start,duration,direction,throughput
0.458847,0.003273,0,4.553009
0.462342,0.003221,0,4.626516
0.527152,0.0053,1,2.81153
