start,duration,direction,throughput
0.473626,0.013707,0,4.348324
0.487557,0.013546,0,4.400313
1.634042,0.022216,1,2.682956
