start,duration,direction,throughput
0.472306,0.0211,0,6.356005
0.493561,0.021116,0,6.351093
5.456479,0.050636,1,2.648538
