start,duration,H2D,D2H,D2D,Throughput
0.459646,0.000768,1,0,0,5.087608
0.460649,0.000752,1,0,0,5.194557
0.461442,0.0112,0,0,0,0
0.472664,0.000962,0,1,0,4.058927
