start,duration,direction,throughput
0.457747,0.00346,0,4.516423
0.461432,0.003429,0,4.557227
0.552559,0.005345,1,2.923498
