start,duration,direction,throughput
0.462693,1e-06,0,0.061118
0.462925,0.00415,0,4.456419
0.974238,3e-06,1,8.9998
