start,duration,direction,throughput
0.464412,1e-06,0,0.074082
0.464682,0.00832,0,4.423682
1.188598,7e-06,1,9.020781
