start,duration,direction,throughput
0.470055,2e-06,0,0.047936
0.470287,0.104385,0,4.38971
20.088298,2.6e-05,1,11.30811
