start,duration,H2D,D2H,D2D,Throughput
0.462693,1e-06,1,0,0,0.061118
0.462925,0.00415,1,0,0,4.456419
0.46708,0.507157,0,0,0,0
0.974238,3e-06,0,1,0,8.9998
