start,duration,H2D,D2H,D2D,Throughput
0.470055,2e-06,1,0,0,0.047936
0.470287,0.104385,1,0,0,4.38971
0.574684,19.513609,0,0,0,0
20.088298,2.6e-05,0,1,0,11.30811
