start,duration,H2D,D2H,D2D,Throughput
0.465528,1e-06,1,0,0,0.076398
0.465707,0.014518,1,0,0,6.312588
0.480233,0.834479,0,0,0,0
1.314719,2.6e-05,0,1,0,11.691195
