start,duration,direction,throughput
0.46107,1e-06,0,0.061118
0.461237,0.007295,0,6.281393
0.728703,2.5e-05,1,11.855284
