start,duration,H2D,D2H,D2D,Throughput
0.469284,1e-06,1,0,0,0.062685
0.469473,0.001386,1,0,0,6.671611
0.470871,0.127507,0,0,0,0
0.598385,4e-06,0,1,0,7.799827
