start,duration,direction,throughput
0.463355,1e-06,0,0.061118
0.463589,0.021139,0,4.352587
4.944563,6e-06,1,9.98724
