start,duration,H2D,D2H,D2D,Throughput
0.463355,1e-06,1,0,0,0.061118
0.463589,0.021139,1,0,0,4.352587
0.48474,4.459823,0,0,0,0
4.944563,6e-06,0,1,0,9.98724
