start,duration,H2D,D2H,D2D,Throughput
0.464412,1e-06,1,0,0,0.074082
0.464682,0.00832,1,0,0,4.423682
0.473012,0.715582,0,0,0,0
1.188598,7e-06,0,1,0,9.020781
