start,duration,H2D,D2H,D2D,Throughput
0.460724,2e-06,1,0,0,0.044449
0.460957,0.313362,1,0,0,4.383901
0.774329,55.07753,0,0,0,0
55.851861,7.5e-05,0,1,0,11.851177
