start,duration,H2D,D2H,D2D,Throughput
0.46107,1e-06,1,0,0,0.061118
0.461237,0.007295,1,0,0,6.281393
0.468543,0.260153,0,0,0,0
0.728703,2.5e-05,0,1,0,11.855284
