start,duration,direction,throughput
0.469284,1e-06,0,0.062685
0.469473,0.001386,0,6.671611
0.598385,4e-06,1,7.799827
