start,duration,direction,throughput
0.465528,1e-06,0,0.076398
0.465707,0.014518,0,6.312588
1.314719,2.6e-05,1,11.691195
