start,duration,direction,throughput
0.471033,1e-06,0,0.061118
0.471282,0.000921,0,5.021852
0.505198,3e-06,1,9.64927
