start,duration,direction,throughput
0.460724,2e-06,0,0.044449
0.460957,0.313362,0,4.383901
55.851861,7.5e-05,1,11.851177
