start,duration,direction,throughput
0.327622,0.000482,0,8.234454
0.328115,1e-06,0,0.232831
0.329352,0.00144,1,2.757867
