start,duration,H2D,D2H,D2D,Throughput
0.327622,0.000482,1,0,0,8.234454
0.328115,1e-06,1,0,0,0.232831
0.328347,1e-06,0,0,0,0
0.328396,0.000931,0,0,0,0
0.329352,0.00144,0,1,0,2.757867
