start,duration,H2D,D2H,D2D,Throughput
0.323799,2.9e-05,1,0,0,8.500773
0.32384,1e-06,1,0,0,0.17663
0.323899,1e-06,0,0,0,0
0.323949,5.5e-05,0,0,0,0
0.324029,2.7e-05,0,1,0,9.183689
