start,duration,direction,throughput
0.323799,2.9e-05,0,8.500773
0.32384,1e-06,0,0.17663
0.324029,2.7e-05,1,9.183689
