start,duration,direction,throughput
0.323139,2.9e-05,0,8.509923
0.323179,1e-06,0,0.218279
0.323371,2.7e-05,1,9.183689
