start,duration,direction,throughput
0.348355,2.9e-05,0,8.61
0.348395,1e-06,0,0.170742
0.348575,2.7e-05,1,9.175417
