start,duration,H2D,D2H,D2D,Throughput
0.348355,2.9e-05,1,0,0,8.61
0.348395,1e-06,1,0,0,0.170742
0.348441,1e-06,0,0,0,0
0.348491,6e-05,0,0,0,0
0.348575,2.7e-05,0,1,0,9.175417
