start,duration,direction,throughput
0.323882,2.9e-05,0,8.421686
0.323922,1e-06,0,0.205439
0.32413,2.7e-05,1,9.175417
