start,duration,H2D,D2H,D2D,Throughput
0.323882,2.9e-05,1,0,0,8.421686
0.323922,1e-06,1,0,0,0.205439
0.323981,1e-06,0,0,0,0
0.324032,7.2e-05,0,0,0,0
0.32413,2.7e-05,0,1,0,9.175417
