start,duration,direction,throughput
0.324158,2.9e-05,0,8.53385
0.324198,1e-06,0,0.165235
0.32439,2.7e-05,1,9.186379
