start,duration,H2D,D2H,D2D,Throughput
0.324158,2.9e-05,1,0,0,8.53385
0.324198,1e-06,1,0,0,0.165235
0.324256,1e-06,0,0,0,0
0.324305,6.1e-05,0,0,0,0
0.32439,2.7e-05,0,1,0,9.186379
