start,duration,H2D,D2H,D2D,Throughput
0.319922,2.9e-05,1,0,0,8.50553
0.319963,1e-06,1,0,0,0.194026
0.320013,1e-06,0,0,0,0
0.320061,7.3e-05,0,0,0,0
0.320159,2.7e-05,0,1,0,9.186379
