start,duration,direction,throughput
0.319922,2.9e-05,0,8.50553
0.319963,1e-06,0,0.194026
0.320159,2.7e-05,1,9.186379
