start,duration,direction,throughput
0.341126,8e-05,0,9.223272
0.341216,1e-06,0,0.170742
0.341684,8.8e-05,1,8.381127
