start,duration,H2D,D2H,D2D,Throughput
0.341126,8e-05,1,0,0,9.223272
0.341216,1e-06,1,0,0,0.170742
0.341452,1e-06,0,0,0,0
0.341504,0.000155,0,0,0,0
0.341684,8.8e-05,0,1,0,8.381127
