start,duration,H2D,D2H,D2D,Throughput
0.319982,8e-05,1,0,0,9.208467
0.320073,1e-06,1,0,0,0.232831
0.320286,1e-06,0,0,0,0
0.320335,0.000185,0,0,0,0
0.320548,7.6e-05,0,1,0,9.601459
