start,duration,direction,throughput
0.319982,8e-05,0,9.208467
0.320073,1e-06,0,0.232831
0.320548,7.6e-05,1,9.601459
