start,duration,H2D,D2H,D2D,Throughput
0.331787,0.000512,1,0,0,7.751573
0.332311,1e-06,1,0,0,0.170742
0.332551,1e-06,0,0,0,0
0.332602,0.000782,0,0,0,0
0.333412,0.001839,0,1,0,2.160287
