start,duration,direction,throughput
0.331787,0.000512,0,7.751573
0.332311,1e-06,0,0.170742
0.333412,0.001839,1,2.160287
