start,duration,direction,throughput
0.30952,1.1e-05,0,0.001386
0.309542,5e-06,0,0.008222
0.345983,2.4e-05,0,0.001684
0.346021,6e-06,0,0.002551
0.346274,1.7e-05,0,0.000213
0.346327,1.8e-05,1,0.000843
0.351781,1.2e-05,0,2658.217081
0.351879,6e-06,1,0.000619
