start,duration,direction,throughput
0.30975,1.2e-05,0,0.001244
0.309774,5e-06,0,0.008017
0.347514,3.4e-05,0,0.001203
0.347563,6e-06,0,0.002585
0.3478,1.7e-05,0,0.000216
0.347853,1.8e-05,1,0.000843
0.382245,2.1e-05,0,1474.404341
0.382369,7e-06,1,0.00057
