start,duration,H2D,D2H,D2D,Throughput
0.305149,1.2e-05,1,0,0,0.001225
0.305173,5e-06,1,0,0,0.007823
0.488057,2.7e-05,1,0,0,0.00149
0.488105,6e-06,1,0,0,0.002535
0.488631,1.9e-05,1,0,0,0.0002
0.488687,1.9e-05,0,1,0,0.00079
0.492869,1.1e-05,1,0,0,22143.489814
0.492972,6e-06,0,1,0,0.000616
