start,duration,direction,throughput
0.309237,1.3e-05,0,0.001182
0.309262,5e-06,0,0.007419
0.343289,2.8e-05,0,0.001441
0.343331,6e-06,0,0.002694
0.34357,1.8e-05,0,0.000202
0.343627,1.9e-05,1,0.000786
0.344312,8e-06,0,3999.232147
0.344414,6e-06,1,0.00058
