start,duration,direction,throughput
0.296356,2.1e-05,0,0.000719
0.296396,6e-06,0,0.006743
0.329649,2.7e-05,0,0.001535
0.329689,5e-06,0,0.002807
0.32993,1.7e-05,0,0.000214
0.329984,1.9e-05,1,0.00077
0.364298,2.5e-05,0,1267.491381
0.364436,7e-06,1,0.000514
