start,duration,direction,throughput
0.310092,1.2e-05,0,0.001294
0.310114,5e-06,0,0.008224
0.343531,2.8e-05,0,0.00145
0.343573,5e-06,0,0.002914
0.34381,1.9e-05,0,0.000199
0.343866,1.8e-05,1,0.000827
0.344552,7e-06,0,4171.115857
0.344645,6e-06,1,0.000592
