start,duration,H2D,D2H,D2D,Throughput
0.309211,1.1e-05,1,0,0,0.001376
0.309233,4e-06,1,0,0,0.008314
0.345996,2.5e-05,1,0,0,0.001647
0.346037,5e-06,1,0,0,0.002787
0.346279,1.7e-05,1,0,0,0.000219
0.346336,2.6e-05,0,1,0,0.000583
0.347019,8e-06,1,0,0,3889.718696
0.34711,6e-06,0,1,0,0.000654
