start,duration,H2D,D2H,D2D,Throughput
0.309211,1.2e-05,1,0,0,0.001212
0.309235,5e-06,1,0,0,0.008091
0.346639,2.4e-05,1,0,0,0.00174
0.346675,5e-06,1,0,0,0.00306
0.346895,1.7e-05,1,0,0,0.000217
0.346948,1.7e-05,0,1,0,0.000866
0.349343,1e-05,1,0,0,3199.549503
0.349434,6e-06,0,1,0,0.000644
