start,duration,direction,throughput
0.296983,3.7e-05,0,0.000398
0.297036,5e-06,0,0.00681
0.32974,2.4e-05,0,0.001733
0.329777,5e-06,0,0.003264
0.329995,1.7e-05,0,0.000215
0.330046,1.8e-05,1,0.00082
0.363533,2.1e-05,0,1511.341104
0.363656,6e-06,1,0.00058
