start,duration,direction,throughput
0.307952,1.1e-05,0,0.001333
0.307974,5e-06,0,0.007803
0.342905,2.6e-05,0,0.001557
0.342945,5e-06,0,0.002905
0.343169,1.7e-05,0,0.000219
0.343225,3.1e-05,1,0.00048
0.348762,1.9e-05,0,1648.728501
0.348881,7e-06,1,0.000565
