start,duration,direction,throughput
0.307382,3.4e-05,0,0.000433
0.307431,5e-06,0,0.007479
0.341956,2.4e-05,0,0.001716
0.341994,5e-06,0,0.003147
0.34222,1.8e-05,0,0.000206
0.342273,1.8e-05,1,0.000809
0.381686,2.2e-05,0,1430.336873
0.381811,7e-06,1,0.000532
