start,duration,direction,throughput
0.312932,1.1e-05,0,0.001307
0.312955,5e-06,0,0.008079
0.34737,2.4e-05,0,0.001732
0.347408,5e-06,0,0.00304
0.347646,1.6e-05,0,0.000227
0.3477,1.7e-05,1,0.000852
0.353467,2e-05,0,1537.212849
0.353597,7e-06,1,0.000521
