start,duration,H2D,D2H,D2D,Throughput
0.309289,1.1e-05,1,0,0,0.001349
0.309311,4e-06,1,0,0,0.00868
0.345629,4.2e-05,1,0,0,0.000967
0.345692,7e-06,1,0,0,0.002186
0.345978,2e-05,1,0,0,0.000184
0.346049,1.9e-05,0,1,0,0.000769
0.351674,2e-05,1,0,0,1540.623151
0.351796,7e-06,0,1,0,0.000521
