start,duration,H2D,D2H,D2D,Throughput
0.295579,1.2e-05,1,0,0,0.001245
0.295603,5e-06,1,0,0,0.00812
0.475766,2.4e-05,1,0,0,0.001714
0.475803,5e-06,1,0,0,0.002971
0.476316,1.7e-05,1,0,0,0.000216
0.476369,1.7e-05,0,1,0,0.000877
0.48054,1.2e-05,1,0,0,20434.853686
0.480644,6e-06,0,1,0,0.000595
