start,duration,direction,throughput
0.325586,1.4e-05,0,0.001101
0.325611,5e-06,0,0.007681
0.510514,2.7e-05,0,0.00154
0.510557,5e-06,0,0.002798
0.511114,1.9e-05,0,0.000194
0.511172,1.9e-05,1,0.000778
0.517048,1.9e-05,0,13151.665001
0.517162,7e-06,1,0.000571
