start,duration,direction,throughput
0.30915,1.2e-05,0,0.001242
0.309174,5e-06,0,0.007163
0.342134,2.7e-05,0,0.001518
0.342175,6e-06,0,0.002651
0.342399,1.9e-05,0,0.000199
0.342456,1.9e-05,1,0.000774
0.382452,2.5e-05,0,1247.455191
0.382581,7e-06,1,0.000511
