start,duration,direction,throughput
0.295329,1.1e-05,0,0.001328
0.295351,5e-06,0,0.008011
0.328771,2.8e-05,0,0.001449
0.328813,6e-06,0,0.00263
0.329057,1.8e-05,0,0.000208
0.329113,1.8e-05,1,0.000831
0.363567,2.4e-05,0,1321.912014
0.363697,7e-06,1,0.000523
