start,duration,direction,throughput
0.308026,1.1e-05,0,0.001338
0.308048,5e-06,0,0.007913
0.342389,2.7e-05,0,0.001537
0.342429,5e-06,0,0.002962
0.342663,1.8e-05,0,0.000203
0.342718,1.9e-05,1,0.000797
0.343411,8e-06,0,3819.826427
0.343504,6e-06,1,0.000645
