start,duration,direction,throughput
0.325955,1e-06,0,41.4641
0.325965,1e-06,0,190.734863
0.325975,1e-06,0,106.877294
0.326187,1e-06,0,127.156575
0.326265,2e-06,1,38.925482
