start,duration,H2D,D2H,D2D,Throughput
0.327417,1e-06,1,0,0,42.385525
0.327428,1e-06,1,0,0,197.311927
0.327438,1e-06,1,0,0,103.314717
0.327633,3e-06,0,0,0,0
0.327648,1e-06,1,0,0,127.156575
0.327686,2.9e-05,0,0,0,0
0.327718,2e-06,0,1,0,38.925482
