start,duration,H2D,D2H,D2D,Throughput
0.33899,2e-06,1,0,0,37.398993
0.339002,1e-06,1,0,0,190.734863
0.339012,1e-06,1,0,0,103.314717
0.339216,3e-06,0,0,0,0
0.339245,1e-06,1,0,0,127.156575
0.339285,2.9e-05,0,0,0,0
0.339317,2e-06,0,1,0,37.398993
