start,duration,direction,throughput
0.327417,1e-06,0,42.385525
0.327428,1e-06,0,197.311927
0.327438,1e-06,0,103.314717
0.327648,1e-06,0,127.156575
0.327718,2e-06,1,38.925482
