start,duration,direction,throughput
0.328454,2e-06,0,40.581885
0.328465,1e-06,0,197.311927
0.328474,1e-06,0,106.877294
0.328686,1e-06,0,131.541285
0.328755,2e-06,1,39.736429
