start,duration,H2D,D2H,D2D,Throughput
0.327499,2e-06,1,0,0,39.736429
0.327509,1e-06,1,0,0,190.734863
0.327519,1e-06,1,0,0,106.877294
0.327716,3e-06,0,0,0,0
0.32773,1e-06,1,0,0,131.541285
0.327769,2.9e-05,0,0,0,0
0.327799,2e-06,0,1,0,38.146973
