start,duration,H2D,D2H,D2D,Throughput
0.325955,1e-06,1,0,0,41.4641
0.325965,1e-06,1,0,0,190.734863
0.325975,1e-06,1,0,0,106.877294
0.326172,3e-06,0,0,0,0
0.326187,1e-06,1,0,0,127.156575
0.326226,2.9e-05,0,0,0,0
0.326265,2e-06,0,1,0,38.925482
