start,duration,H2D,D2H,D2D,Throughput
0.328454,2e-06,1,0,0,40.581885
0.328465,1e-06,1,0,0,197.311927
0.328474,1e-06,1,0,0,106.877294
0.328672,3e-06,0,0,0,0
0.328686,1e-06,1,0,0,131.541285
0.328725,2.9e-05,0,0,0,0
0.328755,2e-06,0,1,0,39.736429
