start,duration,H2D,D2H,D2D,Throughput
0.321754,1e-06,1,0,0,41.4641
0.321765,1e-06,1,0,0,190.734863
0.321774,1e-06,1,0,0,106.877294
0.321967,3e-06,0,0,0,0
0.321981,1e-06,1,0,0,131.541285
0.322019,3e-05,0,0,0,0
0.322058,2e-06,0,1,0,38.925482
