start,duration,H2D,D2H,D2D,Throughput
0.323747,2e-06,1,0,0,40.581885
0.323759,1e-06,1,0,0,197.311927
0.323768,1e-06,1,0,0,103.314717
0.323973,3e-06,0,0,0,0
0.323988,1e-06,1,0,0,127.156575
0.324026,2.9e-05,0,0,0,0
0.324058,2e-06,0,1,0,38.925482
