start,duration,direction,throughput
0.327499,2e-06,0,39.736429
0.327509,1e-06,0,190.734863
0.327519,1e-06,0,106.877294
0.32773,1e-06,0,131.541285
0.327799,2e-06,1,38.146973
