start,duration,direction,throughput
0.323747,2e-06,0,40.581885
0.323759,1e-06,0,197.311927
0.323768,1e-06,0,103.314717
0.323988,1e-06,0,127.156575
0.324058,2e-06,1,38.925482
