start,duration,direction,throughput
0.33899,2e-06,0,37.398993
0.339002,1e-06,0,190.734863
0.339012,1e-06,0,103.314717
0.339245,1e-06,0,127.156575
0.339317,2e-06,1,37.398993
