start,duration,direction,throughput
0.326248,1e-06,0,41.4641
0.326258,1e-06,0,190.734863
0.326268,1e-06,0,106.877294
0.326472,1e-06,0,131.541285
0.326542,2e-06,1,38.146973
