start,duration,direction,throughput
0.321648,2e-06,0,36.679781
0.32166,1e-06,0,190.734863
0.32167,1e-06,0,103.314717
0.321883,1e-06,0,127.156575
0.321953,2e-06,1,34.059796
