start,duration,direction,throughput
0.324437,1e-06,0,41.4641
0.324447,1e-06,0,190.734863
0.324457,1e-06,0,106.877294
0.324663,1e-06,0,127.156575
0.324734,2e-06,1,38.925482
