start,duration,H2D,D2H,D2D,Throughput
0.321648,2e-06,1,0,0,36.679781
0.32166,1e-06,1,0,0,190.734863
0.32167,1e-06,1,0,0,103.314717
0.321868,3e-06,0,0,0,0
0.321883,1e-06,1,0,0,127.156575
0.32192,3e-05,0,0,0,0
0.321953,2e-06,0,1,0,34.059796
