start,duration,direction,throughput
0.327646,2e-06,0,62.088171
0.327655,1e-06,0,10.276663
0.327858,1e-06,0,6.478765
0.898311,2e-06,1,3.82081
