start,duration,H2D,D2H,D2D,Throughput
0.327646,2e-06,1,0,0,62.088171
0.327655,1e-06,1,0,0,10.276663
0.327858,1e-06,1,0,0,6.478765
0.327897,0.570395,0,0,0,0
0.898311,2e-06,0,1,0,3.82081
