start,duration,H2D,D2H,D2D,Throughput
0.347438,1e-06,1,0,0,169.5421
0.347546,0.000114,0,0,0,0
