start,duration,H2D,D2H,D2D,Throughput
0.350471,2e-06,1,0,0,162.327542
0.35061,0.000112,0,0,0,0
