start,duration,H2D,D2H,D2D,Throughput
0.346904,2e-06,1,0,0,149.595971
0.347009,0.00011,0,0,0,0
