start,duration,H2D,D2H,D2D,Throughput
0.324164,1e-05,1,0,0,4.881933
0.324202,4.3e-05,0,0,0,0
