start,duration,H2D,D2H,D2D,Throughput
0.32859,1e-05,1,0,0,4.945749
0.328631,4.4e-05,0,0,0,0
