start,duration,H2D,D2H,D2D,Throughput
0.327413,1e-05,1,0,0,4.945749
0.327452,4.3e-05,0,0,0,0
