start,duration,H2D,D2H,D2D,Throughput
0.337081,2e-06,1,0,0,155.701929
0.337203,0.000111,0,0,0,0
