start,duration,H2D,D2H,D2D,Throughput
0.327465,1e-05,1,0,0,4.945749
0.327506,4.4e-05,0,0,0,0
