start,duration,H2D,D2H,D2D,Throughput
0.331019,1e-05,1,0,0,4.945749
0.331055,4.4e-05,0,0,0,0
