start,duration,H2D,D2H,D2D,Throughput
0.335194,2e-06,1,0,0,162.219684
0.335384,0.000112,0,0,0,0
