start,duration,H2D,D2H,D2D,Throughput
0.351221,2e-06,1,0,0,155.701929
0.351287,0.00013,0,0,0,0
