start,duration,H2D,D2H,D2D,Throughput
0.342024,2e-06,1,0,0,152.587891
0.342146,0.000112,0,0,0,0
