start,duration,H2D,D2H,D2D,Throughput
0.346234,2e-06,1,0,0,162.327542
0.346368,0.000112,0,0,0,0
