start,duration,H2D,D2H,D2D,Throughput
0.339737,2e-06,1,0,0,158.945719
0.339846,0.00011,0,0,0,0
