start,duration,H2D,D2H,D2D,Throughput
0.347657,1e-06,1,0,0,169.5421
0.347764,0.000111,0,0,0,0
