start,duration,direction,throughput
0.324248,2e-06,0,1.719364
0.324258,1e-06,0,7.193664
24.94091,2e-06,1,8.669766
