start,duration,H2D,D2H,D2D,Throughput
0.324248,2e-06,1,0,0,1.719364
0.324258,1e-06,1,0,0,7.193664
0.324304,24.61639,0,0,0,0
24.94091,2e-06,0,1,0,8.669766
