start,duration,direction,throughput
0.327029,2e-06,0,2.536367
0.327039,1e-06,0,7.450581
167.051134,2e-06,1,8.22133
