start,duration,H2D,D2H,D2D,Throughput
0.327029,2e-06,1,0,0,2.536367
0.327039,1e-06,1,0,0,7.450581
0.327082,166.723862,0,0,0,0
167.051134,2e-06,0,1,0,8.22133
