start,duration,H2D,D2H,D2D,Throughput
0.325787,2e-06,1,0,0,2.536367
0.325796,1e-06,1,0,0,7.193664
0.325841,166.694547,0,0,0,0
167.020574,2e-06,0,1,0,8.830317
