start,duration,direction,throughput
0.325787,2e-06,0,2.536367
0.325796,1e-06,0,7.193664
167.020574,2e-06,1,8.830317
