start,duration,direction,throughput
0.318729,1e-06,0,1.943629
0.318739,1e-06,0,7.450581
25.004253,2e-06,1,8.830317
