start,duration,H2D,D2H,D2D,Throughput
0.318729,1e-06,1,0,0,1.943629
0.318739,1e-06,1,0,0,7.450581
0.318779,24.685338,0,0,0,0
25.004253,2e-06,0,1,0,8.830317
