start,duration,direction,throughput
0.328964,2e-06,0,2.384186
0.328974,1e-06,0,7.193664
166.965329,2e-06,1,8.830317
