start,duration,H2D,D2H,D2D,Throughput
0.328964,2e-06,1,0,0,2.384186
0.328974,1e-06,1,0,0,7.193664
0.329021,166.636016,0,0,0,0
166.965329,2e-06,0,1,0,8.830317
