start,duration,direction,throughput
0.341767,2e-06,0,2.384186
0.341778,1e-06,0,7.193664
167.034512,2e-06,1,7.817002
