start,duration,H2D,D2H,D2D,Throughput
0.323918,2e-06,1,0,0,2.536367
0.323928,1e-06,1,0,0,7.193664
0.323974,166.65872,0,0,0,0
166.982942,2e-06,0,1,0,8.514949
