start,duration,direction,throughput
0.323918,2e-06,0,2.536367
0.323928,1e-06,0,7.193664
166.982942,2e-06,1,8.514949
