start,duration,H2D,D2H,D2D,Throughput
0.308649,2e-06,1,0,0,2.432842
0.308658,1e-06,1,0,0,7.726527
0.308702,164.441069,0,0,0,0
164.749972,2e-06,0,1,0,8.081985
