start,duration,direction,throughput
0.308649,2e-06,0,2.432842
0.308658,1e-06,0,7.726527
164.749972,2e-06,1,8.081985
