start,duration,H2D,D2H,D2D,Throughput
0.33927,2e-06,1,0,0,2.483526
0.33928,1e-06,1,0,0,7.450581
0.339326,166.72974,0,0,0,0
167.069374,2e-06,0,1,0,8.22133
