start,duration,direction,throughput
0.33927,2e-06,0,2.483526
0.33928,1e-06,0,7.450581
167.069374,2e-06,1,8.22133
