start,duration,H2D,D2H,D2D,Throughput
0.324832,2e-06,1,0,0,2.292486
0.324843,1e-06,1,0,0,6.953875
0.324885,166.628117,0,0,0,0
166.953182,2e-06,0,1,0,8.365563
