start,duration,direction,throughput
0.324832,2e-06,0,2.292486
0.324843,1e-06,0,6.953875
166.953182,2e-06,1,8.365563
