start,duration,H2D,D2H,D2D,Throughput
0.309793,3e-06,0,0,0,0
0.309801,2e-06,0,0,0,0
0.309821,1e-06,1,0,0,32.885321
0.309836,1e-06,1,0,0,8.22133
0.309845,1e-06,1,0,0,4.110664
0.309854,1e-06,1,0,0,2.055332
0.309863,1e-06,1,0,0,2.055332
0.316533,0.31072,0,0,0,0
0.627282,2e-06,0,1,0,1.70299
