start,duration,direction,throughput
0.330052,0.000389,0,7.186112
0.548182,2e-06,1,0.003528
