start,duration,threads_x,threads_y,threads_z
0.530631,1.661758,75264.0,1.0,1.0
2.192599,3.8e-05,128.0,1.0,1.0
2.192681,3.2e-05,768.0,1.0,1.0
2.192755,5.6e-05,17664.0,1.0,1.0
2.192853,0.001088,457088.0,1.0,1.0
2.193984,0.026587,1310720.0,1.0,1.0
