start,duration,direction,throughput
0.330424,0.000537,0,6.934424
0.610112,2e-06,1,0.003424
