start,duration,direction,throughput
0.524926,2e-06,0,0.009908
0.524936,1e-06,0,1.034803
0.524945,1e-06,0,0.026093
0.525103,0.005709,0,7.847573
0.530814,3e-06,0,0.023283
2.203995,2e-06,1,0.03582
2.204129,1e-06,1,0.044349
2.204204,1e-06,1,0.044349
2.204302,2e-06,1,0.039631
2.204542,2e-06,1,0.039631
2.205892,1e-06,1,0.040492
