start,duration,direction,throughput
0.584248,2e-06,0,0.009701
0.584261,1e-06,0,1.034803
0.584271,1e-06,0,0.026093
0.584429,0.00575,0,7.792039
0.590182,3e-06,0,0.023283
2.347968,2e-06,1,0.034493
2.348083,1e-06,1,0.042333
2.348158,1e-06,1,0.042333
2.348256,2e-06,1,0.038805
2.34854,2e-06,1,0.039631
2.350332,2e-06,1,0.037253
