start,duration,threads_x,threads_y,threads_z
0.530911,1.672956,75264.0,1.0,1.0
2.204079,3.7e-05,128.0,1.0,1.0
2.20416,3.3e-05,768.0,1.0,1.0
2.204235,5.5e-05,17664.0,1.0,1.0
2.204331,0.000201,457088.0,1.0,1.0
2.20457,0.001311,1310720.0,1.0,1.0
