start,duration,threads_x,threads_y,threads_z
0.519166,1.662569,75264.0,1.0,1.0
2.181867,3.7e-05,128.0,1.0,1.0
2.181949,3.3e-05,768.0,1.0,1.0
2.182026,5.5e-05,17664.0,1.0,1.0
2.18212,0.001088,457088.0,1.0,1.0
2.183249,0.026592,1310720.0,1.0,1.0
