start,duration,direction,throughput
0.319326,0.000553,0,8.427069
0.660939,2e-06,1,0.003528
