start,duration,threads_x,threads_y,threads_z
0.539619,1.759282,75264.0,1.0,1.0
2.299212,3.7e-05,128.0,1.0,1.0
2.299305,3.2e-05,768.0,1.0,1.0
2.299389,5.5e-05,17664.0,1.0,1.0
2.299486,0.000235,457088.0,1.0,1.0
2.299761,0.001732,1310720.0,1.0,1.0
