start,duration,direction,throughput
0.527432,2e-06,0,0.009701
0.527443,1e-06,0,1.064369
0.527452,1e-06,0,0.026093
0.527625,0.005845,0,7.665226
0.533472,2e-06,0,0.028656
2.259746,2e-06,1,0.03582
2.259885,1e-06,1,0.044349
2.259959,2e-06,1,0.036522
2.260054,2e-06,1,0.038013
2.261181,1e-06,1,0.040492
2.287859,2e-06,1,0.033262
