start,duration,threads_x,threads_y,threads_z
0.533574,1.726049,75264.0,1.0,1.0
2.259836,3.7e-05,128.0,1.0,1.0
2.259915,3.2e-05,768.0,1.0,1.0
2.259988,5.4e-05,17664.0,1.0,1.0
2.26008,0.001089,457088.0,1.0,1.0
2.261209,0.026639,1310720.0,1.0,1.0
