start,duration,threads_x,threads_y,threads_z
0.536253,1.691243,75264.0,1.0,1.0
2.227704,3.8e-05,128.0,1.0,1.0
2.227784,3.3e-05,768.0,1.0,1.0
2.227862,5.5e-05,17664.0,1.0,1.0
2.227956,0.00024,457088.0,1.0,1.0
2.228234,0.001736,1310720.0,1.0,1.0
