start,duration,threads_x,threads_y,threads_z
0.536346,1.757655,75264.0,1.0,1.0
2.294135,3.8e-05,128.0,1.0,1.0
2.294217,3.2e-05,768.0,1.0,1.0
2.294294,5.5e-05,17664.0,1.0,1.0
2.294392,0.00109,457088.0,1.0,1.0
2.295526,0.026629,1310720.0,1.0,1.0
