start,duration,direction,throughput
0.524603,2e-06,0,0.008955
0.524617,1e-06,0,1.034803
0.524626,1e-06,0,0.026093
0.524784,0.005744,0,7.79974
0.53053,3e-06,0,0.023578
2.192513,2e-06,1,0.035144
2.19265,1e-06,1,0.042333
2.192726,2e-06,1,0.037253
2.192823,1e-06,1,0.040492
2.193953,1e-06,1,0.040492
2.220582,2e-06,1,0.032115
