start,duration,H2D,D2H,D2D,Throughput
0.322938,0.001107,1,0,0,6.728596
0.324825,0.519708,0,0,0,0
0.844578,2e-06,0,1,0,0.003528
