start,duration,H2D,D2H,D2D,Throughput
0.330052,0.000389,1,0,0,7.186112
0.330894,0.217165,0,0,0,0
0.548182,2e-06,0,1,0,0.003528
