start,duration,direction,throughput
0.309821,1e-06,0,32.885321
0.309836,1e-06,0,8.22133
0.309845,1e-06,0,4.110664
0.309854,1e-06,0,2.055332
0.309863,1e-06,0,2.055332
0.627282,2e-06,1,1.70299
