start,duration,direction,throughput
0.322387,0.000803,0,8.115616
0.785137,2e-06,1,0.003528
