start,duration,H2D,D2H,D2D,Throughput
0.329332,0.000233,1,0,0,8.004319
0.329963,0.154968,0,0,0,0
0.484982,2e-06,0,1,0,0.003528
