start,duration,direction,throughput
0.530242,2e-06,0,0.009908
0.530254,1e-06,0,1.064369
0.530264,1e-06,0,0.026093
0.530422,0.005728,0,7.821175
0.536152,2e-06,0,0.02587
2.227621,2e-06,1,0.036522
2.227755,1e-06,1,0.044349
2.22783,1e-06,1,0.044349
2.227928,1e-06,1,0.040492
2.228207,1e-06,1,0.040492
2.229981,1e-06,1,0.040492
