start,duration,H2D,D2H,D2D,Throughput
0.332368,0.000971,1,0,0,6.712338
0.334064,0.461482,0,0,0,0
0.795599,2e-06,0,1,0,0.003528
