start,duration,H2D,D2H,D2D,Throughput
0.322387,0.000803,1,0,0,8.115616
0.323882,0.461206,0,0,0,0
0.785137,2e-06,0,1,0,0.003528
