start,duration,H2D,D2H,D2D,Throughput
0.330424,0.000537,1,0,0,6.934424
0.331479,0.278582,0,0,0,0
0.610112,2e-06,0,1,0,0.003424
