start,duration,direction,throughput
0.513723,2e-06,0,0.009908
0.513735,1e-06,0,1.064369
0.513743,1e-06,0,0.027025
0.513896,0.005185,0,8.640856
0.519084,2e-06,0,0.02419
2.181797,2e-06,1,0.035144
2.181918,1e-06,1,0.042333
2.181994,2e-06,1,0.034493
2.182092,2e-06,1,0.038805
2.18322,2e-06,1,0.038805
2.209854,2e-06,1,0.03582
