start,duration,H2D,D2H,D2D,Throughput
0.327764,0.000807,1,0,0,6.928367
0.329219,0.400878,0,0,0,0
0.730149,2e-06,0,1,0,0.003582
