start,duration,direction,throughput
0.331036,0.0001,0,9.301227
0.424544,2e-06,1,0.003528
