start,duration,direction,throughput
0.32384,0.000135,0,9.140087
0.438988,2e-06,1,0.003528
