start,duration,H2D,D2H,D2D,Throughput
0.32384,0.000135,1,0,0,9.140087
0.324319,0.11462,0,0,0,0
0.438988,2e-06,0,1,0,0.003528
