start,duration,direction,throughput
0.322938,0.001107,0,6.728596
0.844578,2e-06,1,0.003528
