start,duration,direction,throughput
0.327764,0.000807,0,6.928367
0.730149,2e-06,1,0.003582
