start,duration,threads_x,threads_y,threads_z
0.533101,1.690022,75264.0,1.0,1.0
2.223263,3.8e-05,128.0,1.0,1.0
2.223347,3.2e-05,768.0,1.0,1.0
2.223428,5.6e-05,17664.0,1.0,1.0
2.223527,0.000241,457088.0,1.0,1.0
2.22381,0.00173,1310720.0,1.0,1.0
