start,duration,H2D,D2H,D2D,Throughput
0.331036,0.0001,1,0,0,9.301227
0.331454,0.093038,0,0,0,0
0.424544,2e-06,0,1,0,0.003528
