start,duration,direction,throughput
0.533498,2e-06,0,0.009701
0.533511,1e-06,0,1.034803
0.533521,1e-06,0,0.026093
0.533687,0.005828,0,7.687768
0.539517,2e-06,0,0.02419
2.299077,2e-06,1,0.036522
2.299268,1e-06,1,0.044349
2.299349,1e-06,1,0.044349
2.299455,1e-06,1,0.040492
2.299731,1e-06,1,0.040492
2.301505,2e-06,1,0.039631
