start,duration,H2D,D2H,D2D,Throughput
0.319326,0.000553,1,0,0,8.427069
0.320449,0.34044,0,0,0,0
0.660939,2e-06,0,1,0,0.003528
