start,duration,direction,throughput
0.332368,0.000971,0,6.712338
0.795599,2e-06,1,0.003528
