start,duration,direction,throughput
0.329332,0.000233,0,8.004319
0.484982,2e-06,1,0.003528
