start,duration,H2D,D2H,D2D,Throughput
0.307005,5.2e-05,1,0,0,2.724085
0.307061,6.5e-05,1,0,0,2.153287
0.307131,2.6e-05,1,0,0,0.02817
0.307159,1.9e-05,1,0,0,1.22333
