start,duration,direction,throughput
0.312792,0.001103,0,6.751827
1.123298,0.001402,1,2.657816
