start,duration,direction,throughput
0.327769,2e-06,0,2.007161
0.329122,2e-06,1,0.895502
