start,duration,direction,throughput
0.328845,2e-06,0,3.104409
0.330687,3e-06,1,1.402594
