start,duration,H2D,D2H,D2D,Throughput
0.311959,0.000406,1,0,0,9.177332
0.312515,0.401071,0,0,0,0
0.713605,0.000197,0,1,0,9.440053
