start,duration,direction,throughput
0.318873,8e-06,0,4.790754
0.323668,4e-06,1,4.694166
