start,duration,H2D,D2H,D2D,Throughput
0.328845,2e-06,1,0,0,3.104409
0.32907,0.0016,0,0,0,0
0.330687,3e-06,0,1,0,1.402594
