start,duration,direction,throughput
0.329616,2e-06,0,486.568528
0.330673,2e-06,1,183.398907
