start,duration,H2D,D2H,D2D,Throughput
0.312792,0.001103,1,0,0,6.751827
0.314246,0.809021,0,0,0,0
1.123298,0.001402,0,1,0,2.657816
