start,duration,H2D,D2H,D2D,Throughput
0.311791,8e-05,1,0,0,9.265047
0.312007,0.080453,0,0,0,0
0.392477,4e-05,0,1,0,9.239311
