start,duration,H2D,D2H,D2D,Throughput
0.329616,2e-06,1,0,0,486.568528
0.32967,0.000985,0,0,0,0
0.330673,2e-06,0,1,0,183.398907
