start,duration,direction,throughput
0.313722,4.2e-05,0,8.961919
0.354342,2.1e-05,1,8.687711
