start,duration,direction,throughput
0.311959,0.000406,0,9.177332
0.713605,0.000197,1,9.440053
