start,duration,H2D,D2H,D2D,Throughput
0.327769,2e-06,1,0,0,2.007161
0.32782,0.001271,0,0,0,0
0.329122,2e-06,0,1,0,0.895502
