start,duration,direction,throughput
0.311791,8e-05,0,9.265047
0.392477,4e-05,1,9.239311
