start,duration,H2D,D2H,D2D,Throughput
0.318873,8e-06,1,0,0,4.790754
0.318928,0.004723,0,0,0,0
0.323668,4e-06,0,1,0,4.694166
