start,duration,H2D,D2H,D2D,Throughput
0.313722,4.2e-05,1,0,0,8.961919
0.313934,0.04039,0,0,0,0
0.354342,2.1e-05,0,1,0,8.687711
