start,duration,H2D,D2H,D2D,Throughput
0.323231,1.1e-05,1,0,0,6.614507
0.323442,0.008514,0,0,0,0
0.331973,6e-06,0,1,0,5.763135
