start,duration,direction,throughput
0.323231,1.1e-05,0,6.614507
0.331973,6e-06,1,5.763135
